job_id,dataset,method,trajectory,seed,normalization_policy,pass_count,learning_rate,absolute_hysteresis,update_induced_hysteresis,target_accuracy,return_accuracy,parameter_drift
trajectory_ablation_gpu_v1_cifar10_s00_cotta_ABABA_bn_affine_frozen_stats_p1_lr0.0001_v1,cifar10,cotta,A-B-A-B-A,0,bn_affine_frozen_stats,1,0.0001,0.0008000000000000229,0.0008000000000000229,0.6774666666666667,0.8593,0.04015941545367241
trajectory_ablation_gpu_v1_cifar10_s00_cotta_ABABA_bn_affine_frozen_stats_p1_lr0.001_v1,cifar10,cotta,A-B-A-B-A,0,bn_affine_frozen_stats,1,0.001,0.0040999999999999925,0.0040999999999999925,0.6743,0.856,0.286050409078598
trajectory_ablation_gpu_v1_cifar10_s00_cotta_ABABA_bn_affine_frozen_stats_p1_lr0.01_v1,cifar10,cotta,A-B-A-B-A,0,bn_affine_frozen_stats,1,0.01,0.03289999999999993,0.03289999999999993,0.6788666666666666,0.8272,1.1149886846542358
trajectory_ablation_gpu_v1_cifar10_s00_cotta_ABABA_bn_affine_frozen_stats_p2_lr0.0001_v1,cifar10,cotta,A-B-A-B-A,0,bn_affine_frozen_stats,2,0.0001,0.0012999999999999678,0.0012999999999999678,0.67645,0.8588,0.04272671788930893
trajectory_ablation_gpu_v1_cifar10_s00_cotta_ABABA_bn_affine_frozen_stats_p2_lr0.001_v1,cifar10,cotta,A-B-A-B-A,0,bn_affine_frozen_stats,2,0.001,0.006099999999999994,0.006099999999999994,0.6717333333333333,0.854,0.2979978919029236
trajectory_ablation_gpu_v1_cifar10_s00_cotta_ABABA_bn_affine_frozen_stats_p2_lr0.01_v1,cifar10,cotta,A-B-A-B-A,0,bn_affine_frozen_stats,2,0.01,0.0403,0.0403,0.6759166666666667,0.8198,1.2533997297286987
trajectory_ablation_gpu_v1_cifar10_s00_cotta_ABABA_bn_affine_frozen_stats_p4_lr0.0001_v1,cifar10,cotta,A-B-A-B-A,0,bn_affine_frozen_stats,4,0.0001,0.0013999999999999568,0.0013999999999999568,0.6748416666666667,0.8587,0.04464232921600342
trajectory_ablation_gpu_v1_cifar10_s00_cotta_ABABA_bn_affine_frozen_stats_p4_lr0.001_v1,cifar10,cotta,A-B-A-B-A,0,bn_affine_frozen_stats,4,0.001,0.016199999999999992,0.016199999999999992,0.6627666666666666,0.8439,0.3114311099052429
trajectory_ablation_gpu_v1_cifar10_s00_cotta_ABABA_bn_affine_frozen_stats_p4_lr0.01_v1,cifar10,cotta,A-B-A-B-A,0,bn_affine_frozen_stats,4,0.01,0.1068,0.1068,0.6598333333333334,0.7533,1.38352632522583
trajectory_ablation_gpu_v1_cifar10_s00_cotta_ABA_bn_affine_frozen_stats_p1_lr0.0001_v1,cifar10,cotta,A-B-A,0,bn_affine_frozen_stats,1,0.0001,0.0008000000000000229,0.0008000000000000229,0.5874,0.8593,0.033469486981630325
trajectory_ablation_gpu_v1_cifar10_s00_cotta_ABA_bn_affine_frozen_stats_p1_lr0.001_v1,cifar10,cotta,A-B-A,0,bn_affine_frozen_stats,1,0.001,0.0022999999999999687,0.0022999999999999687,0.5838,0.8578,0.23758536577224731
trajectory_ablation_gpu_v1_cifar10_s00_cotta_ABA_bn_affine_frozen_stats_p1_lr0.01_v1,cifar10,cotta,A-B-A,0,bn_affine_frozen_stats,1,0.01,0.013299999999999979,0.013299999999999979,0.5879,0.8468,0.9666815996170044
trajectory_ablation_gpu_v1_cifar10_s00_cotta_ABA_bn_affine_frozen_stats_p2_lr0.0001_v1,cifar10,cotta,A-B-A,0,bn_affine_frozen_stats,2,0.0001,0.00039999999999995595,0.00039999999999995595,0.5868,0.8597,0.034544169902801514
trajectory_ablation_gpu_v1_cifar10_s00_cotta_ABA_bn_affine_frozen_stats_p2_lr0.001_v1,cifar10,cotta,A-B-A,0,bn_affine_frozen_stats,2,0.001,0.0030000000000000027,0.0030000000000000027,0.58265,0.8571,0.24917930364608765
trajectory_ablation_gpu_v1_cifar10_s00_cotta_ABA_bn_affine_frozen_stats_p2_lr0.01_v1,cifar10,cotta,A-B-A,0,bn_affine_frozen_stats,2,0.01,0.019499999999999962,0.019499999999999962,0.59255,0.8406,1.0515645742416382
trajectory_ablation_gpu_v1_cifar10_s00_cotta_ABA_bn_affine_frozen_stats_p4_lr0.0001_v1,cifar10,cotta,A-B-A,0,bn_affine_frozen_stats,4,0.0001,0.0010000000000000009,0.0010000000000000009,0.585225,0.8591,0.03863082453608513
trajectory_ablation_gpu_v1_cifar10_s00_cotta_ABA_bn_affine_frozen_stats_p4_lr0.001_v1,cifar10,cotta,A-B-A,0,bn_affine_frozen_stats,4,0.001,0.006000000000000005,0.006000000000000005,0.578625,0.8541,0.2675985097885132
trajectory_ablation_gpu_v1_cifar10_s00_cotta_ABA_bn_affine_frozen_stats_p4_lr0.01_v1,cifar10,cotta,A-B-A,0,bn_affine_frozen_stats,4,0.01,0.034399999999999986,0.034399999999999986,0.59225,0.8257,1.1932287216186523
trajectory_ablation_gpu_v1_cifar10_s00_cotta_ABCA_bn_affine_frozen_stats_p1_lr0.0001_v1,cifar10,cotta,A-B-C-A,0,bn_affine_frozen_stats,1,0.0001,-0.0006000000000000449,-0.0006000000000000449,0.66625,0.8607,0.028100060299038887
trajectory_ablation_gpu_v1_cifar10_s00_cotta_ABCA_bn_affine_frozen_stats_p1_lr0.001_v1,cifar10,cotta,A-B-C-A,0,bn_affine_frozen_stats,1,0.001,0.0009000000000000119,0.0009000000000000119,0.6643,0.8592,0.2159983515739441
trajectory_ablation_gpu_v1_cifar10_s00_cotta_ABCA_bn_affine_frozen_stats_p1_lr0.01_v1,cifar10,cotta,A-B-C-A,0,bn_affine_frozen_stats,1,0.01,0.006900000000000017,0.006900000000000017,0.66455,0.8532,1.0116205215454102
trajectory_ablation_gpu_v1_cifar10_s00_cotta_ABCA_bn_affine_frozen_stats_p2_lr0.0001_v1,cifar10,cotta,A-B-C-A,0,bn_affine_frozen_stats,2,0.0001,-0.000500000000000056,-0.000500000000000056,0.66525,0.8606,0.031235402449965477
trajectory_ablation_gpu_v1_cifar10_s00_cotta_ABCA_bn_affine_frozen_stats_p2_lr0.001_v1,cifar10,cotta,A-B-C-A,0,bn_affine_frozen_stats,2,0.001,0.0020999999999999908,0.0020999999999999908,0.66115,0.858,0.23541347682476044
trajectory_ablation_gpu_v1_cifar10_s00_cotta_ABCA_bn_affine_frozen_stats_p2_lr0.01_v1,cifar10,cotta,A-B-C-A,0,bn_affine_frozen_stats,2,0.01,0.011299999999999977,0.011299999999999977,0.661675,0.8488,1.1721408367156982
trajectory_ablation_gpu_v1_cifar10_s00_cotta_ABCA_bn_affine_frozen_stats_p4_lr0.0001_v1,cifar10,cotta,A-B-C-A,0,bn_affine_frozen_stats,4,0.0001,-0.0010000000000000009,-0.0010000000000000009,0.6638875,0.8611,0.034319646656513214
trajectory_ablation_gpu_v1_cifar10_s00_cotta_ABCA_bn_affine_frozen_stats_p4_lr0.001_v1,cifar10,cotta,A-B-C-A,0,bn_affine_frozen_stats,4,0.001,0.008399999999999963,0.008399999999999963,0.654475,0.8517,0.26845139265060425
trajectory_ablation_gpu_v1_cifar10_s00_cotta_ABCA_bn_affine_frozen_stats_p4_lr0.01_v1,cifar10,cotta,A-B-C-A,0,bn_affine_frozen_stats,4,0.01,0.016900000000000026,0.016900000000000026,0.6501875,0.8432,1.386012315750122
trajectory_ablation_gpu_v1_cifar10_s00_cotta_ACBA_bn_affine_frozen_stats_p1_lr0.0001_v1,cifar10,cotta,A-C-B-A,0,bn_affine_frozen_stats,1,0.0001,0.0005999999999999339,0.0005999999999999339,0.66435,0.8595,0.034603849053382874
trajectory_ablation_gpu_v1_cifar10_s00_cotta_ACBA_bn_affine_frozen_stats_p1_lr0.001_v1,cifar10,cotta,A-C-B-A,0,bn_affine_frozen_stats,1,0.001,0.0025999999999999357,0.0025999999999999357,0.66125,0.8575,0.2455550581216812
trajectory_ablation_gpu_v1_cifar10_s00_cotta_ACBA_bn_affine_frozen_stats_p1_lr0.01_v1,cifar10,cotta,A-C-B-A,0,bn_affine_frozen_stats,1,0.01,0.019499999999999962,0.019499999999999962,0.63945,0.8406,0.9130825400352478
trajectory_ablation_gpu_v1_cifar10_s00_cotta_ACBA_bn_affine_frozen_stats_p2_lr0.0001_v1,cifar10,cotta,A-C-B-A,0,bn_affine_frozen_stats,2,0.0001,0.0010999999999999899,0.0010999999999999899,0.663525,0.859,0.037296123802661896
trajectory_ablation_gpu_v1_cifar10_s00_cotta_ACBA_bn_affine_frozen_stats_p2_lr0.001_v1,cifar10,cotta,A-C-B-A,0,bn_affine_frozen_stats,2,0.001,0.005599999999999938,0.005599999999999938,0.6577,0.8545,0.26358428597450256
trajectory_ablation_gpu_v1_cifar10_s00_cotta_ACBA_bn_affine_frozen_stats_p2_lr0.01_v1,cifar10,cotta,A-C-B-A,0,bn_affine_frozen_stats,2,0.01,0.036699999999999955,0.036699999999999955,0.64,0.8234,1.081285834312439
trajectory_ablation_gpu_v1_cifar10_s00_cotta_ACBA_bn_affine_frozen_stats_p4_lr0.0001_v1,cifar10,cotta,A-C-B-A,0,bn_affine_frozen_stats,4,0.0001,0.0010000000000000009,0.0010000000000000009,0.6626125,0.8591,0.04025435447692871
trajectory_ablation_gpu_v1_cifar10_s00_cotta_ACBA_bn_affine_frozen_stats_p4_lr0.001_v1,cifar10,cotta,A-C-B-A,0,bn_affine_frozen_stats,4,0.001,0.013499999999999956,0.013499999999999956,0.65055,0.8466,0.2868444323539734
trajectory_ablation_gpu_v1_cifar10_s00_cotta_ACBA_bn_affine_frozen_stats_p4_lr0.01_v1,cifar10,cotta,A-C-B-A,0,bn_affine_frozen_stats,4,0.01,0.0474,0.0474,0.6294375,0.8127,1.2370290756225586
trajectory_ablation_gpu_v1_cifar10_s00_eata_ABABA_bn_affine_frozen_stats_p1_lr0.0001_v1,cifar10,eata,A-B-A-B-A,0,bn_affine_frozen_stats,1,0.0001,0.7331,0.7331,0.2811666666666667,0.127,0.80833899974823
trajectory_ablation_gpu_v1_cifar10_s00_eata_ABABA_bn_affine_frozen_stats_p1_lr0.001_v1,cifar10,eata,A-B-A-B-A,0,bn_affine_frozen_stats,1,0.001,0.7601,0.7601,0.10873333333333333,0.1,1.5572867393493652
trajectory_ablation_gpu_v1_cifar10_s00_eata_ABABA_bn_affine_frozen_stats_p1_lr0.01_v1,cifar10,eata,A-B-A-B-A,0,bn_affine_frozen_stats,1,0.01,0.7601,0.7601,0.1028,0.1,6.92327356338501
trajectory_ablation_gpu_v1_cifar10_s00_eata_ABABA_bn_affine_frozen_stats_p2_lr0.0001_v1,cifar10,eata,A-B-A-B-A,0,bn_affine_frozen_stats,2,0.0001,0.7601,0.7601,0.19095,0.1,1.0557641983032227
trajectory_ablation_gpu_v1_cifar10_s00_eata_ABABA_bn_affine_frozen_stats_p2_lr0.001_v1,cifar10,eata,A-B-A-B-A,0,bn_affine_frozen_stats,2,0.001,0.7601,0.7601,0.10436666666666666,0.1,1.3929613828659058
trajectory_ablation_gpu_v1_cifar10_s00_eata_ABABA_bn_affine_frozen_stats_p2_lr0.01_v1,cifar10,eata,A-B-A-B-A,0,bn_affine_frozen_stats,2,0.01,0.7601,0.7601,0.1014,0.1,4.6475911140441895
trajectory_ablation_gpu_v1_cifar10_s00_eata_ABABA_bn_affine_frozen_stats_p4_lr0.0001_v1,cifar10,eata,A-B-A-B-A,0,bn_affine_frozen_stats,4,0.0001,0.7601,0.7601,0.145475,0.1,1.101055383682251
trajectory_ablation_gpu_v1_cifar10_s00_eata_ABABA_bn_affine_frozen_stats_p4_lr0.001_v1,cifar10,eata,A-B-A-B-A,0,bn_affine_frozen_stats,4,0.001,0.7601,0.7601,0.10218333333333333,0.1,1.708483338356018
trajectory_ablation_gpu_v1_cifar10_s00_eata_ABABA_bn_affine_frozen_stats_p4_lr0.01_v1,cifar10,eata,A-B-A-B-A,0,bn_affine_frozen_stats,4,0.01,0.7601,0.7601,0.10078333333333334,0.1,9.387019157409668
trajectory_ablation_gpu_v1_cifar10_s00_eata_ABA_bn_affine_frozen_stats_p1_lr0.0001_v1,cifar10,eata,A-B-A,0,bn_affine_frozen_stats,1,0.0001,0.30379999999999996,0.30379999999999996,0.3815,0.5563,0.4550829827785492
trajectory_ablation_gpu_v1_cifar10_s00_eata_ABA_bn_affine_frozen_stats_p1_lr0.001_v1,cifar10,eata,A-B-A,0,bn_affine_frozen_stats,1,0.001,0.7593,0.7593,0.1262,0.1008,1.1531319618225098
trajectory_ablation_gpu_v1_cifar10_s00_eata_ABA_bn_affine_frozen_stats_p1_lr0.01_v1,cifar10,eata,A-B-A,0,bn_affine_frozen_stats,1,0.01,0.7601,0.7601,0.1084,0.1,3.6603426933288574
trajectory_ablation_gpu_v1_cifar10_s00_eata_ABA_bn_affine_frozen_stats_p2_lr0.0001_v1,cifar10,eata,A-B-A,0,bn_affine_frozen_stats,2,0.0001,0.7141,0.7141,0.2427,0.146,0.7637452483177185
trajectory_ablation_gpu_v1_cifar10_s00_eata_ABA_bn_affine_frozen_stats_p2_lr0.001_v1,cifar10,eata,A-B-A,0,bn_affine_frozen_stats,2,0.001,0.7533,0.7533,0.1131,0.1068,1.073276162147522
trajectory_ablation_gpu_v1_cifar10_s00_eata_ABA_bn_affine_frozen_stats_p2_lr0.01_v1,cifar10,eata,A-B-A,0,bn_affine_frozen_stats,2,0.01,0.7601,0.7601,0.1042,0.1,9.100045204162598
trajectory_ablation_gpu_v1_cifar10_s00_eata_ABA_bn_affine_frozen_stats_p4_lr0.0001_v1,cifar10,eata,A-B-A,0,bn_affine_frozen_stats,4,0.0001,0.7339,0.7339,0.17135,0.1262,0.7983824610710144
trajectory_ablation_gpu_v1_cifar10_s00_eata_ABA_bn_affine_frozen_stats_p4_lr0.001_v1,cifar10,eata,A-B-A,0,bn_affine_frozen_stats,4,0.001,0.7601,0.7601,0.10655,0.1,1.6635572910308838
trajectory_ablation_gpu_v1_cifar10_s00_eata_ABA_bn_affine_frozen_stats_p4_lr0.01_v1,cifar10,eata,A-B-A,0,bn_affine_frozen_stats,4,0.01,0.7601,0.7601,0.1021,0.1,7.744631290435791
trajectory_ablation_gpu_v1_cifar10_s00_eata_ABCA_bn_affine_frozen_stats_p1_lr0.0001_v1,cifar10,eata,A-B-C-A,0,bn_affine_frozen_stats,1,0.0001,0.7101999999999999,0.7101999999999999,0.2973,0.1499,0.7733120918273926
trajectory_ablation_gpu_v1_cifar10_s00_eata_ABCA_bn_affine_frozen_stats_p1_lr0.001_v1,cifar10,eata,A-B-C-A,0,bn_affine_frozen_stats,1,0.001,0.7601,0.7601,0.1275,0.1,1.5867559909820557
trajectory_ablation_gpu_v1_cifar10_s00_eata_ABCA_bn_affine_frozen_stats_p1_lr0.01_v1,cifar10,eata,A-B-C-A,0,bn_affine_frozen_stats,1,0.01,0.7601,0.7601,0.1042,0.1,9.262018203735352
trajectory_ablation_gpu_v1_cifar10_s00_eata_ABCA_bn_affine_frozen_stats_p2_lr0.0001_v1,cifar10,eata,A-B-C-A,0,bn_affine_frozen_stats,2,0.0001,0.7601,0.7601,0.199175,0.1,1.0529425144195557
trajectory_ablation_gpu_v1_cifar10_s00_eata_ABCA_bn_affine_frozen_stats_p2_lr0.001_v1,cifar10,eata,A-B-C-A,0,bn_affine_frozen_stats,2,0.001,0.7601,0.7601,0.113775,0.1,1.6480228900909424
trajectory_ablation_gpu_v1_cifar10_s00_eata_ABCA_bn_affine_frozen_stats_p2_lr0.01_v1,cifar10,eata,A-B-C-A,0,bn_affine_frozen_stats,2,0.01,0.7601,0.7601,0.1021,0.1,6.0697736740112305
trajectory_ablation_gpu_v1_cifar10_s00_eata_ABCA_bn_affine_frozen_stats_p4_lr0.0001_v1,cifar10,eata,A-B-C-A,0,bn_affine_frozen_stats,4,0.0001,0.7601,0.7601,0.1495875,0.1,1.1004061698913574
trajectory_ablation_gpu_v1_cifar10_s00_eata_ABCA_bn_affine_frozen_stats_p4_lr0.001_v1,cifar10,eata,A-B-C-A,0,bn_affine_frozen_stats,4,0.001,0.7601,0.7601,0.1068875,0.1,1.8731862306594849
trajectory_ablation_gpu_v1_cifar10_s00_eata_ABCA_bn_affine_frozen_stats_p4_lr0.01_v1,cifar10,eata,A-B-C-A,0,bn_affine_frozen_stats,4,0.01,0.76,0.76,0.10105,0.1001,3.534482955932617
trajectory_ablation_gpu_v1_cifar10_s00_eata_ACBA_bn_affine_frozen_stats_p1_lr0.0001_v1,cifar10,eata,A-C-B-A,0,bn_affine_frozen_stats,1,0.0001,0.3863,0.3863,0.5394,0.4738,0.6476767659187317
trajectory_ablation_gpu_v1_cifar10_s00_eata_ACBA_bn_affine_frozen_stats_p1_lr0.001_v1,cifar10,eata,A-C-B-A,0,bn_affine_frozen_stats,1,0.001,0.7601,0.7601,0.20525,0.1,1.8646513223648071
trajectory_ablation_gpu_v1_cifar10_s00_eata_ACBA_bn_affine_frozen_stats_p1_lr0.01_v1,cifar10,eata,A-C-B-A,0,bn_affine_frozen_stats,1,0.01,0.7601,0.7601,0.10605,0.1,8.776180267333984
trajectory_ablation_gpu_v1_cifar10_s00_eata_ACBA_bn_affine_frozen_stats_p2_lr0.0001_v1,cifar10,eata,A-C-B-A,0,bn_affine_frozen_stats,2,0.0001,0.7285999999999999,0.7285999999999999,0.342825,0.1315,0.8894306421279907
trajectory_ablation_gpu_v1_cifar10_s00_eata_ACBA_bn_affine_frozen_stats_p2_lr0.001_v1,cifar10,eata,A-C-B-A,0,bn_affine_frozen_stats,2,0.001,0.7601,0.7601,0.152625,0.1,1.7639167308807373
trajectory_ablation_gpu_v1_cifar10_s00_eata_ACBA_bn_affine_frozen_stats_p2_lr0.01_v1,cifar10,eata,A-C-B-A,0,bn_affine_frozen_stats,2,0.01,0.7601,0.7601,0.103025,0.1,6.087981700897217
trajectory_ablation_gpu_v1_cifar10_s00_eata_ACBA_bn_affine_frozen_stats_p4_lr0.0001_v1,cifar10,eata,A-C-B-A,0,bn_affine_frozen_stats,4,0.0001,0.7513,0.7513,0.22265,0.1088,0.9830154180526733
trajectory_ablation_gpu_v1_cifar10_s00_eata_ACBA_bn_affine_frozen_stats_p4_lr0.001_v1,cifar10,eata,A-C-B-A,0,bn_affine_frozen_stats,4,0.001,0.7601,0.7601,0.1263125,0.1,2.1938319206237793
trajectory_ablation_gpu_v1_cifar10_s00_eata_ACBA_bn_affine_frozen_stats_p4_lr0.01_v1,cifar10,eata,A-C-B-A,0,bn_affine_frozen_stats,4,0.01,0.7596999999999999,0.7596999999999999,0.1015125,0.1004,3.762453556060791
trajectory_ablation_gpu_v1_cifar10_s00_rotta_ABABA_bn_affine_frozen_stats_p1_lr0.0001_v1,cifar10,rotta,A-B-A-B-A,0,bn_affine_frozen_stats,1,0.0001,-9.999999999998899e-05,-9.999999999998899e-05,0.6806333333333333,0.8602,3.118964059467544e-06
trajectory_ablation_gpu_v1_cifar10_s00_rotta_ABABA_bn_affine_frozen_stats_p1_lr0.001_v1,cifar10,rotta,A-B-A-B-A,0,bn_affine_frozen_stats,1,0.001,-0.00019999999999997797,-0.00019999999999997797,0.6806333333333333,0.8603,4.060994979226962e-05
trajectory_ablation_gpu_v1_cifar10_s00_rotta_ABABA_bn_affine_frozen_stats_p1_lr0.01_v1,cifar10,rotta,A-B-A-B-A,0,bn_affine_frozen_stats,1,0.01,-9.999999999998899e-05,-9.999999999998899e-05,0.6807666666666666,0.8602,0.0014352183789014816
trajectory_ablation_gpu_v1_cifar10_s00_rotta_ABABA_bn_affine_frozen_stats_p2_lr0.0001_v1,cifar10,rotta,A-B-A-B-A,0,bn_affine_frozen_stats,2,0.0001,0.0,0.0,0.68065,0.8601,4.242666818754515e-06
trajectory_ablation_gpu_v1_cifar10_s00_rotta_ABABA_bn_affine_frozen_stats_p2_lr0.001_v1,cifar10,rotta,A-B-A-B-A,0,bn_affine_frozen_stats,2,0.001,-9.999999999998899e-05,-9.999999999998899e-05,0.6806166666666666,0.8602,5.023545600124635e-05
trajectory_ablation_gpu_v1_cifar10_s00_rotta_ABABA_bn_affine_frozen_stats_p2_lr0.01_v1,cifar10,rotta,A-B-A-B-A,0,bn_affine_frozen_stats,2,0.01,-0.0009000000000000119,-0.0009000000000000119,0.6808833333333333,0.861,0.008915998041629791
trajectory_ablation_gpu_v1_cifar10_s00_rotta_ABABA_bn_affine_frozen_stats_p4_lr0.0001_v1,cifar10,rotta,A-B-A-B-A,0,bn_affine_frozen_stats,4,0.0001,0.0,0.0,0.6806666666666666,0.8601,7.330252174142515e-06
trajectory_ablation_gpu_v1_cifar10_s00_rotta_ABABA_bn_affine_frozen_stats_p4_lr0.001_v1,cifar10,rotta,A-B-A-B-A,0,bn_affine_frozen_stats,4,0.001,-0.00019999999999997797,-0.00019999999999997797,0.6806166666666666,0.8603,5.919415343669243e-05
trajectory_ablation_gpu_v1_cifar10_s00_rotta_ABABA_bn_affine_frozen_stats_p4_lr0.01_v1,cifar10,rotta,A-B-A-B-A,0,bn_affine_frozen_stats,4,0.01,0.0021999999999999797,0.0021999999999999797,0.6803166666666667,0.8579,0.0791330635547638
trajectory_ablation_gpu_v1_cifar10_s00_rotta_ABA_bn_affine_frozen_stats_p1_lr0.0001_v1,cifar10,rotta,A-B-A,0,bn_affine_frozen_stats,1,0.0001,0.0,0.0,0.5909,0.8601,1.076507714969921e-06
trajectory_ablation_gpu_v1_cifar10_s00_rotta_ABA_bn_affine_frozen_stats_p1_lr0.001_v1,cifar10,rotta,A-B-A,0,bn_affine_frozen_stats,1,0.001,-9.999999999998899e-05,-9.999999999998899e-05,0.5909,0.8602,3.235193798900582e-05
trajectory_ablation_gpu_v1_cifar10_s00_rotta_ABA_bn_affine_frozen_stats_p1_lr0.01_v1,cifar10,rotta,A-B-A,0,bn_affine_frozen_stats,1,0.01,-0.00019999999999997797,-0.00019999999999997797,0.591,0.8603,0.0006008008494973183
trajectory_ablation_gpu_v1_cifar10_s00_rotta_ABA_bn_affine_frozen_stats_p2_lr0.0001_v1,cifar10,rotta,A-B-A,0,bn_affine_frozen_stats,2,0.0001,0.0,0.0,0.5909,0.8601,1.7800266505219042e-06
trajectory_ablation_gpu_v1_cifar10_s00_rotta_ABA_bn_affine_frozen_stats_p2_lr0.001_v1,cifar10,rotta,A-B-A,0,bn_affine_frozen_stats,2,0.001,-0.00019999999999997797,-0.00019999999999997797,0.5909,0.8603,3.5748063965002075e-05
trajectory_ablation_gpu_v1_cifar10_s00_rotta_ABA_bn_affine_frozen_stats_p2_lr0.01_v1,cifar10,rotta,A-B-A,0,bn_affine_frozen_stats,2,0.01,0.0,0.0,0.59095,0.8601,0.0013253550278022885
trajectory_ablation_gpu_v1_cifar10_s00_rotta_ABA_bn_affine_frozen_stats_p4_lr0.0001_v1,cifar10,rotta,A-B-A,0,bn_affine_frozen_stats,4,0.0001,0.0,0.0,0.5909,0.8601,2.940319518529577e-06
trajectory_ablation_gpu_v1_cifar10_s00_rotta_ABA_bn_affine_frozen_stats_p4_lr0.001_v1,cifar10,rotta,A-B-A,0,bn_affine_frozen_stats,4,0.001,-0.00019999999999997797,-0.00019999999999997797,0.590925,0.8603,3.564796134014614e-05
trajectory_ablation_gpu_v1_cifar10_s00_rotta_ABA_bn_affine_frozen_stats_p4_lr0.01_v1,cifar10,rotta,A-B-A,0,bn_affine_frozen_stats,4,0.01,-0.000300000000000078,-0.000300000000000078,0.590825,0.8604,0.01644304022192955
trajectory_ablation_gpu_v1_cifar10_s00_rotta_ABCA_bn_affine_frozen_stats_p1_lr0.0001_v1,cifar10,rotta,A-B-C-A,0,bn_affine_frozen_stats,1,0.0001,-9.999999999998899e-05,-9.999999999998899e-05,0.6671,0.8602,1.648255988584424e-06
trajectory_ablation_gpu_v1_cifar10_s00_rotta_ABCA_bn_affine_frozen_stats_p1_lr0.001_v1,cifar10,rotta,A-B-C-A,0,bn_affine_frozen_stats,1,0.001,0.0,0.0,0.667,0.8601,4.331715899752453e-05
trajectory_ablation_gpu_v1_cifar10_s00_rotta_ABCA_bn_affine_frozen_stats_p1_lr0.01_v1,cifar10,rotta,A-B-C-A,0,bn_affine_frozen_stats,1,0.01,-9.999999999998899e-05,-9.999999999998899e-05,0.6671,0.8602,0.0010866904631257057
trajectory_ablation_gpu_v1_cifar10_s00_rotta_ABCA_bn_affine_frozen_stats_p2_lr0.0001_v1,cifar10,rotta,A-B-C-A,0,bn_affine_frozen_stats,2,0.0001,0.0,0.0,0.667075,0.8601,2.861970415324322e-06
trajectory_ablation_gpu_v1_cifar10_s00_rotta_ABCA_bn_affine_frozen_stats_p2_lr0.001_v1,cifar10,rotta,A-B-C-A,0,bn_affine_frozen_stats,2,0.001,-0.00019999999999997797,-0.00019999999999997797,0.667025,0.8603,4.855166844208725e-05
trajectory_ablation_gpu_v1_cifar10_s00_rotta_ABCA_bn_affine_frozen_stats_p2_lr0.01_v1,cifar10,rotta,A-B-C-A,0,bn_affine_frozen_stats,2,0.01,0.0,0.0,0.667025,0.8601,0.0013286706525832415
trajectory_ablation_gpu_v1_cifar10_s00_rotta_ABCA_bn_affine_frozen_stats_p4_lr0.0001_v1,cifar10,rotta,A-B-C-A,0,bn_affine_frozen_stats,4,0.0001,-9.999999999998899e-05,-9.999999999998899e-05,0.6670625,0.8602,6.023043169989251e-06
trajectory_ablation_gpu_v1_cifar10_s00_rotta_ABCA_bn_affine_frozen_stats_p4_lr0.001_v1,cifar10,rotta,A-B-C-A,0,bn_affine_frozen_stats,4,0.001,-9.999999999998899e-05,-9.999999999998899e-05,0.6670125,0.8602,6.807711906731129e-05
trajectory_ablation_gpu_v1_cifar10_s00_rotta_ABCA_bn_affine_frozen_stats_p4_lr0.01_v1,cifar10,rotta,A-B-C-A,0,bn_affine_frozen_stats,4,0.01,-9.999999999998899e-05,-9.999999999998899e-05,0.6670125,0.8602,0.001754993456415832
trajectory_ablation_gpu_v1_cifar10_s00_rotta_ACBA_bn_affine_frozen_stats_p1_lr0.0001_v1,cifar10,rotta,A-C-B-A,0,bn_affine_frozen_stats,1,0.0001,-9.999999999998899e-05,-9.999999999998899e-05,0.66705,0.8602,3.6933513456460787e-06
trajectory_ablation_gpu_v1_cifar10_s00_rotta_ACBA_bn_affine_frozen_stats_p1_lr0.001_v1,cifar10,rotta,A-C-B-A,0,bn_affine_frozen_stats,1,0.001,-0.00019999999999997797,-0.00019999999999997797,0.6671,0.8603,4.867196912528016e-05
trajectory_ablation_gpu_v1_cifar10_s00_rotta_ACBA_bn_affine_frozen_stats_p1_lr0.01_v1,cifar10,rotta,A-C-B-A,0,bn_affine_frozen_stats,1,0.01,0.0,0.0,0.6672,0.8601,0.0006423990125767887
trajectory_ablation_gpu_v1_cifar10_s00_rotta_ACBA_bn_affine_frozen_stats_p2_lr0.0001_v1,cifar10,rotta,A-C-B-A,0,bn_affine_frozen_stats,2,0.0001,0.0,0.0,0.667075,0.8601,4.203139724268112e-06
trajectory_ablation_gpu_v1_cifar10_s00_rotta_ACBA_bn_affine_frozen_stats_p2_lr0.001_v1,cifar10,rotta,A-C-B-A,0,bn_affine_frozen_stats,2,0.001,0.0,0.0,0.667075,0.8601,5.957823304925114e-05
trajectory_ablation_gpu_v1_cifar10_s00_rotta_ACBA_bn_affine_frozen_stats_p2_lr0.01_v1,cifar10,rotta,A-C-B-A,0,bn_affine_frozen_stats,2,0.01,0.0,0.0,0.66705,0.8601,0.0010111330775544047
trajectory_ablation_gpu_v1_cifar10_s00_rotta_ACBA_bn_affine_frozen_stats_p4_lr0.0001_v1,cifar10,rotta,A-C-B-A,0,bn_affine_frozen_stats,4,0.0001,-9.999999999998899e-05,-9.999999999998899e-05,0.6670625,0.8602,5.292812602419872e-06
trajectory_ablation_gpu_v1_cifar10_s00_rotta_ACBA_bn_affine_frozen_stats_p4_lr0.001_v1,cifar10,rotta,A-C-B-A,0,bn_affine_frozen_stats,4,0.001,-9.999999999998899e-05,-9.999999999998899e-05,0.6670875,0.8602,7.296517287613824e-05
trajectory_ablation_gpu_v1_cifar10_s00_rotta_ACBA_bn_affine_frozen_stats_p4_lr0.01_v1,cifar10,rotta,A-C-B-A,0,bn_affine_frozen_stats,4,0.01,-9.999999999998899e-05,-9.999999999998899e-05,0.6670625,0.8602,0.003035902976989746
trajectory_ablation_gpu_v1_cifar10_s00_sar_ABABA_bn_affine_frozen_stats_p1_lr0.0001_v1,cifar10,sar,A-B-A-B-A,0,bn_affine_frozen_stats,1,0.0001,-0.00019999999999997797,-0.00019999999999997797,0.6807,0.8603,0.017201242968440056
trajectory_ablation_gpu_v1_cifar10_s00_sar_ABABA_bn_affine_frozen_stats_p1_lr0.001_v1,cifar10,sar,A-B-A-B-A,0,bn_affine_frozen_stats,1,0.001,0.005199999999999982,0.005199999999999982,0.6785,0.8549,0.13432762026786804
trajectory_ablation_gpu_v1_cifar10_s00_sar_ABABA_bn_affine_frozen_stats_p1_lr0.01_v1,cifar10,sar,A-B-A-B-A,0,bn_affine_frozen_stats,1,0.01,0.007199999999999984,0.007199999999999984,0.6138666666666667,0.8529,0.11229897290468216
trajectory_ablation_gpu_v1_cifar10_s00_sar_ABABA_bn_affine_frozen_stats_p2_lr0.0001_v1,cifar10,sar,A-B-A-B-A,0,bn_affine_frozen_stats,2,0.0001,-0.0008000000000000229,-0.0008000000000000229,0.6814333333333333,0.8609,0.03302498161792755
trajectory_ablation_gpu_v1_cifar10_s00_sar_ABABA_bn_affine_frozen_stats_p2_lr0.001_v1,cifar10,sar,A-B-A-B-A,0,bn_affine_frozen_stats,2,0.001,0.014799999999999924,0.014799999999999924,0.66585,0.8453,0.22286784648895264
trajectory_ablation_gpu_v1_cifar10_s00_sar_ABABA_bn_affine_frozen_stats_p2_lr0.01_v1,cifar10,sar,A-B-A-B-A,0,bn_affine_frozen_stats,2,0.01,0.0028000000000000247,0.0028000000000000247,0.6122833333333333,0.8573,0.07395342737436295
trajectory_ablation_gpu_v1_cifar10_s00_sar_ABABA_bn_affine_frozen_stats_p4_lr0.0001_v1,cifar10,sar,A-B-A-B-A,0,bn_affine_frozen_stats,4,0.0001,0.0012999999999999678,0.0012999999999999678,0.6818166666666666,0.8588,0.06169596314430237
trajectory_ablation_gpu_v1_cifar10_s00_sar_ABABA_bn_affine_frozen_stats_p4_lr0.001_v1,cifar10,sar,A-B-A-B-A,0,bn_affine_frozen_stats,4,0.001,0.06699999999999995,0.06699999999999995,0.6318833333333334,0.7931,0.36963173747062683
trajectory_ablation_gpu_v1_cifar10_s00_sar_ABABA_bn_affine_frozen_stats_p4_lr0.01_v1,cifar10,sar,A-B-A-B-A,0,bn_affine_frozen_stats,4,0.01,0.0817,0.0817,0.598075,0.7784,0.3898627460002899
trajectory_ablation_gpu_v1_cifar10_s00_sar_ABA_bn_affine_frozen_stats_p1_lr0.0001_v1,cifar10,sar,A-B-A,0,bn_affine_frozen_stats,1,0.0001,0.00039999999999995595,0.00039999999999995595,0.5914,0.8597,0.008017141371965408
trajectory_ablation_gpu_v1_cifar10_s00_sar_ABA_bn_affine_frozen_stats_p1_lr0.001_v1,cifar10,sar,A-B-A,0,bn_affine_frozen_stats,1,0.001,0.0028000000000000247,0.0028000000000000247,0.5936,0.8573,0.06991460174322128
trajectory_ablation_gpu_v1_cifar10_s00_sar_ABA_bn_affine_frozen_stats_p1_lr0.01_v1,cifar10,sar,A-B-A,0,bn_affine_frozen_stats,1,0.01,0.0031999999999999806,0.0031999999999999806,0.4814,0.8569,0.06785258650779724
trajectory_ablation_gpu_v1_cifar10_s00_sar_ABA_bn_affine_frozen_stats_p2_lr0.0001_v1,cifar10,sar,A-B-A,0,bn_affine_frozen_stats,2,0.0001,-0.00040000000000006697,-0.00040000000000006697,0.5914,0.8605,0.015713760629296303
trajectory_ablation_gpu_v1_cifar10_s00_sar_ABA_bn_affine_frozen_stats_p2_lr0.001_v1,cifar10,sar,A-B-A,0,bn_affine_frozen_stats,2,0.001,0.00539999999999996,0.00539999999999996,0.58705,0.8547,0.126637801527977
trajectory_ablation_gpu_v1_cifar10_s00_sar_ABA_bn_affine_frozen_stats_p2_lr0.01_v1,cifar10,sar,A-B-A,0,bn_affine_frozen_stats,2,0.01,0.01959999999999995,0.01959999999999995,0.48495,0.8405,0.23928716778755188
trajectory_ablation_gpu_v1_cifar10_s00_sar_ABA_bn_affine_frozen_stats_p4_lr0.0001_v1,cifar10,sar,A-B-A,0,bn_affine_frozen_stats,4,0.0001,-0.000500000000000056,-0.000500000000000056,0.5916,0.8606,0.030326372012495995
trajectory_ablation_gpu_v1_cifar10_s00_sar_ABA_bn_affine_frozen_stats_p4_lr0.001_v1,cifar10,sar,A-B-A,0,bn_affine_frozen_stats,4,0.001,0.022599999999999953,0.022599999999999953,0.565625,0.8375,0.21375925838947296
trajectory_ablation_gpu_v1_cifar10_s00_sar_ABA_bn_affine_frozen_stats_p4_lr0.01_v1,cifar10,sar,A-B-A,0,bn_affine_frozen_stats,4,0.01,0.04469999999999996,0.04469999999999996,0.5116,0.8154,0.26829200983047485
trajectory_ablation_gpu_v1_cifar10_s00_sar_ABCA_bn_affine_frozen_stats_p1_lr0.0001_v1,cifar10,sar,A-B-C-A,0,bn_affine_frozen_stats,1,0.0001,-0.000300000000000078,-0.000300000000000078,0.668,0.8604,0.01159755326807499
trajectory_ablation_gpu_v1_cifar10_s00_sar_ABCA_bn_affine_frozen_stats_p1_lr0.001_v1,cifar10,sar,A-B-C-A,0,bn_affine_frozen_stats,1,0.001,0.0026999999999999247,0.0026999999999999247,0.6695,0.8574,0.09621506929397583
trajectory_ablation_gpu_v1_cifar10_s00_sar_ABCA_bn_affine_frozen_stats_p1_lr0.01_v1,cifar10,sar,A-B-C-A,0,bn_affine_frozen_stats,1,0.01,0.01639999999999997,0.01639999999999997,0.61715,0.8437,0.3260924518108368
trajectory_ablation_gpu_v1_cifar10_s00_sar_ABCA_bn_affine_frozen_stats_p2_lr0.0001_v1,cifar10,sar,A-B-C-A,0,bn_affine_frozen_stats,2,0.0001,-0.0008000000000000229,-0.0008000000000000229,0.667725,0.8609,0.022551899775862694
trajectory_ablation_gpu_v1_cifar10_s00_sar_ABCA_bn_affine_frozen_stats_p2_lr0.001_v1,cifar10,sar,A-B-C-A,0,bn_affine_frozen_stats,2,0.001,0.006399999999999961,0.006399999999999961,0.662375,0.8537,0.16871464252471924
trajectory_ablation_gpu_v1_cifar10_s00_sar_ABCA_bn_affine_frozen_stats_p2_lr0.01_v1,cifar10,sar,A-B-C-A,0,bn_affine_frozen_stats,2,0.01,0.10399999999999998,0.10399999999999998,0.596,0.7561,0.4598812758922577
trajectory_ablation_gpu_v1_cifar10_s00_sar_ABCA_bn_affine_frozen_stats_p4_lr0.0001_v1,cifar10,sar,A-B-C-A,0,bn_affine_frozen_stats,4,0.0001,-0.0006000000000000449,-0.0006000000000000449,0.667675,0.8607,0.0429534949362278
trajectory_ablation_gpu_v1_cifar10_s00_sar_ABCA_bn_affine_frozen_stats_p4_lr0.001_v1,cifar10,sar,A-B-C-A,0,bn_affine_frozen_stats,4,0.001,0.027699999999999947,0.027699999999999947,0.6419125,0.8324,0.28373658657073975
trajectory_ablation_gpu_v1_cifar10_s00_sar_ABCA_bn_affine_frozen_stats_p4_lr0.01_v1,cifar10,sar,A-B-C-A,0,bn_affine_frozen_stats,4,0.01,0.1824,0.1824,0.5640625,0.6777,0.5045358538627625
trajectory_ablation_gpu_v1_cifar10_s00_sar_ACBA_bn_affine_frozen_stats_p1_lr0.0001_v1,cifar10,sar,A-C-B-A,0,bn_affine_frozen_stats,1,0.0001,-0.00019999999999997797,-0.00019999999999997797,0.66715,0.8603,0.011558903381228447
trajectory_ablation_gpu_v1_cifar10_s00_sar_ACBA_bn_affine_frozen_stats_p1_lr0.001_v1,cifar10,sar,A-C-B-A,0,bn_affine_frozen_stats,1,0.001,0.0024999999999999467,0.0024999999999999467,0.66155,0.8576,0.09662330150604248
trajectory_ablation_gpu_v1_cifar10_s00_sar_ACBA_bn_affine_frozen_stats_p1_lr0.01_v1,cifar10,sar,A-C-B-A,0,bn_affine_frozen_stats,1,0.01,0.20529999999999993,0.20529999999999993,0.62395,0.6548,0.5699904561042786
trajectory_ablation_gpu_v1_cifar10_s00_sar_ACBA_bn_affine_frozen_stats_p2_lr0.0001_v1,cifar10,sar,A-C-B-A,0,bn_affine_frozen_stats,2,0.0001,-0.0007000000000000339,-0.0007000000000000339,0.6671,0.8608,0.022471429780125618
trajectory_ablation_gpu_v1_cifar10_s00_sar_ACBA_bn_affine_frozen_stats_p2_lr0.001_v1,cifar10,sar,A-C-B-A,0,bn_affine_frozen_stats,2,0.001,0.005599999999999938,0.005599999999999938,0.656375,0.8545,0.16860949993133545
trajectory_ablation_gpu_v1_cifar10_s00_sar_ACBA_bn_affine_frozen_stats_p2_lr0.01_v1,cifar10,sar,A-C-B-A,0,bn_affine_frozen_stats,2,0.01,0.17469999999999997,0.17469999999999997,0.599675,0.6854,0.5251948833465576
trajectory_ablation_gpu_v1_cifar10_s00_sar_ACBA_bn_affine_frozen_stats_p4_lr0.0001_v1,cifar10,sar,A-C-B-A,0,bn_affine_frozen_stats,4,0.0001,-0.0006000000000000449,-0.0006000000000000449,0.6671875,0.8607,0.042846228927373886
trajectory_ablation_gpu_v1_cifar10_s00_sar_ACBA_bn_affine_frozen_stats_p4_lr0.001_v1,cifar10,sar,A-C-B-A,0,bn_affine_frozen_stats,4,0.001,0.03469999999999995,0.03469999999999995,0.6356375,0.8254,0.2891848087310791
trajectory_ablation_gpu_v1_cifar10_s00_sar_ACBA_bn_affine_frozen_stats_p4_lr0.01_v1,cifar10,sar,A-C-B-A,0,bn_affine_frozen_stats,4,0.01,0.17469999999999997,0.17469999999999997,0.55725,0.6854,0.5251948833465576
trajectory_ablation_gpu_v1_cifar10_s00_source_ABABA_bn_affine_frozen_stats_p1_lr0.0001_v1,cifar10,source,A-B-A-B-A,0,bn_affine_frozen_stats,1,0.0001,0.0,0.0,0.6806333333333333,0.8601,0.0
trajectory_ablation_gpu_v1_cifar10_s00_source_ABABA_bn_affine_frozen_stats_p1_lr0.001_v1,cifar10,source,A-B-A-B-A,0,bn_affine_frozen_stats,1,0.001,0.0,0.0,0.6806333333333333,0.8601,0.0
trajectory_ablation_gpu_v1_cifar10_s00_source_ABABA_bn_affine_frozen_stats_p1_lr0.01_v1,cifar10,source,A-B-A-B-A,0,bn_affine_frozen_stats,1,0.01,0.0,0.0,0.6806333333333333,0.8601,0.0
trajectory_ablation_gpu_v1_cifar10_s00_source_ABABA_bn_affine_frozen_stats_p2_lr0.0001_v1,cifar10,source,A-B-A-B-A,0,bn_affine_frozen_stats,2,0.0001,0.0,0.0,0.6806333333333333,0.8601,0.0
trajectory_ablation_gpu_v1_cifar10_s00_source_ABABA_bn_affine_frozen_stats_p2_lr0.001_v1,cifar10,source,A-B-A-B-A,0,bn_affine_frozen_stats,2,0.001,0.0,0.0,0.6806333333333333,0.8601,0.0
trajectory_ablation_gpu_v1_cifar10_s00_source_ABABA_bn_affine_frozen_stats_p2_lr0.01_v1,cifar10,source,A-B-A-B-A,0,bn_affine_frozen_stats,2,0.01,0.0,0.0,0.6806333333333333,0.8601,0.0
trajectory_ablation_gpu_v1_cifar10_s00_source_ABABA_bn_affine_frozen_stats_p4_lr0.0001_v1,cifar10,source,A-B-A-B-A,0,bn_affine_frozen_stats,4,0.0001,0.0,0.0,0.6806333333333333,0.8601,0.0
trajectory_ablation_gpu_v1_cifar10_s00_source_ABABA_bn_affine_frozen_stats_p4_lr0.001_v1,cifar10,source,A-B-A-B-A,0,bn_affine_frozen_stats,4,0.001,0.0,0.0,0.6806333333333333,0.8601,0.0
trajectory_ablation_gpu_v1_cifar10_s00_source_ABABA_bn_affine_frozen_stats_p4_lr0.01_v1,cifar10,source,A-B-A-B-A,0,bn_affine_frozen_stats,4,0.01,0.0,0.0,0.6806333333333333,0.8601,0.0
trajectory_ablation_gpu_v1_cifar10_s00_source_ABA_bn_affine_frozen_stats_p1_lr0.0001_v1,cifar10,source,A-B-A,0,bn_affine_frozen_stats,1,0.0001,0.0,0.0,0.5909,0.8601,0.0
trajectory_ablation_gpu_v1_cifar10_s00_source_ABA_bn_affine_frozen_stats_p1_lr0.001_v1,cifar10,source,A-B-A,0,bn_affine_frozen_stats,1,0.001,0.0,0.0,0.5909,0.8601,0.0
trajectory_ablation_gpu_v1_cifar10_s00_source_ABA_bn_affine_frozen_stats_p1_lr0.01_v1,cifar10,source,A-B-A,0,bn_affine_frozen_stats,1,0.01,0.0,0.0,0.5909,0.8601,0.0
trajectory_ablation_gpu_v1_cifar10_s00_source_ABA_bn_affine_frozen_stats_p2_lr0.0001_v1,cifar10,source,A-B-A,0,bn_affine_frozen_stats,2,0.0001,0.0,0.0,0.5909,0.8601,0.0
trajectory_ablation_gpu_v1_cifar10_s00_source_ABA_bn_affine_frozen_stats_p2_lr0.001_v1,cifar10,source,A-B-A,0,bn_affine_frozen_stats,2,0.001,0.0,0.0,0.5909,0.8601,0.0
trajectory_ablation_gpu_v1_cifar10_s00_source_ABA_bn_affine_frozen_stats_p2_lr0.01_v1,cifar10,source,A-B-A,0,bn_affine_frozen_stats,2,0.01,0.0,0.0,0.5909,0.8601,0.0
trajectory_ablation_gpu_v1_cifar10_s00_source_ABA_bn_affine_frozen_stats_p4_lr0.0001_v1,cifar10,source,A-B-A,0,bn_affine_frozen_stats,4,0.0001,0.0,0.0,0.5909,0.8601,0.0
trajectory_ablation_gpu_v1_cifar10_s00_source_ABA_bn_affine_frozen_stats_p4_lr0.001_v1,cifar10,source,A-B-A,0,bn_affine_frozen_stats,4,0.001,0.0,0.0,0.5909,0.8601,0.0
trajectory_ablation_gpu_v1_cifar10_s00_source_ABA_bn_affine_frozen_stats_p4_lr0.01_v1,cifar10,source,A-B-A,0,bn_affine_frozen_stats,4,0.01,0.0,0.0,0.5909,0.8601,0.0
trajectory_ablation_gpu_v1_cifar10_s00_source_ABCA_bn_affine_frozen_stats_p1_lr0.0001_v1,cifar10,source,A-B-C-A,0,bn_affine_frozen_stats,1,0.0001,0.0,0.0,0.667,0.8601,0.0
trajectory_ablation_gpu_v1_cifar10_s00_source_ABCA_bn_affine_frozen_stats_p1_lr0.001_v1,cifar10,source,A-B-C-A,0,bn_affine_frozen_stats,1,0.001,0.0,0.0,0.667,0.8601,0.0
trajectory_ablation_gpu_v1_cifar10_s00_source_ABCA_bn_affine_frozen_stats_p1_lr0.01_v1,cifar10,source,A-B-C-A,0,bn_affine_frozen_stats,1,0.01,0.0,0.0,0.667,0.8601,0.0
trajectory_ablation_gpu_v1_cifar10_s00_source_ABCA_bn_affine_frozen_stats_p2_lr0.0001_v1,cifar10,source,A-B-C-A,0,bn_affine_frozen_stats,2,0.0001,0.0,0.0,0.667,0.8601,0.0
trajectory_ablation_gpu_v1_cifar10_s00_source_ABCA_bn_affine_frozen_stats_p2_lr0.001_v1,cifar10,source,A-B-C-A,0,bn_affine_frozen_stats,2,0.001,0.0,0.0,0.667,0.8601,0.0
trajectory_ablation_gpu_v1_cifar10_s00_source_ABCA_bn_affine_frozen_stats_p2_lr0.01_v1,cifar10,source,A-B-C-A,0,bn_affine_frozen_stats,2,0.01,0.0,0.0,0.667,0.8601,0.0
trajectory_ablation_gpu_v1_cifar10_s00_source_ABCA_bn_affine_frozen_stats_p4_lr0.0001_v1,cifar10,source,A-B-C-A,0,bn_affine_frozen_stats,4,0.0001,0.0,0.0,0.667,0.8601,0.0
trajectory_ablation_gpu_v1_cifar10_s00_source_ABCA_bn_affine_frozen_stats_p4_lr0.001_v1,cifar10,source,A-B-C-A,0,bn_affine_frozen_stats,4,0.001,0.0,0.0,0.667,0.8601,0.0
trajectory_ablation_gpu_v1_cifar10_s00_source_ABCA_bn_affine_frozen_stats_p4_lr0.01_v1,cifar10,source,A-B-C-A,0,bn_affine_frozen_stats,4,0.01,0.0,0.0,0.667,0.8601,0.0
trajectory_ablation_gpu_v1_cifar10_s00_source_ACBA_bn_affine_frozen_stats_p1_lr0.0001_v1,cifar10,source,A-C-B-A,0,bn_affine_frozen_stats,1,0.0001,0.0,0.0,0.667,0.8601,0.0
trajectory_ablation_gpu_v1_cifar10_s00_source_ACBA_bn_affine_frozen_stats_p1_lr0.001_v1,cifar10,source,A-C-B-A,0,bn_affine_frozen_stats,1,0.001,0.0,0.0,0.667,0.8601,0.0
trajectory_ablation_gpu_v1_cifar10_s00_source_ACBA_bn_affine_frozen_stats_p1_lr0.01_v1,cifar10,source,A-C-B-A,0,bn_affine_frozen_stats,1,0.01,0.0,0.0,0.667,0.8601,0.0
trajectory_ablation_gpu_v1_cifar10_s00_source_ACBA_bn_affine_frozen_stats_p2_lr0.0001_v1,cifar10,source,A-C-B-A,0,bn_affine_frozen_stats,2,0.0001,0.0,0.0,0.667,0.8601,0.0
trajectory_ablation_gpu_v1_cifar10_s00_source_ACBA_bn_affine_frozen_stats_p2_lr0.001_v1,cifar10,source,A-C-B-A,0,bn_affine_frozen_stats,2,0.001,0.0,0.0,0.667,0.8601,0.0
trajectory_ablation_gpu_v1_cifar10_s00_source_ACBA_bn_affine_frozen_stats_p2_lr0.01_v1,cifar10,source,A-C-B-A,0,bn_affine_frozen_stats,2,0.01,0.0,0.0,0.667,0.8601,0.0
trajectory_ablation_gpu_v1_cifar10_s00_source_ACBA_bn_affine_frozen_stats_p4_lr0.0001_v1,cifar10,source,A-C-B-A,0,bn_affine_frozen_stats,4,0.0001,0.0,0.0,0.667,0.8601,0.0
trajectory_ablation_gpu_v1_cifar10_s00_source_ACBA_bn_affine_frozen_stats_p4_lr0.001_v1,cifar10,source,A-C-B-A,0,bn_affine_frozen_stats,4,0.001,0.0,0.0,0.667,0.8601,0.0
trajectory_ablation_gpu_v1_cifar10_s00_source_ACBA_bn_affine_frozen_stats_p4_lr0.01_v1,cifar10,source,A-C-B-A,0,bn_affine_frozen_stats,4,0.01,0.0,0.0,0.667,0.8601,0.0
trajectory_ablation_gpu_v1_cifar10_s00_tent_ABABA_bn_affine_frozen_stats_p1_lr0.0001_v1,cifar10,tent,A-B-A-B-A,0,bn_affine_frozen_stats,1,0.0001,9.999999999998899e-05,9.999999999998899e-05,0.6792,0.86,0.017653826624155045
trajectory_ablation_gpu_v1_cifar10_s00_tent_ABABA_bn_affine_frozen_stats_p1_lr0.001_v1,cifar10,tent,A-B-A-B-A,0,bn_affine_frozen_stats,1,0.001,0.034399999999999986,0.034399999999999986,0.6356,0.8257,0.17386895418167114
trajectory_ablation_gpu_v1_cifar10_s00_tent_ABABA_bn_affine_frozen_stats_p1_lr0.01_v1,cifar10,tent,A-B-A-B-A,0,bn_affine_frozen_stats,1,0.01,0.7571,0.7571,0.1438,0.103,0.7016934752464294
trajectory_ablation_gpu_v1_cifar10_s00_tent_ABABA_bn_affine_frozen_stats_p2_lr0.0001_v1,cifar10,tent,A-B-A-B-A,0,bn_affine_frozen_stats,2,0.0001,0.0011999999999999789,0.0011999999999999789,0.67735,0.8589,0.03457712382078171
trajectory_ablation_gpu_v1_cifar10_s00_tent_ABABA_bn_affine_frozen_stats_p2_lr0.001_v1,cifar10,tent,A-B-A-B-A,0,bn_affine_frozen_stats,2,0.001,0.2794,0.2794,0.5013,0.5807,0.3473360538482666
trajectory_ablation_gpu_v1_cifar10_s00_tent_ABABA_bn_affine_frozen_stats_p2_lr0.01_v1,cifar10,tent,A-B-A-B-A,0,bn_affine_frozen_stats,2,0.01,0.7591,0.7591,0.12211666666666667,0.101,0.7526220083236694
trajectory_ablation_gpu_v1_cifar10_s00_tent_ABABA_bn_affine_frozen_stats_p4_lr0.0001_v1,cifar10,tent,A-B-A-B-A,0,bn_affine_frozen_stats,4,0.0001,0.0032999999999999696,0.0032999999999999696,0.672075,0.8568,0.06685744971036911
trajectory_ablation_gpu_v1_cifar10_s00_tent_ABABA_bn_affine_frozen_stats_p4_lr0.001_v1,cifar10,tent,A-B-A-B-A,0,bn_affine_frozen_stats,4,0.001,0.5808,0.5808,0.35245,0.2793,0.4932454526424408
trajectory_ablation_gpu_v1_cifar10_s00_tent_ABABA_bn_affine_frozen_stats_p4_lr0.01_v1,cifar10,tent,A-B-A-B-A,0,bn_affine_frozen_stats,4,0.01,0.7599,0.7599,0.11114166666666667,0.1002,0.785565197467804
trajectory_ablation_gpu_v1_cifar10_s00_tent_ABA_bn_affine_frozen_stats_p1_lr0.0001_v1,cifar10,tent,A-B-A,0,bn_affine_frozen_stats,1,0.0001,0.0009000000000000119,0.0009000000000000119,0.5899,0.8592,0.008295244537293911
trajectory_ablation_gpu_v1_cifar10_s00_tent_ABA_bn_affine_frozen_stats_p1_lr0.001_v1,cifar10,tent,A-B-A,0,bn_affine_frozen_stats,1,0.001,0.007399999999999962,0.007399999999999962,0.5683,0.8527,0.08307081460952759
trajectory_ablation_gpu_v1_cifar10_s00_tent_ABA_bn_affine_frozen_stats_p1_lr0.01_v1,cifar10,tent,A-B-A,0,bn_affine_frozen_stats,1,0.01,0.49989999999999996,0.49989999999999996,0.175,0.3602,0.42888346314430237
trajectory_ablation_gpu_v1_cifar10_s00_tent_ABA_bn_affine_frozen_stats_p2_lr0.0001_v1,cifar10,tent,A-B-A,0,bn_affine_frozen_stats,2,0.0001,0.00039999999999995595,0.00039999999999995595,0.58875,0.8597,0.01647336222231388
trajectory_ablation_gpu_v1_cifar10_s00_tent_ABA_bn_affine_frozen_stats_p2_lr0.001_v1,cifar10,tent,A-B-A,0,bn_affine_frozen_stats,2,0.001,0.05449999999999999,0.05449999999999999,0.5048,0.8056,0.18830542266368866
trajectory_ablation_gpu_v1_cifar10_s00_tent_ABA_bn_affine_frozen_stats_p2_lr0.01_v1,cifar10,tent,A-B-A,0,bn_affine_frozen_stats,2,0.01,0.5916999999999999,0.5916999999999999,0.1381,0.2684,0.47852909564971924
trajectory_ablation_gpu_v1_cifar10_s00_tent_ABA_bn_affine_frozen_stats_p4_lr0.0001_v1,cifar10,tent,A-B-A,0,bn_affine_frozen_stats,4,0.0001,0.00039999999999995595,0.00039999999999995595,0.585575,0.8597,0.032537635415792465
trajectory_ablation_gpu_v1_cifar10_s00_tent_ABA_bn_affine_frozen_stats_p4_lr0.001_v1,cifar10,tent,A-B-A,0,bn_affine_frozen_stats,4,0.001,0.3026,0.3026,0.338,0.5575,0.34122174978256226
trajectory_ablation_gpu_v1_cifar10_s00_tent_ABA_bn_affine_frozen_stats_p4_lr0.01_v1,cifar10,tent,A-B-A,0,bn_affine_frozen_stats,4,0.01,0.6505,0.6505,0.11915,0.2096,0.5184558629989624
trajectory_ablation_gpu_v1_cifar10_s00_tent_ABCA_bn_affine_frozen_stats_p1_lr0.0001_v1,cifar10,tent,A-B-C-A,0,bn_affine_frozen_stats,1,0.0001,9.999999999998899e-05,9.999999999998899e-05,0.6672,0.86,0.011607352644205093
trajectory_ablation_gpu_v1_cifar10_s00_tent_ABCA_bn_affine_frozen_stats_p1_lr0.001_v1,cifar10,tent,A-B-C-A,0,bn_affine_frozen_stats,1,0.001,0.0049000000000000155,0.0049000000000000155,0.65545,0.8552,0.10331563651561737
trajectory_ablation_gpu_v1_cifar10_s00_tent_ABCA_bn_affine_frozen_stats_p1_lr0.01_v1,cifar10,tent,A-B-C-A,0,bn_affine_frozen_stats,1,0.01,0.7539,0.7539,0.14775,0.1062,0.6717891097068787
trajectory_ablation_gpu_v1_cifar10_s00_tent_ABCA_bn_affine_frozen_stats_p2_lr0.0001_v1,cifar10,tent,A-B-C-A,0,bn_affine_frozen_stats,2,0.0001,-9.999999999998899e-05,-9.999999999998899e-05,0.66625,0.8602,0.02280627191066742
trajectory_ablation_gpu_v1_cifar10_s00_tent_ABCA_bn_affine_frozen_stats_p2_lr0.001_v1,cifar10,tent,A-B-C-A,0,bn_affine_frozen_stats,2,0.001,0.05569999999999997,0.05569999999999997,0.610875,0.8044,0.22036515176296234
trajectory_ablation_gpu_v1_cifar10_s00_tent_ABCA_bn_affine_frozen_stats_p2_lr0.01_v1,cifar10,tent,A-B-C-A,0,bn_affine_frozen_stats,2,0.01,0.7583,0.7583,0.12425,0.1018,0.7152196764945984
trajectory_ablation_gpu_v1_cifar10_s00_tent_ABCA_bn_affine_frozen_stats_p4_lr0.0001_v1,cifar10,tent,A-B-C-A,0,bn_affine_frozen_stats,4,0.0001,0.0009000000000000119,0.0009000000000000119,0.6642375,0.8592,0.04415038973093033
trajectory_ablation_gpu_v1_cifar10_s00_tent_ABCA_bn_affine_frozen_stats_p4_lr0.001_v1,cifar10,tent,A-B-C-A,0,bn_affine_frozen_stats,4,0.001,0.5606,0.5606,0.435225,0.2995,0.4773043692111969
trajectory_ablation_gpu_v1_cifar10_s00_tent_ABCA_bn_affine_frozen_stats_p4_lr0.01_v1,cifar10,tent,A-B-C-A,0,bn_affine_frozen_stats,4,0.01,0.7593,0.7593,0.11225,0.1008,0.7537096738815308
trajectory_ablation_gpu_v1_cifar10_s00_tent_ACBA_bn_affine_frozen_stats_p1_lr0.0001_v1,cifar10,tent,A-C-B-A,0,bn_affine_frozen_stats,1,0.0001,9.999999999998899e-05,9.999999999998899e-05,0.66625,0.86,0.011639934964478016
trajectory_ablation_gpu_v1_cifar10_s00_tent_ACBA_bn_affine_frozen_stats_p1_lr0.001_v1,cifar10,tent,A-C-B-A,0,bn_affine_frozen_stats,1,0.001,0.008099999999999996,0.008099999999999996,0.6471,0.852,0.11098930239677429
trajectory_ablation_gpu_v1_cifar10_s00_tent_ACBA_bn_affine_frozen_stats_p1_lr0.01_v1,cifar10,tent,A-C-B-A,0,bn_affine_frozen_stats,1,0.01,0.7158,0.7158,0.47345,0.1443,0.6374419331550598
trajectory_ablation_gpu_v1_cifar10_s00_tent_ACBA_bn_affine_frozen_stats_p2_lr0.0001_v1,cifar10,tent,A-C-B-A,0,bn_affine_frozen_stats,2,0.0001,0.0,0.0,0.665525,0.8601,0.022879578173160553
trajectory_ablation_gpu_v1_cifar10_s00_tent_ACBA_bn_affine_frozen_stats_p2_lr0.001_v1,cifar10,tent,A-C-B-A,0,bn_affine_frozen_stats,2,0.001,0.07209999999999994,0.07209999999999994,0.60855,0.788,0.2323399782180786
trajectory_ablation_gpu_v1_cifar10_s00_tent_ACBA_bn_affine_frozen_stats_p2_lr0.01_v1,cifar10,tent,A-C-B-A,0,bn_affine_frozen_stats,2,0.01,0.7545999999999999,0.7545999999999999,0.287975,0.1055,0.7294597625732422
trajectory_ablation_gpu_v1_cifar10_s00_tent_ACBA_bn_affine_frozen_stats_p4_lr0.0001_v1,cifar10,tent,A-C-B-A,0,bn_affine_frozen_stats,4,0.0001,0.0006999999999999229,0.0006999999999999229,0.663625,0.8594,0.04433506354689598
trajectory_ablation_gpu_v1_cifar10_s00_tent_ACBA_bn_affine_frozen_stats_p4_lr0.001_v1,cifar10,tent,A-C-B-A,0,bn_affine_frozen_stats,4,0.001,0.437,0.437,0.47135,0.4231,0.4256821870803833
trajectory_ablation_gpu_v1_cifar10_s00_tent_ACBA_bn_affine_frozen_stats_p4_lr0.01_v1,cifar10,tent,A-C-B-A,0,bn_affine_frozen_stats,4,0.01,0.7586999999999999,0.7586999999999999,0.1942125,0.1014,0.7604137659072876
trajectory_ablation_gpu_v1_cifar10_s01_cotta_ABABA_bn_affine_frozen_stats_p1_lr0.0001_v1,cifar10,cotta,A-B-A-B-A,1,bn_affine_frozen_stats,1,0.0001,-0.000300000000000078,-0.000300000000000078,0.6835,0.8667,0.03954147920012474
trajectory_ablation_gpu_v1_cifar10_s01_cotta_ABABA_bn_affine_frozen_stats_p1_lr0.001_v1,cifar10,cotta,A-B-A-B-A,1,bn_affine_frozen_stats,1,0.001,0.0025999999999999357,0.0025999999999999357,0.6824333333333333,0.8638,0.3093799650669098
trajectory_ablation_gpu_v1_cifar10_s01_cotta_ABABA_bn_affine_frozen_stats_p1_lr0.01_v1,cifar10,cotta,A-B-A-B-A,1,bn_affine_frozen_stats,1,0.01,0.025799999999999934,0.025799999999999934,0.6636333333333333,0.8406,1.064974069595337
trajectory_ablation_gpu_v1_cifar10_s01_cotta_ABABA_bn_affine_frozen_stats_p2_lr0.0001_v1,cifar10,cotta,A-B-A-B-A,1,bn_affine_frozen_stats,2,0.0001,0.00019999999999997797,0.00019999999999997797,0.6833166666666667,0.8662,0.03830447793006897
trajectory_ablation_gpu_v1_cifar10_s01_cotta_ABABA_bn_affine_frozen_stats_p2_lr0.001_v1,cifar10,cotta,A-B-A-B-A,1,bn_affine_frozen_stats,2,0.001,0.00649999999999995,0.00649999999999995,0.6824666666666667,0.8599,0.30169400572776794
trajectory_ablation_gpu_v1_cifar10_s01_cotta_ABABA_bn_affine_frozen_stats_p2_lr0.01_v1,cifar10,cotta,A-B-A-B-A,1,bn_affine_frozen_stats,2,0.01,0.04139999999999999,0.04139999999999999,0.6708166666666666,0.825,1.1381481885910034
trajectory_ablation_gpu_v1_cifar10_s01_cotta_ABABA_bn_affine_frozen_stats_p4_lr0.0001_v1,cifar10,cotta,A-B-A-B-A,1,bn_affine_frozen_stats,4,0.0001,0.00039999999999995595,0.00039999999999995595,0.6831416666666666,0.866,0.03811093419790268
trajectory_ablation_gpu_v1_cifar10_s01_cotta_ABABA_bn_affine_frozen_stats_p4_lr0.001_v1,cifar10,cotta,A-B-A-B-A,1,bn_affine_frozen_stats,4,0.001,0.00979999999999992,0.00979999999999992,0.6814583333333334,0.8566,0.31538882851600647
trajectory_ablation_gpu_v1_cifar10_s01_cotta_ABABA_bn_affine_frozen_stats_p4_lr0.01_v1,cifar10,cotta,A-B-A-B-A,1,bn_affine_frozen_stats,4,0.01,0.03979999999999995,0.03979999999999995,0.6717666666666666,0.8266,1.3098350763320923
trajectory_ablation_gpu_v1_cifar10_s01_cotta_ABA_bn_affine_frozen_stats_p1_lr0.0001_v1,cifar10,cotta,A-B-A,1,bn_affine_frozen_stats,1,0.0001,-0.00040000000000006697,-0.00040000000000006697,0.5926,0.8668,0.03292018175125122
trajectory_ablation_gpu_v1_cifar10_s01_cotta_ABA_bn_affine_frozen_stats_p1_lr0.001_v1,cifar10,cotta,A-B-A,1,bn_affine_frozen_stats,1,0.001,9.999999999998899e-05,9.999999999998899e-05,0.5896,0.8663,0.24960294365882874
trajectory_ablation_gpu_v1_cifar10_s01_cotta_ABA_bn_affine_frozen_stats_p1_lr0.01_v1,cifar10,cotta,A-B-A,1,bn_affine_frozen_stats,1,0.01,0.016199999999999992,0.016199999999999992,0.5446,0.8502,0.9885568618774414
trajectory_ablation_gpu_v1_cifar10_s01_cotta_ABA_bn_affine_frozen_stats_p2_lr0.0001_v1,cifar10,cotta,A-B-A,1,bn_affine_frozen_stats,2,0.0001,-0.000300000000000078,-0.000300000000000078,0.5923,0.8667,0.03195605054497719
trajectory_ablation_gpu_v1_cifar10_s01_cotta_ABA_bn_affine_frozen_stats_p2_lr0.001_v1,cifar10,cotta,A-B-A,1,bn_affine_frozen_stats,2,0.001,0.0023999999999999577,0.0023999999999999577,0.58885,0.864,0.25896164774894714
trajectory_ablation_gpu_v1_cifar10_s01_cotta_ABA_bn_affine_frozen_stats_p2_lr0.01_v1,cifar10,cotta,A-B-A,1,bn_affine_frozen_stats,2,0.01,0.016799999999999926,0.016799999999999926,0.5653,0.8496,1.0093448162078857
trajectory_ablation_gpu_v1_cifar10_s01_cotta_ABA_bn_affine_frozen_stats_p4_lr0.0001_v1,cifar10,cotta,A-B-A,1,bn_affine_frozen_stats,4,0.0001,-0.000200000000000089,-0.000200000000000089,0.592,0.8666,0.03353830799460411
trajectory_ablation_gpu_v1_cifar10_s01_cotta_ABA_bn_affine_frozen_stats_p4_lr0.001_v1,cifar10,cotta,A-B-A,1,bn_affine_frozen_stats,4,0.001,0.005299999999999971,0.005299999999999971,0.58715,0.8611,0.28405681252479553
trajectory_ablation_gpu_v1_cifar10_s01_cotta_ABA_bn_affine_frozen_stats_p4_lr0.01_v1,cifar10,cotta,A-B-A,1,bn_affine_frozen_stats,4,0.01,0.023399999999999976,0.023399999999999976,0.571775,0.843,1.1229180097579956
trajectory_ablation_gpu_v1_cifar10_s01_cotta_ABCA_bn_affine_frozen_stats_p1_lr0.0001_v1,cifar10,cotta,A-B-C-A,1,bn_affine_frozen_stats,1,0.0001,-0.0007000000000000339,-0.0007000000000000339,0.68085,0.8671,0.028420699760317802
trajectory_ablation_gpu_v1_cifar10_s01_cotta_ABCA_bn_affine_frozen_stats_p1_lr0.001_v1,cifar10,cotta,A-B-C-A,1,bn_affine_frozen_stats,1,0.001,-0.00040000000000006697,-0.00040000000000006697,0.67885,0.8668,0.2195059061050415
trajectory_ablation_gpu_v1_cifar10_s01_cotta_ABCA_bn_affine_frozen_stats_p1_lr0.01_v1,cifar10,cotta,A-B-C-A,1,bn_affine_frozen_stats,1,0.01,0.0028999999999999027,0.0028999999999999027,0.65035,0.8635,1.029537320137024
trajectory_ablation_gpu_v1_cifar10_s01_cotta_ABCA_bn_affine_frozen_stats_p2_lr0.0001_v1,cifar10,cotta,A-B-C-A,1,bn_affine_frozen_stats,2,0.0001,-0.000300000000000078,-0.000300000000000078,0.6804,0.8667,0.0319163016974926
trajectory_ablation_gpu_v1_cifar10_s01_cotta_ABCA_bn_affine_frozen_stats_p2_lr0.001_v1,cifar10,cotta,A-B-C-A,1,bn_affine_frozen_stats,2,0.001,0.0014999999999999458,0.0014999999999999458,0.6775,0.8649,0.2491167038679123
trajectory_ablation_gpu_v1_cifar10_s01_cotta_ABCA_bn_affine_frozen_stats_p2_lr0.01_v1,cifar10,cotta,A-B-C-A,1,bn_affine_frozen_stats,2,0.01,0.008799999999999919,0.008799999999999919,0.659,0.8576,1.1895591020584106
trajectory_ablation_gpu_v1_cifar10_s01_cotta_ABCA_bn_affine_frozen_stats_p4_lr0.0001_v1,cifar10,cotta,A-B-C-A,1,bn_affine_frozen_stats,4,0.0001,0.00019999999999997797,0.00019999999999997797,0.6798125,0.8662,0.03278549388051033
trajectory_ablation_gpu_v1_cifar10_s01_cotta_ABCA_bn_affine_frozen_stats_p4_lr0.001_v1,cifar10,cotta,A-B-C-A,1,bn_affine_frozen_stats,4,0.001,0.0046999999999999265,0.0046999999999999265,0.6747,0.8617,0.24941912293434143
trajectory_ablation_gpu_v1_cifar10_s01_cotta_ABCA_bn_affine_frozen_stats_p4_lr0.01_v1,cifar10,cotta,A-B-C-A,1,bn_affine_frozen_stats,4,0.01,0.02069999999999994,0.02069999999999994,0.6581875,0.8457,1.346264362335205
trajectory_ablation_gpu_v1_cifar10_s01_cotta_ACBA_bn_affine_frozen_stats_p1_lr0.0001_v1,cifar10,cotta,A-C-B-A,1,bn_affine_frozen_stats,1,0.0001,0.00019999999999997797,0.00019999999999997797,0.679,0.8662,0.03478045016527176
trajectory_ablation_gpu_v1_cifar10_s01_cotta_ACBA_bn_affine_frozen_stats_p1_lr0.001_v1,cifar10,cotta,A-C-B-A,1,bn_affine_frozen_stats,1,0.001,0.0011999999999999789,0.0011999999999999789,0.67515,0.8652,0.26640570163726807
trajectory_ablation_gpu_v1_cifar10_s01_cotta_ACBA_bn_affine_frozen_stats_p1_lr0.01_v1,cifar10,cotta,A-C-B-A,1,bn_affine_frozen_stats,1,0.01,0.010399999999999965,0.010399999999999965,0.6635,0.856,0.9906378388404846
trajectory_ablation_gpu_v1_cifar10_s01_cotta_ACBA_bn_affine_frozen_stats_p2_lr0.0001_v1,cifar10,cotta,A-C-B-A,1,bn_affine_frozen_stats,2,0.0001,0.0004999999999999449,0.0004999999999999449,0.679175,0.8659,0.0362730473279953
trajectory_ablation_gpu_v1_cifar10_s01_cotta_ACBA_bn_affine_frozen_stats_p2_lr0.001_v1,cifar10,cotta,A-C-B-A,1,bn_affine_frozen_stats,2,0.001,0.0042999999999999705,0.0042999999999999705,0.673825,0.8621,0.2853299081325531
trajectory_ablation_gpu_v1_cifar10_s01_cotta_ACBA_bn_affine_frozen_stats_p2_lr0.01_v1,cifar10,cotta,A-C-B-A,1,bn_affine_frozen_stats,2,0.01,0.011199999999999988,0.011199999999999988,0.662625,0.8552,1.1198363304138184
trajectory_ablation_gpu_v1_cifar10_s01_cotta_ACBA_bn_affine_frozen_stats_p4_lr0.0001_v1,cifar10,cotta,A-C-B-A,1,bn_affine_frozen_stats,4,0.0001,0.00039999999999995595,0.00039999999999995595,0.6787875,0.866,0.03711909428238869
trajectory_ablation_gpu_v1_cifar10_s01_cotta_ACBA_bn_affine_frozen_stats_p4_lr0.001_v1,cifar10,cotta,A-C-B-A,1,bn_affine_frozen_stats,4,0.001,0.007499999999999951,0.007499999999999951,0.67045,0.8589,0.28680577874183655
trajectory_ablation_gpu_v1_cifar10_s01_cotta_ACBA_bn_affine_frozen_stats_p4_lr0.01_v1,cifar10,cotta,A-C-B-A,1,bn_affine_frozen_stats,4,0.01,0.023599999999999954,0.023599999999999954,0.6505,0.8428,1.238702416419983
trajectory_ablation_gpu_v1_cifar10_s01_eata_ABABA_bn_affine_frozen_stats_p1_lr0.0001_v1,cifar10,eata,A-B-A-B-A,1,bn_affine_frozen_stats,1,0.0001,0.7143999999999999,0.7143999999999999,0.3094,0.152,0.7658320665359497
trajectory_ablation_gpu_v1_cifar10_s01_eata_ABABA_bn_affine_frozen_stats_p1_lr0.001_v1,cifar10,eata,A-B-A-B-A,1,bn_affine_frozen_stats,1,0.001,0.7664,0.7664,0.1087,0.1,1.4693244695663452
trajectory_ablation_gpu_v1_cifar10_s01_eata_ABABA_bn_affine_frozen_stats_p1_lr0.01_v1,cifar10,eata,A-B-A-B-A,1,bn_affine_frozen_stats,1,0.01,0.7664,0.7664,0.10246666666666666,0.1,5.974213600158691
trajectory_ablation_gpu_v1_cifar10_s01_eata_ABABA_bn_affine_frozen_stats_p2_lr0.0001_v1,cifar10,eata,A-B-A-B-A,1,bn_affine_frozen_stats,2,0.0001,0.7664,0.7664,0.20685,0.1,1.0733362436294556
trajectory_ablation_gpu_v1_cifar10_s01_eata_ABABA_bn_affine_frozen_stats_p2_lr0.001_v1,cifar10,eata,A-B-A-B-A,1,bn_affine_frozen_stats,2,0.001,0.7664,0.7664,0.10435,0.1,1.271593689918518
trajectory_ablation_gpu_v1_cifar10_s01_eata_ABABA_bn_affine_frozen_stats_p2_lr0.01_v1,cifar10,eata,A-B-A-B-A,1,bn_affine_frozen_stats,2,0.01,0.7664,0.7664,0.10123333333333333,0.1,3.885552406311035
trajectory_ablation_gpu_v1_cifar10_s01_eata_ABABA_bn_affine_frozen_stats_p4_lr0.0001_v1,cifar10,eata,A-B-A-B-A,1,bn_affine_frozen_stats,4,0.0001,0.7664,0.7664,0.153425,0.1,1.0917088985443115
trajectory_ablation_gpu_v1_cifar10_s01_eata_ABABA_bn_affine_frozen_stats_p4_lr0.001_v1,cifar10,eata,A-B-A-B-A,1,bn_affine_frozen_stats,4,0.001,0.7664,0.7664,0.102175,0.1,1.9782295227050781
trajectory_ablation_gpu_v1_cifar10_s01_eata_ABABA_bn_affine_frozen_stats_p4_lr0.01_v1,cifar10,eata,A-B-A-B-A,1,bn_affine_frozen_stats,4,0.01,0.7664,0.7664,0.10059166666666666,0.1,9.55936050415039
trajectory_ablation_gpu_v1_cifar10_s01_eata_ABA_bn_affine_frozen_stats_p1_lr0.0001_v1,cifar10,eata,A-B-A,1,bn_affine_frozen_stats,1,0.0001,0.2683,0.2683,0.4262,0.5981,0.44074127078056335
trajectory_ablation_gpu_v1_cifar10_s01_eata_ABA_bn_affine_frozen_stats_p1_lr0.001_v1,cifar10,eata,A-B-A,1,bn_affine_frozen_stats,1,0.001,0.7659999999999999,0.7659999999999999,0.1261,0.1004,1.1655365228652954
trajectory_ablation_gpu_v1_cifar10_s01_eata_ABA_bn_affine_frozen_stats_p1_lr0.01_v1,cifar10,eata,A-B-A,1,bn_affine_frozen_stats,1,0.01,0.7636,0.7636,0.1074,0.1028,3.2047441005706787
trajectory_ablation_gpu_v1_cifar10_s01_eata_ABA_bn_affine_frozen_stats_p2_lr0.0001_v1,cifar10,eata,A-B-A,1,bn_affine_frozen_stats,2,0.0001,0.7042999999999999,0.7042999999999999,0.2658,0.1621,0.7138875722885132
trajectory_ablation_gpu_v1_cifar10_s01_eata_ABA_bn_affine_frozen_stats_p2_lr0.001_v1,cifar10,eata,A-B-A,1,bn_affine_frozen_stats,2,0.001,0.7604,0.7604,0.11305,0.106,1.0824780464172363
trajectory_ablation_gpu_v1_cifar10_s01_eata_ABA_bn_affine_frozen_stats_p2_lr0.01_v1,cifar10,eata,A-B-A,1,bn_affine_frozen_stats,2,0.01,0.7664,0.7664,0.1037,0.1,8.926218032836914
trajectory_ablation_gpu_v1_cifar10_s01_eata_ABA_bn_affine_frozen_stats_p4_lr0.0001_v1,cifar10,eata,A-B-A,1,bn_affine_frozen_stats,4,0.0001,0.718,0.718,0.18295,0.1484,0.7418966293334961
trajectory_ablation_gpu_v1_cifar10_s01_eata_ABA_bn_affine_frozen_stats_p4_lr0.001_v1,cifar10,eata,A-B-A,1,bn_affine_frozen_stats,4,0.001,0.7664,0.7664,0.1093,0.1,2.0723907947540283
trajectory_ablation_gpu_v1_cifar10_s01_eata_ABA_bn_affine_frozen_stats_p4_lr0.01_v1,cifar10,eata,A-B-A,1,bn_affine_frozen_stats,4,0.01,0.7664,0.7664,0.10185,0.1,6.570974826812744
trajectory_ablation_gpu_v1_cifar10_s01_eata_ABCA_bn_affine_frozen_stats_p1_lr0.0001_v1,cifar10,eata,A-B-C-A,1,bn_affine_frozen_stats,1,0.0001,0.7354999999999999,0.7354999999999999,0.3242,0.1309,0.7735065221786499
trajectory_ablation_gpu_v1_cifar10_s01_eata_ABCA_bn_affine_frozen_stats_p1_lr0.001_v1,cifar10,eata,A-B-C-A,1,bn_affine_frozen_stats,1,0.001,0.7664,0.7664,0.11305,0.1,1.5176594257354736
trajectory_ablation_gpu_v1_cifar10_s01_eata_ABCA_bn_affine_frozen_stats_p1_lr0.01_v1,cifar10,eata,A-B-C-A,1,bn_affine_frozen_stats,1,0.01,0.7664,0.7664,0.1054,0.1,5.513275146484375
trajectory_ablation_gpu_v1_cifar10_s01_eata_ABCA_bn_affine_frozen_stats_p2_lr0.0001_v1,cifar10,eata,A-B-C-A,1,bn_affine_frozen_stats,2,0.0001,0.7653,0.7653,0.212275,0.1011,0.9292252063751221
trajectory_ablation_gpu_v1_cifar10_s01_eata_ABCA_bn_affine_frozen_stats_p2_lr0.001_v1,cifar10,eata,A-B-C-A,1,bn_affine_frozen_stats,2,0.001,0.7664,0.7664,0.106525,0.1,1.3853695392608643
trajectory_ablation_gpu_v1_cifar10_s01_eata_ABCA_bn_affine_frozen_stats_p2_lr0.01_v1,cifar10,eata,A-B-C-A,1,bn_affine_frozen_stats,2,0.01,0.7664,0.7664,0.1027,0.1,3.2339391708374023
trajectory_ablation_gpu_v1_cifar10_s01_eata_ABCA_bn_affine_frozen_stats_p4_lr0.0001_v1,cifar10,eata,A-B-C-A,1,bn_affine_frozen_stats,4,0.0001,0.7663,0.7663,0.1561625,0.1001,1.0329784154891968
trajectory_ablation_gpu_v1_cifar10_s01_eata_ABCA_bn_affine_frozen_stats_p4_lr0.001_v1,cifar10,eata,A-B-C-A,1,bn_affine_frozen_stats,4,0.001,0.7664,0.7664,0.1032625,0.1,2.190448045730591
trajectory_ablation_gpu_v1_cifar10_s01_eata_ABCA_bn_affine_frozen_stats_p4_lr0.01_v1,cifar10,eata,A-B-C-A,1,bn_affine_frozen_stats,4,0.01,0.7664,0.7664,0.10135,0.1,7.603524684906006
trajectory_ablation_gpu_v1_cifar10_s01_eata_ACBA_bn_affine_frozen_stats_p1_lr0.0001_v1,cifar10,eata,A-C-B-A,1,bn_affine_frozen_stats,1,0.0001,0.2549999999999999,0.2549999999999999,0.59555,0.6114,0.6251211762428284
trajectory_ablation_gpu_v1_cifar10_s01_eata_ACBA_bn_affine_frozen_stats_p1_lr0.001_v1,cifar10,eata,A-C-B-A,1,bn_affine_frozen_stats,1,0.001,0.6701999999999999,0.6701999999999999,0.21765,0.1962,1.5052881240844727
trajectory_ablation_gpu_v1_cifar10_s01_eata_ACBA_bn_affine_frozen_stats_p1_lr0.01_v1,cifar10,eata,A-C-B-A,1,bn_affine_frozen_stats,1,0.01,0.7664,0.7664,0.1066,0.1,9.064408302307129
trajectory_ablation_gpu_v1_cifar10_s01_eata_ACBA_bn_affine_frozen_stats_p2_lr0.0001_v1,cifar10,eata,A-C-B-A,1,bn_affine_frozen_stats,2,0.0001,0.7662,0.7662,0.3734,0.1002,1.0376957654953003
trajectory_ablation_gpu_v1_cifar10_s01_eata_ACBA_bn_affine_frozen_stats_p2_lr0.001_v1,cifar10,eata,A-C-B-A,1,bn_affine_frozen_stats,2,0.001,0.7664,0.7664,0.179975,0.1,2.149121046066284
trajectory_ablation_gpu_v1_cifar10_s01_eata_ACBA_bn_affine_frozen_stats_p2_lr0.01_v1,cifar10,eata,A-C-B-A,1,bn_affine_frozen_stats,2,0.01,0.7664,0.7664,0.1033,0.1,7.4449357986450195
trajectory_ablation_gpu_v1_cifar10_s01_eata_ACBA_bn_affine_frozen_stats_p4_lr0.0001_v1,cifar10,eata,A-C-B-A,1,bn_affine_frozen_stats,4,0.0001,0.7662,0.7662,0.2367375,0.1002,1.0817466974258423
trajectory_ablation_gpu_v1_cifar10_s01_eata_ACBA_bn_affine_frozen_stats_p4_lr0.001_v1,cifar10,eata,A-C-B-A,1,bn_affine_frozen_stats,4,0.001,0.7664,0.7664,0.1399875,0.1,1.9484144449234009
trajectory_ablation_gpu_v1_cifar10_s01_eata_ACBA_bn_affine_frozen_stats_p4_lr0.01_v1,cifar10,eata,A-C-B-A,1,bn_affine_frozen_stats,4,0.01,0.7664,0.7664,0.10165,0.1,4.706136226654053
trajectory_ablation_gpu_v1_cifar10_s01_rotta_ABABA_bn_affine_frozen_stats_p1_lr0.0001_v1,cifar10,rotta,A-B-A-B-A,1,bn_affine_frozen_stats,1,0.0001,0.0,0.0,0.6851333333333334,0.8664,2.369125013501616e-06
trajectory_ablation_gpu_v1_cifar10_s01_rotta_ABABA_bn_affine_frozen_stats_p1_lr0.001_v1,cifar10,rotta,A-B-A-B-A,1,bn_affine_frozen_stats,1,0.001,0.0,0.0,0.6851333333333334,0.8664,5.084438089397736e-05
trajectory_ablation_gpu_v1_cifar10_s01_rotta_ABABA_bn_affine_frozen_stats_p1_lr0.01_v1,cifar10,rotta,A-B-A-B-A,1,bn_affine_frozen_stats,1,0.01,-0.00010000000000010001,-0.00010000000000010001,0.6849333333333333,0.8665,0.002563438145443797
trajectory_ablation_gpu_v1_cifar10_s01_rotta_ABABA_bn_affine_frozen_stats_p2_lr0.0001_v1,cifar10,rotta,A-B-A-B-A,1,bn_affine_frozen_stats,2,0.0001,0.0,0.0,0.6851333333333334,0.8664,6.41710630588932e-06
trajectory_ablation_gpu_v1_cifar10_s01_rotta_ABABA_bn_affine_frozen_stats_p2_lr0.001_v1,cifar10,rotta,A-B-A-B-A,1,bn_affine_frozen_stats,2,0.001,0.0,0.0,0.6851333333333334,0.8664,6.007381671224721e-05
trajectory_ablation_gpu_v1_cifar10_s01_rotta_ABABA_bn_affine_frozen_stats_p2_lr0.01_v1,cifar10,rotta,A-B-A-B-A,1,bn_affine_frozen_stats,2,0.01,-0.000300000000000078,-0.000300000000000078,0.6848166666666666,0.8667,0.007557793520390987
trajectory_ablation_gpu_v1_cifar10_s01_rotta_ABABA_bn_affine_frozen_stats_p4_lr0.0001_v1,cifar10,rotta,A-B-A-B-A,1,bn_affine_frozen_stats,4,0.0001,0.0,0.0,0.6851333333333334,0.8664,7.097830348357093e-06
trajectory_ablation_gpu_v1_cifar10_s01_rotta_ABABA_bn_affine_frozen_stats_p4_lr0.001_v1,cifar10,rotta,A-B-A-B-A,1,bn_affine_frozen_stats,4,0.001,0.0,0.0,0.6851333333333334,0.8664,7.431871199514717e-05
trajectory_ablation_gpu_v1_cifar10_s01_rotta_ABABA_bn_affine_frozen_stats_p4_lr0.01_v1,cifar10,rotta,A-B-A-B-A,1,bn_affine_frozen_stats,4,0.01,0.0030000000000000027,0.0030000000000000027,0.6848916666666667,0.8634,0.1762550175189972
trajectory_ablation_gpu_v1_cifar10_s01_rotta_ABA_bn_affine_frozen_stats_p1_lr0.0001_v1,cifar10,rotta,A-B-A,1,bn_affine_frozen_stats,1,0.0001,0.0,0.0,0.5945,0.8664,1.7680978317002882e-06
trajectory_ablation_gpu_v1_cifar10_s01_rotta_ABA_bn_affine_frozen_stats_p1_lr0.001_v1,cifar10,rotta,A-B-A,1,bn_affine_frozen_stats,1,0.001,0.0,0.0,0.5945,0.8664,2.3042688553687185e-05
trajectory_ablation_gpu_v1_cifar10_s01_rotta_ABA_bn_affine_frozen_stats_p1_lr0.01_v1,cifar10,rotta,A-B-A,1,bn_affine_frozen_stats,1,0.01,0.0,0.0,0.5945,0.8664,0.0004484363889787346
trajectory_ablation_gpu_v1_cifar10_s01_rotta_ABA_bn_affine_frozen_stats_p2_lr0.0001_v1,cifar10,rotta,A-B-A,1,bn_affine_frozen_stats,2,0.0001,0.0,0.0,0.59445,0.8664,2.3458323994418606e-06
trajectory_ablation_gpu_v1_cifar10_s01_rotta_ABA_bn_affine_frozen_stats_p2_lr0.001_v1,cifar10,rotta,A-B-A,1,bn_affine_frozen_stats,2,0.001,0.0,0.0,0.59445,0.8664,2.036625664914027e-05
trajectory_ablation_gpu_v1_cifar10_s01_rotta_ABA_bn_affine_frozen_stats_p2_lr0.01_v1,cifar10,rotta,A-B-A,1,bn_affine_frozen_stats,2,0.01,-0.00010000000000010001,-0.00010000000000010001,0.59435,0.8665,0.0004286711919121444
trajectory_ablation_gpu_v1_cifar10_s01_rotta_ABA_bn_affine_frozen_stats_p4_lr0.0001_v1,cifar10,rotta,A-B-A,1,bn_affine_frozen_stats,4,0.0001,0.0,0.0,0.594475,0.8664,2.9424279546219623e-06
trajectory_ablation_gpu_v1_cifar10_s01_rotta_ABA_bn_affine_frozen_stats_p4_lr0.001_v1,cifar10,rotta,A-B-A,1,bn_affine_frozen_stats,4,0.001,0.0,0.0,0.59445,0.8664,4.37724738731049e-05
trajectory_ablation_gpu_v1_cifar10_s01_rotta_ABA_bn_affine_frozen_stats_p4_lr0.01_v1,cifar10,rotta,A-B-A,1,bn_affine_frozen_stats,4,0.01,0.0,0.0,0.59435,0.8664,0.0011701590847223997
trajectory_ablation_gpu_v1_cifar10_s01_rotta_ABCA_bn_affine_frozen_stats_p1_lr0.0001_v1,cifar10,rotta,A-B-C-A,1,bn_affine_frozen_stats,1,0.0001,0.0,0.0,0.68045,0.8664,2.762352778518107e-06
trajectory_ablation_gpu_v1_cifar10_s01_rotta_ABCA_bn_affine_frozen_stats_p1_lr0.001_v1,cifar10,rotta,A-B-C-A,1,bn_affine_frozen_stats,1,0.001,0.0,0.0,0.6805,0.8664,3.7366091419244185e-05
trajectory_ablation_gpu_v1_cifar10_s01_rotta_ABCA_bn_affine_frozen_stats_p1_lr0.01_v1,cifar10,rotta,A-B-C-A,1,bn_affine_frozen_stats,1,0.01,0.0,0.0,0.6806,0.8664,0.0005846332060173154
trajectory_ablation_gpu_v1_cifar10_s01_rotta_ABCA_bn_affine_frozen_stats_p2_lr0.0001_v1,cifar10,rotta,A-B-C-A,1,bn_affine_frozen_stats,2,0.0001,0.0,0.0,0.680475,0.8664,3.7196793982730014e-06
trajectory_ablation_gpu_v1_cifar10_s01_rotta_ABCA_bn_affine_frozen_stats_p2_lr0.001_v1,cifar10,rotta,A-B-C-A,1,bn_affine_frozen_stats,2,0.001,0.0,0.0,0.680525,0.8664,5.2501891332212836e-05
trajectory_ablation_gpu_v1_cifar10_s01_rotta_ABCA_bn_affine_frozen_stats_p2_lr0.01_v1,cifar10,rotta,A-B-C-A,1,bn_affine_frozen_stats,2,0.01,0.0,0.0,0.680475,0.8664,0.0009172444115392864
trajectory_ablation_gpu_v1_cifar10_s01_rotta_ABCA_bn_affine_frozen_stats_p4_lr0.0001_v1,cifar10,rotta,A-B-C-A,1,bn_affine_frozen_stats,4,0.0001,0.0,0.0,0.6804875,0.8664,5.1227884796389844e-06
trajectory_ablation_gpu_v1_cifar10_s01_rotta_ABCA_bn_affine_frozen_stats_p4_lr0.001_v1,cifar10,rotta,A-B-C-A,1,bn_affine_frozen_stats,4,0.001,0.0,0.0,0.6804875,0.8664,6.856073014205322e-05
trajectory_ablation_gpu_v1_cifar10_s01_rotta_ABCA_bn_affine_frozen_stats_p4_lr0.01_v1,cifar10,rotta,A-B-C-A,1,bn_affine_frozen_stats,4,0.01,0.0,0.0,0.6803875,0.8664,0.0017475192435085773
trajectory_ablation_gpu_v1_cifar10_s01_rotta_ACBA_bn_affine_frozen_stats_p1_lr0.0001_v1,cifar10,rotta,A-C-B-A,1,bn_affine_frozen_stats,1,0.0001,0.0,0.0,0.6804,0.8664,3.418817641431815e-06
trajectory_ablation_gpu_v1_cifar10_s01_rotta_ACBA_bn_affine_frozen_stats_p1_lr0.001_v1,cifar10,rotta,A-C-B-A,1,bn_affine_frozen_stats,1,0.001,0.0,0.0,0.68045,0.8664,4.655321754398756e-05
trajectory_ablation_gpu_v1_cifar10_s01_rotta_ACBA_bn_affine_frozen_stats_p1_lr0.01_v1,cifar10,rotta,A-C-B-A,1,bn_affine_frozen_stats,1,0.01,-0.00010000000000010001,-0.00010000000000010001,0.6805,0.8665,0.0009634841699153185
trajectory_ablation_gpu_v1_cifar10_s01_rotta_ACBA_bn_affine_frozen_stats_p2_lr0.0001_v1,cifar10,rotta,A-C-B-A,1,bn_affine_frozen_stats,2,0.0001,0.0,0.0,0.68045,0.8664,4.8999804675986525e-06
trajectory_ablation_gpu_v1_cifar10_s01_rotta_ACBA_bn_affine_frozen_stats_p2_lr0.001_v1,cifar10,rotta,A-C-B-A,1,bn_affine_frozen_stats,2,0.001,0.0,0.0,0.68045,0.8664,5.724203583667986e-05
trajectory_ablation_gpu_v1_cifar10_s01_rotta_ACBA_bn_affine_frozen_stats_p2_lr0.01_v1,cifar10,rotta,A-C-B-A,1,bn_affine_frozen_stats,2,0.01,0.0,0.0,0.6805,0.8664,0.0010431368136778474
trajectory_ablation_gpu_v1_cifar10_s01_rotta_ACBA_bn_affine_frozen_stats_p4_lr0.0001_v1,cifar10,rotta,A-C-B-A,1,bn_affine_frozen_stats,4,0.0001,0.0,0.0,0.6804125,0.8664,5.2213549679436255e-06
trajectory_ablation_gpu_v1_cifar10_s01_rotta_ACBA_bn_affine_frozen_stats_p4_lr0.001_v1,cifar10,rotta,A-C-B-A,1,bn_affine_frozen_stats,4,0.001,0.0,0.0,0.680425,0.8664,7.051815191516653e-05
trajectory_ablation_gpu_v1_cifar10_s01_rotta_ACBA_bn_affine_frozen_stats_p4_lr0.01_v1,cifar10,rotta,A-C-B-A,1,bn_affine_frozen_stats,4,0.01,-0.00010000000000010001,-0.00010000000000010001,0.680375,0.8665,0.0022295445669442415
trajectory_ablation_gpu_v1_cifar10_s01_sar_ABABA_bn_affine_frozen_stats_p1_lr0.0001_v1,cifar10,sar,A-B-A-B-A,1,bn_affine_frozen_stats,1,0.0001,-0.00040000000000006697,-0.00040000000000006697,0.6851666666666667,0.8668,0.016580427065491676
trajectory_ablation_gpu_v1_cifar10_s01_sar_ABABA_bn_affine_frozen_stats_p1_lr0.001_v1,cifar10,sar,A-B-A-B-A,1,bn_affine_frozen_stats,1,0.001,0.0034999999999999476,0.0034999999999999476,0.6799333333333333,0.8629,0.13235127925872803
trajectory_ablation_gpu_v1_cifar10_s01_sar_ABABA_bn_affine_frozen_stats_p1_lr0.01_v1,cifar10,sar,A-B-A-B-A,1,bn_affine_frozen_stats,1,0.01,0.0976999999999999,0.0976999999999999,0.5883666666666667,0.7687,0.40666812658309937
trajectory_ablation_gpu_v1_cifar10_s01_sar_ABABA_bn_affine_frozen_stats_p2_lr0.0001_v1,cifar10,sar,A-B-A-B-A,1,bn_affine_frozen_stats,2,0.0001,-0.000200000000000089,-0.000200000000000089,0.6853166666666667,0.8666,0.032037947326898575
trajectory_ablation_gpu_v1_cifar10_s01_sar_ABABA_bn_affine_frozen_stats_p2_lr0.001_v1,cifar10,sar,A-B-A-B-A,1,bn_affine_frozen_stats,2,0.001,0.015899999999999914,0.015899999999999914,0.66675,0.8505,0.22576263546943665
trajectory_ablation_gpu_v1_cifar10_s01_sar_ABABA_bn_affine_frozen_stats_p2_lr0.01_v1,cifar10,sar,A-B-A-B-A,1,bn_affine_frozen_stats,2,0.01,0.02969999999999995,0.02969999999999995,0.58715,0.8367,0.18513724207878113
trajectory_ablation_gpu_v1_cifar10_s01_sar_ABABA_bn_affine_frozen_stats_p4_lr0.0001_v1,cifar10,sar,A-B-A-B-A,1,bn_affine_frozen_stats,4,0.0001,0.0006999999999999229,0.0006999999999999229,0.6846583333333334,0.8657,0.06034678965806961
trajectory_ablation_gpu_v1_cifar10_s01_sar_ABABA_bn_affine_frozen_stats_p4_lr0.001_v1,cifar10,sar,A-B-A-B-A,1,bn_affine_frozen_stats,4,0.001,0.0714999999999999,0.0714999999999999,0.632725,0.7949,0.3690575659275055
trajectory_ablation_gpu_v1_cifar10_s01_sar_ABABA_bn_affine_frozen_stats_p4_lr0.01_v1,cifar10,sar,A-B-A-B-A,1,bn_affine_frozen_stats,4,0.01,0.005199999999999982,0.005199999999999982,0.58625,0.8612,0.1429634839296341
trajectory_ablation_gpu_v1_cifar10_s01_sar_ABA_bn_affine_frozen_stats_p1_lr0.0001_v1,cifar10,sar,A-B-A,1,bn_affine_frozen_stats,1,0.0001,-0.00010000000000010001,-0.00010000000000010001,0.5947,0.8665,0.0076634990982711315
trajectory_ablation_gpu_v1_cifar10_s01_sar_ABA_bn_affine_frozen_stats_p1_lr0.001_v1,cifar10,sar,A-B-A,1,bn_affine_frozen_stats,1,0.001,0.0016999999999999238,0.0016999999999999238,0.5928,0.8647,0.0683690756559372
trajectory_ablation_gpu_v1_cifar10_s01_sar_ABA_bn_affine_frozen_stats_p1_lr0.01_v1,cifar10,sar,A-B-A,1,bn_affine_frozen_stats,1,0.01,0.09309999999999996,0.09309999999999996,0.5295,0.7733,0.3998803198337555
trajectory_ablation_gpu_v1_cifar10_s01_sar_ABA_bn_affine_frozen_stats_p2_lr0.0001_v1,cifar10,sar,A-B-A,1,bn_affine_frozen_stats,2,0.0001,9.999999999998899e-05,9.999999999998899e-05,0.5948,0.8663,0.015110532753169537
trajectory_ablation_gpu_v1_cifar10_s01_sar_ABA_bn_affine_frozen_stats_p2_lr0.001_v1,cifar10,sar,A-B-A,1,bn_affine_frozen_stats,2,0.001,0.0039999999999998925,0.0039999999999998925,0.587,0.8624,0.12518228590488434
trajectory_ablation_gpu_v1_cifar10_s01_sar_ABA_bn_affine_frozen_stats_p2_lr0.01_v1,cifar10,sar,A-B-A,1,bn_affine_frozen_stats,2,0.01,0.05669999999999997,0.05669999999999997,0.5132,0.8097,0.35786935687065125
trajectory_ablation_gpu_v1_cifar10_s01_sar_ABA_bn_affine_frozen_stats_p4_lr0.0001_v1,cifar10,sar,A-B-A,1,bn_affine_frozen_stats,4,0.0001,0.0,0.0,0.594875,0.8664,0.02939409762620926
trajectory_ablation_gpu_v1_cifar10_s01_sar_ABA_bn_affine_frozen_stats_p4_lr0.001_v1,cifar10,sar,A-B-A,1,bn_affine_frozen_stats,4,0.001,0.019099999999999895,0.019099999999999895,0.569975,0.8473,0.21501313149929047
trajectory_ablation_gpu_v1_cifar10_s01_sar_ABA_bn_affine_frozen_stats_p4_lr0.01_v1,cifar10,sar,A-B-A,1,bn_affine_frozen_stats,4,0.01,0.02969999999999995,0.02969999999999995,0.479725,0.8367,0.18513724207878113
trajectory_ablation_gpu_v1_cifar10_s01_sar_ABCA_bn_affine_frozen_stats_p1_lr0.0001_v1,cifar10,sar,A-B-C-A,1,bn_affine_frozen_stats,1,0.0001,-0.000200000000000089,-0.000200000000000089,0.6815,0.8666,0.010482296347618103
trajectory_ablation_gpu_v1_cifar10_s01_sar_ABCA_bn_affine_frozen_stats_p1_lr0.001_v1,cifar10,sar,A-B-C-A,1,bn_affine_frozen_stats,1,0.001,0.0005999999999999339,0.0005999999999999339,0.6809,0.8658,0.08956111967563629
trajectory_ablation_gpu_v1_cifar10_s01_sar_ABCA_bn_affine_frozen_stats_p1_lr0.01_v1,cifar10,sar,A-B-C-A,1,bn_affine_frozen_stats,1,0.01,0.0022999999999999687,0.0022999999999999687,0.5684,0.8641,0.1457737535238266
trajectory_ablation_gpu_v1_cifar10_s01_sar_ABCA_bn_affine_frozen_stats_p2_lr0.0001_v1,cifar10,sar,A-B-C-A,1,bn_affine_frozen_stats,2,0.0001,-0.0009000000000000119,-0.0009000000000000119,0.6812,0.8673,0.020499348640441895
trajectory_ablation_gpu_v1_cifar10_s01_sar_ABCA_bn_affine_frozen_stats_p2_lr0.001_v1,cifar10,sar,A-B-C-A,1,bn_affine_frozen_stats,2,0.001,0.009199999999999986,0.009199999999999986,0.669,0.8572,0.16260285675525665
trajectory_ablation_gpu_v1_cifar10_s01_sar_ABCA_bn_affine_frozen_stats_p2_lr0.01_v1,cifar10,sar,A-B-C-A,1,bn_affine_frozen_stats,2,0.01,0.1398999999999999,0.1398999999999999,0.57645,0.7265,0.4117838144302368
trajectory_ablation_gpu_v1_cifar10_s01_sar_ABCA_bn_affine_frozen_stats_p4_lr0.0001_v1,cifar10,sar,A-B-C-A,1,bn_affine_frozen_stats,4,0.0001,0.0,0.0,0.6804,0.8664,0.03933900594711304
trajectory_ablation_gpu_v1_cifar10_s01_sar_ABCA_bn_affine_frozen_stats_p4_lr0.001_v1,cifar10,sar,A-B-C-A,1,bn_affine_frozen_stats,4,0.001,0.03309999999999991,0.03309999999999991,0.644875,0.8333,0.2780013382434845
trajectory_ablation_gpu_v1_cifar10_s01_sar_ABCA_bn_affine_frozen_stats_p4_lr0.01_v1,cifar10,sar,A-B-C-A,1,bn_affine_frozen_stats,4,0.01,0.14749999999999996,0.14749999999999996,0.571975,0.7189,0.4328583776950836
trajectory_ablation_gpu_v1_cifar10_s01_sar_ACBA_bn_affine_frozen_stats_p1_lr0.0001_v1,cifar10,sar,A-C-B-A,1,bn_affine_frozen_stats,1,0.0001,-0.00010000000000010001,-0.00010000000000010001,0.67975,0.8665,0.010486818850040436
trajectory_ablation_gpu_v1_cifar10_s01_sar_ACBA_bn_affine_frozen_stats_p1_lr0.001_v1,cifar10,sar,A-C-B-A,1,bn_affine_frozen_stats,1,0.001,0.0010999999999999899,0.0010999999999999899,0.6691,0.8653,0.08983396738767624
trajectory_ablation_gpu_v1_cifar10_s01_sar_ACBA_bn_affine_frozen_stats_p1_lr0.01_v1,cifar10,sar,A-C-B-A,1,bn_affine_frozen_stats,1,0.01,0.06369999999999998,0.06369999999999998,0.6631,0.8027,0.5128345489501953
trajectory_ablation_gpu_v1_cifar10_s01_sar_ACBA_bn_affine_frozen_stats_p2_lr0.0001_v1,cifar10,sar,A-C-B-A,1,bn_affine_frozen_stats,2,0.0001,-0.0008000000000000229,-0.0008000000000000229,0.67925,0.8672,0.020498711615800858
trajectory_ablation_gpu_v1_cifar10_s01_sar_ACBA_bn_affine_frozen_stats_p2_lr0.001_v1,cifar10,sar,A-C-B-A,1,bn_affine_frozen_stats,2,0.001,0.008199999999999985,0.008199999999999985,0.66065,0.8582,0.16294236481189728
trajectory_ablation_gpu_v1_cifar10_s01_sar_ACBA_bn_affine_frozen_stats_p2_lr0.01_v1,cifar10,sar,A-C-B-A,1,bn_affine_frozen_stats,2,0.01,0.02839999999999998,0.02839999999999998,0.61785,0.838,0.18778003752231598
trajectory_ablation_gpu_v1_cifar10_s01_sar_ACBA_bn_affine_frozen_stats_p4_lr0.0001_v1,cifar10,sar,A-C-B-A,1,bn_affine_frozen_stats,4,0.0001,0.0,0.0,0.6787,0.8664,0.039334774017333984
trajectory_ablation_gpu_v1_cifar10_s01_sar_ACBA_bn_affine_frozen_stats_p4_lr0.001_v1,cifar10,sar,A-C-B-A,1,bn_affine_frozen_stats,4,0.001,0.03279999999999994,0.03279999999999994,0.640425,0.8336,0.27835357189178467
trajectory_ablation_gpu_v1_cifar10_s01_sar_ACBA_bn_affine_frozen_stats_p4_lr0.01_v1,cifar10,sar,A-C-B-A,1,bn_affine_frozen_stats,4,0.01,0.03709999999999991,0.03709999999999991,0.593225,0.8293,0.22897589206695557
trajectory_ablation_gpu_v1_cifar10_s01_source_ABABA_bn_affine_frozen_stats_p1_lr0.0001_v1,cifar10,source,A-B-A-B-A,1,bn_affine_frozen_stats,1,0.0001,0.0,0.0,0.6851333333333334,0.8664,0.0
trajectory_ablation_gpu_v1_cifar10_s01_source_ABABA_bn_affine_frozen_stats_p1_lr0.001_v1,cifar10,source,A-B-A-B-A,1,bn_affine_frozen_stats,1,0.001,0.0,0.0,0.6851333333333334,0.8664,0.0
trajectory_ablation_gpu_v1_cifar10_s01_source_ABABA_bn_affine_frozen_stats_p1_lr0.01_v1,cifar10,source,A-B-A-B-A,1,bn_affine_frozen_stats,1,0.01,0.0,0.0,0.6851333333333334,0.8664,0.0
trajectory_ablation_gpu_v1_cifar10_s01_source_ABABA_bn_affine_frozen_stats_p2_lr0.0001_v1,cifar10,source,A-B-A-B-A,1,bn_affine_frozen_stats,2,0.0001,0.0,0.0,0.6851333333333334,0.8664,0.0
trajectory_ablation_gpu_v1_cifar10_s01_source_ABABA_bn_affine_frozen_stats_p2_lr0.001_v1,cifar10,source,A-B-A-B-A,1,bn_affine_frozen_stats,2,0.001,0.0,0.0,0.6851333333333334,0.8664,0.0
trajectory_ablation_gpu_v1_cifar10_s01_source_ABABA_bn_affine_frozen_stats_p2_lr0.01_v1,cifar10,source,A-B-A-B-A,1,bn_affine_frozen_stats,2,0.01,0.0,0.0,0.6851333333333334,0.8664,0.0
trajectory_ablation_gpu_v1_cifar10_s01_source_ABABA_bn_affine_frozen_stats_p4_lr0.0001_v1,cifar10,source,A-B-A-B-A,1,bn_affine_frozen_stats,4,0.0001,0.0,0.0,0.6851333333333334,0.8664,0.0
trajectory_ablation_gpu_v1_cifar10_s01_source_ABABA_bn_affine_frozen_stats_p4_lr0.001_v1,cifar10,source,A-B-A-B-A,1,bn_affine_frozen_stats,4,0.001,0.0,0.0,0.6851333333333334,0.8664,0.0
trajectory_ablation_gpu_v1_cifar10_s01_source_ABABA_bn_affine_frozen_stats_p4_lr0.01_v1,cifar10,source,A-B-A-B-A,1,bn_affine_frozen_stats,4,0.01,0.0,0.0,0.6851333333333334,0.8664,0.0
trajectory_ablation_gpu_v1_cifar10_s01_source_ABA_bn_affine_frozen_stats_p1_lr0.0001_v1,cifar10,source,A-B-A,1,bn_affine_frozen_stats,1,0.0001,0.0,0.0,0.5945,0.8664,0.0
trajectory_ablation_gpu_v1_cifar10_s01_source_ABA_bn_affine_frozen_stats_p1_lr0.001_v1,cifar10,source,A-B-A,1,bn_affine_frozen_stats,1,0.001,0.0,0.0,0.5945,0.8664,0.0
trajectory_ablation_gpu_v1_cifar10_s01_source_ABA_bn_affine_frozen_stats_p1_lr0.01_v1,cifar10,source,A-B-A,1,bn_affine_frozen_stats,1,0.01,0.0,0.0,0.5945,0.8664,0.0
trajectory_ablation_gpu_v1_cifar10_s01_source_ABA_bn_affine_frozen_stats_p2_lr0.0001_v1,cifar10,source,A-B-A,1,bn_affine_frozen_stats,2,0.0001,0.0,0.0,0.5945,0.8664,0.0
trajectory_ablation_gpu_v1_cifar10_s01_source_ABA_bn_affine_frozen_stats_p2_lr0.001_v1,cifar10,source,A-B-A,1,bn_affine_frozen_stats,2,0.001,0.0,0.0,0.5945,0.8664,0.0
trajectory_ablation_gpu_v1_cifar10_s01_source_ABA_bn_affine_frozen_stats_p2_lr0.01_v1,cifar10,source,A-B-A,1,bn_affine_frozen_stats,2,0.01,0.0,0.0,0.5945,0.8664,0.0
trajectory_ablation_gpu_v1_cifar10_s01_source_ABA_bn_affine_frozen_stats_p4_lr0.0001_v1,cifar10,source,A-B-A,1,bn_affine_frozen_stats,4,0.0001,0.0,0.0,0.5945,0.8664,0.0
trajectory_ablation_gpu_v1_cifar10_s01_source_ABA_bn_affine_frozen_stats_p4_lr0.001_v1,cifar10,source,A-B-A,1,bn_affine_frozen_stats,4,0.001,0.0,0.0,0.5945,0.8664,0.0
trajectory_ablation_gpu_v1_cifar10_s01_source_ABA_bn_affine_frozen_stats_p4_lr0.01_v1,cifar10,source,A-B-A,1,bn_affine_frozen_stats,4,0.01,0.0,0.0,0.5945,0.8664,0.0
trajectory_ablation_gpu_v1_cifar10_s01_source_ABCA_bn_affine_frozen_stats_p1_lr0.0001_v1,cifar10,source,A-B-C-A,1,bn_affine_frozen_stats,1,0.0001,0.0,0.0,0.6805,0.8664,0.0
trajectory_ablation_gpu_v1_cifar10_s01_source_ABCA_bn_affine_frozen_stats_p1_lr0.001_v1,cifar10,source,A-B-C-A,1,bn_affine_frozen_stats,1,0.001,0.0,0.0,0.6805,0.8664,0.0
trajectory_ablation_gpu_v1_cifar10_s01_source_ABCA_bn_affine_frozen_stats_p1_lr0.01_v1,cifar10,source,A-B-C-A,1,bn_affine_frozen_stats,1,0.01,0.0,0.0,0.6805,0.8664,0.0
trajectory_ablation_gpu_v1_cifar10_s01_source_ABCA_bn_affine_frozen_stats_p2_lr0.0001_v1,cifar10,source,A-B-C-A,1,bn_affine_frozen_stats,2,0.0001,0.0,0.0,0.6805,0.8664,0.0
trajectory_ablation_gpu_v1_cifar10_s01_source_ABCA_bn_affine_frozen_stats_p2_lr0.001_v1,cifar10,source,A-B-C-A,1,bn_affine_frozen_stats,2,0.001,0.0,0.0,0.6805,0.8664,0.0
trajectory_ablation_gpu_v1_cifar10_s01_source_ABCA_bn_affine_frozen_stats_p2_lr0.01_v1,cifar10,source,A-B-C-A,1,bn_affine_frozen_stats,2,0.01,0.0,0.0,0.6805,0.8664,0.0
trajectory_ablation_gpu_v1_cifar10_s01_source_ABCA_bn_affine_frozen_stats_p4_lr0.0001_v1,cifar10,source,A-B-C-A,1,bn_affine_frozen_stats,4,0.0001,0.0,0.0,0.6805,0.8664,0.0
trajectory_ablation_gpu_v1_cifar10_s01_source_ABCA_bn_affine_frozen_stats_p4_lr0.001_v1,cifar10,source,A-B-C-A,1,bn_affine_frozen_stats,4,0.001,0.0,0.0,0.6805,0.8664,0.0
trajectory_ablation_gpu_v1_cifar10_s01_source_ABCA_bn_affine_frozen_stats_p4_lr0.01_v1,cifar10,source,A-B-C-A,1,bn_affine_frozen_stats,4,0.01,0.0,0.0,0.6805,0.8664,0.0
trajectory_ablation_gpu_v1_cifar10_s01_source_ACBA_bn_affine_frozen_stats_p1_lr0.0001_v1,cifar10,source,A-C-B-A,1,bn_affine_frozen_stats,1,0.0001,0.0,0.0,0.6805,0.8664,0.0
trajectory_ablation_gpu_v1_cifar10_s01_source_ACBA_bn_affine_frozen_stats_p1_lr0.001_v1,cifar10,source,A-C-B-A,1,bn_affine_frozen_stats,1,0.001,0.0,0.0,0.6805,0.8664,0.0
trajectory_ablation_gpu_v1_cifar10_s01_source_ACBA_bn_affine_frozen_stats_p1_lr0.01_v1,cifar10,source,A-C-B-A,1,bn_affine_frozen_stats,1,0.01,0.0,0.0,0.6805,0.8664,0.0
trajectory_ablation_gpu_v1_cifar10_s01_source_ACBA_bn_affine_frozen_stats_p2_lr0.0001_v1,cifar10,source,A-C-B-A,1,bn_affine_frozen_stats,2,0.0001,0.0,0.0,0.6805,0.8664,0.0
trajectory_ablation_gpu_v1_cifar10_s01_source_ACBA_bn_affine_frozen_stats_p2_lr0.001_v1,cifar10,source,A-C-B-A,1,bn_affine_frozen_stats,2,0.001,0.0,0.0,0.6805,0.8664,0.0
trajectory_ablation_gpu_v1_cifar10_s01_source_ACBA_bn_affine_frozen_stats_p2_lr0.01_v1,cifar10,source,A-C-B-A,1,bn_affine_frozen_stats,2,0.01,0.0,0.0,0.6805,0.8664,0.0
trajectory_ablation_gpu_v1_cifar10_s01_source_ACBA_bn_affine_frozen_stats_p4_lr0.0001_v1,cifar10,source,A-C-B-A,1,bn_affine_frozen_stats,4,0.0001,0.0,0.0,0.6805,0.8664,0.0
trajectory_ablation_gpu_v1_cifar10_s01_source_ACBA_bn_affine_frozen_stats_p4_lr0.001_v1,cifar10,source,A-C-B-A,1,bn_affine_frozen_stats,4,0.001,0.0,0.0,0.6805,0.8664,0.0
trajectory_ablation_gpu_v1_cifar10_s01_source_ACBA_bn_affine_frozen_stats_p4_lr0.01_v1,cifar10,source,A-C-B-A,1,bn_affine_frozen_stats,4,0.01,0.0,0.0,0.6805,0.8664,0.0
trajectory_ablation_gpu_v1_cifar10_s01_tent_ABABA_bn_affine_frozen_stats_p1_lr0.0001_v1,cifar10,tent,A-B-A-B-A,1,bn_affine_frozen_stats,1,0.0001,-0.000300000000000078,-0.000300000000000078,0.6843666666666667,0.8667,0.016802821308374405
trajectory_ablation_gpu_v1_cifar10_s01_tent_ABABA_bn_affine_frozen_stats_p1_lr0.001_v1,cifar10,tent,A-B-A-B-A,1,bn_affine_frozen_stats,1,0.001,0.0492999999999999,0.0492999999999999,0.64,0.8171,0.1759881228208542
trajectory_ablation_gpu_v1_cifar10_s01_tent_ABABA_bn_affine_frozen_stats_p1_lr0.01_v1,cifar10,tent,A-B-A-B-A,1,bn_affine_frozen_stats,1,0.01,0.7648999999999999,0.7648999999999999,0.14523333333333333,0.1015,0.6773377656936646
trajectory_ablation_gpu_v1_cifar10_s01_tent_ABABA_bn_affine_frozen_stats_p2_lr0.0001_v1,cifar10,tent,A-B-A-B-A,1,bn_affine_frozen_stats,2,0.0001,-0.0007000000000000339,-0.0007000000000000339,0.6828666666666666,0.8671,0.03294968605041504
trajectory_ablation_gpu_v1_cifar10_s01_tent_ABABA_bn_affine_frozen_stats_p2_lr0.001_v1,cifar10,tent,A-B-A-B-A,1,bn_affine_frozen_stats,2,0.001,0.38419999999999993,0.38419999999999993,0.47663333333333335,0.4822,0.3604930341243744
trajectory_ablation_gpu_v1_cifar10_s01_tent_ABABA_bn_affine_frozen_stats_p2_lr0.01_v1,cifar10,tent,A-B-A-B-A,1,bn_affine_frozen_stats,2,0.01,0.7657999999999999,0.7657999999999999,0.12276666666666666,0.1006,0.7095102667808533
trajectory_ablation_gpu_v1_cifar10_s01_tent_ABABA_bn_affine_frozen_stats_p4_lr0.0001_v1,cifar10,tent,A-B-A-B-A,1,bn_affine_frozen_stats,4,0.0001,0.0024999999999999467,0.0024999999999999467,0.6776916666666667,0.8639,0.0640483871102333
trajectory_ablation_gpu_v1_cifar10_s01_tent_ABABA_bn_affine_frozen_stats_p4_lr0.001_v1,cifar10,tent,A-B-A-B-A,1,bn_affine_frozen_stats,4,0.001,0.6978,0.6978,0.3189666666666667,0.1686,0.520114541053772
trajectory_ablation_gpu_v1_cifar10_s01_tent_ABABA_bn_affine_frozen_stats_p4_lr0.01_v1,cifar10,tent,A-B-A-B-A,1,bn_affine_frozen_stats,4,0.01,0.7663,0.7663,0.11141666666666666,0.1001,0.7424201369285583
trajectory_ablation_gpu_v1_cifar10_s01_tent_ABA_bn_affine_frozen_stats_p1_lr0.0001_v1,cifar10,tent,A-B-A,1,bn_affine_frozen_stats,1,0.0001,-0.000300000000000078,-0.000300000000000078,0.5943,0.8667,0.00784322340041399
trajectory_ablation_gpu_v1_cifar10_s01_tent_ABA_bn_affine_frozen_stats_p1_lr0.001_v1,cifar10,tent,A-B-A,1,bn_affine_frozen_stats,1,0.001,0.006299999999999972,0.006299999999999972,0.5809,0.8601,0.07729250937700272
trajectory_ablation_gpu_v1_cifar10_s01_tent_ABA_bn_affine_frozen_stats_p1_lr0.01_v1,cifar10,tent,A-B-A,1,bn_affine_frozen_stats,1,0.01,0.5613999999999999,0.5613999999999999,0.2125,0.305,0.432017058134079
trajectory_ablation_gpu_v1_cifar10_s01_tent_ABA_bn_affine_frozen_stats_p2_lr0.0001_v1,cifar10,tent,A-B-A,1,bn_affine_frozen_stats,2,0.0001,-0.00010000000000010001,-0.00010000000000010001,0.59305,0.8665,0.015588373877108097
trajectory_ablation_gpu_v1_cifar10_s01_tent_ABA_bn_affine_frozen_stats_p2_lr0.001_v1,cifar10,tent,A-B-A,1,bn_affine_frozen_stats,2,0.001,0.07939999999999992,0.07939999999999992,0.5061,0.787,0.1905674934387207
trajectory_ablation_gpu_v1_cifar10_s01_tent_ABA_bn_affine_frozen_stats_p2_lr0.01_v1,cifar10,tent,A-B-A,1,bn_affine_frozen_stats,2,0.01,0.6360999999999999,0.6360999999999999,0.1564,0.2303,0.4719196856021881
trajectory_ablation_gpu_v1_cifar10_s01_tent_ABA_bn_affine_frozen_stats_p4_lr0.0001_v1,cifar10,tent,A-B-A,1,bn_affine_frozen_stats,4,0.0001,-0.000300000000000078,-0.000300000000000078,0.591125,0.8667,0.030834732577204704
trajectory_ablation_gpu_v1_cifar10_s01_tent_ABA_bn_affine_frozen_stats_p4_lr0.001_v1,cifar10,tent,A-B-A,1,bn_affine_frozen_stats,4,0.001,0.3791999999999999,0.3791999999999999,0.327825,0.4872,0.3443499505519867
trajectory_ablation_gpu_v1_cifar10_s01_tent_ABA_bn_affine_frozen_stats_p4_lr0.01_v1,cifar10,tent,A-B-A,1,bn_affine_frozen_stats,4,0.01,0.6686,0.6686,0.12825,0.1978,0.4987991154193878
trajectory_ablation_gpu_v1_cifar10_s01_tent_ABCA_bn_affine_frozen_stats_p1_lr0.0001_v1,cifar10,tent,A-B-C-A,1,bn_affine_frozen_stats,1,0.0001,-0.000500000000000056,-0.000500000000000056,0.68115,0.8669,0.010638819076120853
trajectory_ablation_gpu_v1_cifar10_s01_tent_ABCA_bn_affine_frozen_stats_p1_lr0.001_v1,cifar10,tent,A-B-C-A,1,bn_affine_frozen_stats,1,0.001,0.005299999999999971,0.005299999999999971,0.67345,0.8611,0.09633202850818634
trajectory_ablation_gpu_v1_cifar10_s01_tent_ABCA_bn_affine_frozen_stats_p1_lr0.01_v1,cifar10,tent,A-B-C-A,1,bn_affine_frozen_stats,1,0.01,0.7617999999999999,0.7617999999999999,0.16165,0.1046,0.6383440494537354
trajectory_ablation_gpu_v1_cifar10_s01_tent_ABCA_bn_affine_frozen_stats_p2_lr0.0001_v1,cifar10,tent,A-B-C-A,1,bn_affine_frozen_stats,2,0.0001,-0.0006000000000000449,-0.0006000000000000449,0.680325,0.867,0.020976832136511803
trajectory_ablation_gpu_v1_cifar10_s01_tent_ABCA_bn_affine_frozen_stats_p2_lr0.001_v1,cifar10,tent,A-B-C-A,1,bn_affine_frozen_stats,2,0.001,0.11629999999999996,0.11629999999999996,0.6007,0.7501,0.23774249851703644
trajectory_ablation_gpu_v1_cifar10_s01_tent_ABCA_bn_affine_frozen_stats_p2_lr0.01_v1,cifar10,tent,A-B-C-A,1,bn_affine_frozen_stats,2,0.01,0.7646999999999999,0.7646999999999999,0.130975,0.1017,0.6719930768013
trajectory_ablation_gpu_v1_cifar10_s01_tent_ABCA_bn_affine_frozen_stats_p4_lr0.0001_v1,cifar10,tent,A-B-C-A,1,bn_affine_frozen_stats,4,0.0001,0.0007999999999999119,0.0007999999999999119,0.6780125,0.8656,0.04094710201025009
trajectory_ablation_gpu_v1_cifar10_s01_tent_ABCA_bn_affine_frozen_stats_p4_lr0.001_v1,cifar10,tent,A-B-C-A,1,bn_affine_frozen_stats,4,0.001,0.6672,0.6672,0.398025,0.1992,0.4900554418563843
trajectory_ablation_gpu_v1_cifar10_s01_tent_ABCA_bn_affine_frozen_stats_p4_lr0.01_v1,cifar10,tent,A-B-C-A,1,bn_affine_frozen_stats,4,0.01,0.7656,0.7656,0.1155375,0.1008,0.7020727396011353
trajectory_ablation_gpu_v1_cifar10_s01_tent_ACBA_bn_affine_frozen_stats_p1_lr0.0001_v1,cifar10,tent,A-C-B-A,1,bn_affine_frozen_stats,1,0.0001,-0.00040000000000006697,-0.00040000000000006697,0.67905,0.8668,0.010672640055418015
trajectory_ablation_gpu_v1_cifar10_s01_tent_ACBA_bn_affine_frozen_stats_p1_lr0.001_v1,cifar10,tent,A-C-B-A,1,bn_affine_frozen_stats,1,0.001,0.013499999999999956,0.013499999999999956,0.6545,0.8529,0.11010602861642838
trajectory_ablation_gpu_v1_cifar10_s01_tent_ACBA_bn_affine_frozen_stats_p1_lr0.01_v1,cifar10,tent,A-C-B-A,1,bn_affine_frozen_stats,1,0.01,0.6665,0.6665,0.617,0.1999,0.6406871676445007
trajectory_ablation_gpu_v1_cifar10_s01_tent_ACBA_bn_affine_frozen_stats_p2_lr0.0001_v1,cifar10,tent,A-C-B-A,1,bn_affine_frozen_stats,2,0.0001,-0.0007000000000000339,-0.0007000000000000339,0.67805,0.8671,0.021065859124064445
trajectory_ablation_gpu_v1_cifar10_s01_tent_ACBA_bn_affine_frozen_stats_p2_lr0.001_v1,cifar10,tent,A-C-B-A,1,bn_affine_frozen_stats,2,0.001,0.14549999999999996,0.14549999999999996,0.59715,0.7209,0.24920529127120972
trajectory_ablation_gpu_v1_cifar10_s01_tent_ACBA_bn_affine_frozen_stats_p2_lr0.01_v1,cifar10,tent,A-C-B-A,1,bn_affine_frozen_stats,2,0.01,0.7632,0.7632,0.3608,0.1032,0.7607154846191406
trajectory_ablation_gpu_v1_cifar10_s01_tent_ACBA_bn_affine_frozen_stats_p4_lr0.0001_v1,cifar10,tent,A-C-B-A,1,bn_affine_frozen_stats,4,0.0001,0.0007999999999999119,0.0007999999999999119,0.676075,0.8656,0.041199345141649246
trajectory_ablation_gpu_v1_cifar10_s01_tent_ACBA_bn_affine_frozen_stats_p4_lr0.001_v1,cifar10,tent,A-C-B-A,1,bn_affine_frozen_stats,4,0.001,0.6095999999999999,0.6095999999999999,0.4245125,0.2568,0.4511716067790985
trajectory_ablation_gpu_v1_cifar10_s01_tent_ACBA_bn_affine_frozen_stats_p4_lr0.01_v1,cifar10,tent,A-C-B-A,1,bn_affine_frozen_stats,4,0.01,0.7654,0.7654,0.2305875,0.101,0.796298623085022
trajectory_ablation_gpu_v1_cifar10_s02_cotta_ABABA_bn_affine_frozen_stats_p1_lr0.0001_v1,cifar10,cotta,A-B-A-B-A,2,bn_affine_frozen_stats,1,0.0001,0.0006000000000000449,0.0006000000000000449,0.6854,0.869,0.04419344291090965
trajectory_ablation_gpu_v1_cifar10_s02_cotta_ABABA_bn_affine_frozen_stats_p1_lr0.001_v1,cifar10,cotta,A-B-A-B-A,2,bn_affine_frozen_stats,1,0.001,0.005600000000000049,0.005600000000000049,0.6833333333333333,0.864,0.3101739287376404
trajectory_ablation_gpu_v1_cifar10_s02_cotta_ABABA_bn_affine_frozen_stats_p1_lr0.01_v1,cifar10,cotta,A-B-A-B-A,2,bn_affine_frozen_stats,1,0.01,0.017100000000000004,0.017100000000000004,0.6839333333333333,0.8525,0.9937562346458435
trajectory_ablation_gpu_v1_cifar10_s02_cotta_ABABA_bn_affine_frozen_stats_p2_lr0.0001_v1,cifar10,cotta,A-B-A-B-A,2,bn_affine_frozen_stats,2,0.0001,0.0012000000000000899,0.0012000000000000899,0.68505,0.8684,0.047389134764671326
trajectory_ablation_gpu_v1_cifar10_s02_cotta_ABABA_bn_affine_frozen_stats_p2_lr0.001_v1,cifar10,cotta,A-B-A-B-A,2,bn_affine_frozen_stats,2,0.001,0.00770000000000004,0.00770000000000004,0.6814833333333333,0.8619,0.33902478218078613
trajectory_ablation_gpu_v1_cifar10_s02_cotta_ABABA_bn_affine_frozen_stats_p2_lr0.01_v1,cifar10,cotta,A-B-A-B-A,2,bn_affine_frozen_stats,2,0.01,0.029200000000000004,0.029200000000000004,0.68355,0.8404,1.1879700422286987
trajectory_ablation_gpu_v1_cifar10_s02_cotta_ABABA_bn_affine_frozen_stats_p4_lr0.0001_v1,cifar10,cotta,A-B-A-B-A,2,bn_affine_frozen_stats,4,0.0001,0.0014000000000000679,0.0014000000000000679,0.6843666666666667,0.8682,0.047332096844911575
trajectory_ablation_gpu_v1_cifar10_s02_cotta_ABABA_bn_affine_frozen_stats_p4_lr0.001_v1,cifar10,cotta,A-B-A-B-A,2,bn_affine_frozen_stats,4,0.001,0.014900000000000024,0.014900000000000024,0.676225,0.8547,0.32875147461891174
trajectory_ablation_gpu_v1_cifar10_s02_cotta_ABABA_bn_affine_frozen_stats_p4_lr0.01_v1,cifar10,cotta,A-B-A-B-A,2,bn_affine_frozen_stats,4,0.01,0.05160000000000009,0.05160000000000009,0.6675916666666667,0.818,1.2233301401138306
trajectory_ablation_gpu_v1_cifar10_s02_cotta_ABA_bn_affine_frozen_stats_p1_lr0.0001_v1,cifar10,cotta,A-B-A,2,bn_affine_frozen_stats,1,0.0001,0.000200000000000089,0.000200000000000089,0.5935,0.8694,0.03623484820127487
trajectory_ablation_gpu_v1_cifar10_s02_cotta_ABA_bn_affine_frozen_stats_p1_lr0.001_v1,cifar10,cotta,A-B-A,2,bn_affine_frozen_stats,1,0.001,0.0048000000000000265,0.0048000000000000265,0.5917,0.8648,0.2589510381221771
trajectory_ablation_gpu_v1_cifar10_s02_cotta_ABA_bn_affine_frozen_stats_p1_lr0.01_v1,cifar10,cotta,A-B-A,2,bn_affine_frozen_stats,1,0.01,0.009099999999999997,0.009099999999999997,0.5846,0.8605,0.8250077962875366
trajectory_ablation_gpu_v1_cifar10_s02_cotta_ABA_bn_affine_frozen_stats_p2_lr0.0001_v1,cifar10,cotta,A-B-A,2,bn_affine_frozen_stats,2,0.0001,0.0007000000000000339,0.0007000000000000339,0.59315,0.8689,0.03861784562468529
trajectory_ablation_gpu_v1_cifar10_s02_cotta_ABA_bn_affine_frozen_stats_p2_lr0.001_v1,cifar10,cotta,A-B-A,2,bn_affine_frozen_stats,2,0.001,0.005300000000000082,0.005300000000000082,0.59195,0.8643,0.2823050618171692
trajectory_ablation_gpu_v1_cifar10_s02_cotta_ABA_bn_affine_frozen_stats_p2_lr0.01_v1,cifar10,cotta,A-B-A,2,bn_affine_frozen_stats,2,0.01,0.011700000000000044,0.011700000000000044,0.59645,0.8579,0.975473940372467
trajectory_ablation_gpu_v1_cifar10_s02_cotta_ABA_bn_affine_frozen_stats_p4_lr0.0001_v1,cifar10,cotta,A-B-A,2,bn_affine_frozen_stats,4,0.0001,0.000500000000000056,0.000500000000000056,0.592725,0.8691,0.040797751396894455
trajectory_ablation_gpu_v1_cifar10_s02_cotta_ABA_bn_affine_frozen_stats_p4_lr0.001_v1,cifar10,cotta,A-B-A,2,bn_affine_frozen_stats,4,0.001,0.006400000000000072,0.006400000000000072,0.5901,0.8632,0.29422199726104736
trajectory_ablation_gpu_v1_cifar10_s02_cotta_ABA_bn_affine_frozen_stats_p4_lr0.01_v1,cifar10,cotta,A-B-A,2,bn_affine_frozen_stats,4,0.01,0.020400000000000085,0.020400000000000085,0.6009,0.8492,1.0630426406860352
trajectory_ablation_gpu_v1_cifar10_s02_cotta_ABCA_bn_affine_frozen_stats_p1_lr0.0001_v1,cifar10,cotta,A-B-C-A,2,bn_affine_frozen_stats,1,0.0001,0.00040000000000006697,0.00040000000000006697,0.67525,0.8692,0.03251264616847038
trajectory_ablation_gpu_v1_cifar10_s02_cotta_ABCA_bn_affine_frozen_stats_p1_lr0.001_v1,cifar10,cotta,A-B-C-A,2,bn_affine_frozen_stats,1,0.001,0.0025000000000000577,0.0025000000000000577,0.67575,0.8671,0.2325918972492218
trajectory_ablation_gpu_v1_cifar10_s02_cotta_ABCA_bn_affine_frozen_stats_p1_lr0.01_v1,cifar10,cotta,A-B-C-A,2,bn_affine_frozen_stats,1,0.01,0.01319999999999999,0.01319999999999999,0.6689,0.8564,0.9880309700965881
trajectory_ablation_gpu_v1_cifar10_s02_cotta_ABCA_bn_affine_frozen_stats_p2_lr0.0001_v1,cifar10,cotta,A-B-C-A,2,bn_affine_frozen_stats,2,0.0001,0.0006000000000000449,0.0006000000000000449,0.674025,0.869,0.03548187017440796
trajectory_ablation_gpu_v1_cifar10_s02_cotta_ABCA_bn_affine_frozen_stats_p2_lr0.001_v1,cifar10,cotta,A-B-C-A,2,bn_affine_frozen_stats,2,0.001,0.0036000000000000476,0.0036000000000000476,0.672825,0.866,0.2465701699256897
trajectory_ablation_gpu_v1_cifar10_s02_cotta_ABCA_bn_affine_frozen_stats_p2_lr0.01_v1,cifar10,cotta,A-B-C-A,2,bn_affine_frozen_stats,2,0.01,0.01640000000000008,0.01640000000000008,0.669175,0.8532,1.0970269441604614
trajectory_ablation_gpu_v1_cifar10_s02_cotta_ABCA_bn_affine_frozen_stats_p4_lr0.0001_v1,cifar10,cotta,A-B-C-A,2,bn_affine_frozen_stats,4,0.0001,0.000500000000000056,0.000500000000000056,0.67245,0.8691,0.039700232446193695
trajectory_ablation_gpu_v1_cifar10_s02_cotta_ABCA_bn_affine_frozen_stats_p4_lr0.001_v1,cifar10,cotta,A-B-C-A,2,bn_affine_frozen_stats,4,0.001,0.010400000000000076,0.010400000000000076,0.6652875,0.8592,0.27803099155426025
trajectory_ablation_gpu_v1_cifar10_s02_cotta_ABCA_bn_affine_frozen_stats_p4_lr0.01_v1,cifar10,cotta,A-B-C-A,2,bn_affine_frozen_stats,4,0.01,0.044600000000000084,0.044600000000000084,0.655025,0.825,1.3088910579681396
trajectory_ablation_gpu_v1_cifar10_s02_cotta_ACBA_bn_affine_frozen_stats_p1_lr0.0001_v1,cifar10,cotta,A-C-B-A,2,bn_affine_frozen_stats,1,0.0001,0.000300000000000078,0.000300000000000078,0.67265,0.8693,0.03828050568699837
trajectory_ablation_gpu_v1_cifar10_s02_cotta_ACBA_bn_affine_frozen_stats_p1_lr0.001_v1,cifar10,cotta,A-C-B-A,2,bn_affine_frozen_stats,1,0.001,0.0043000000000000815,0.0043000000000000815,0.67005,0.8653,0.2814141511917114
trajectory_ablation_gpu_v1_cifar10_s02_cotta_ACBA_bn_affine_frozen_stats_p1_lr0.01_v1,cifar10,cotta,A-C-B-A,2,bn_affine_frozen_stats,1,0.01,0.016199999999999992,0.016199999999999992,0.65585,0.8534,0.97874915599823
trajectory_ablation_gpu_v1_cifar10_s02_cotta_ACBA_bn_affine_frozen_stats_p2_lr0.0001_v1,cifar10,cotta,A-C-B-A,2,bn_affine_frozen_stats,2,0.0001,0.0010000000000000009,0.0010000000000000009,0.671625,0.8686,0.03892658278346062
trajectory_ablation_gpu_v1_cifar10_s02_cotta_ACBA_bn_affine_frozen_stats_p2_lr0.001_v1,cifar10,cotta,A-C-B-A,2,bn_affine_frozen_stats,2,0.001,0.006900000000000017,0.006900000000000017,0.667,0.8627,0.2874836325645447
trajectory_ablation_gpu_v1_cifar10_s02_cotta_ACBA_bn_affine_frozen_stats_p2_lr0.01_v1,cifar10,cotta,A-C-B-A,2,bn_affine_frozen_stats,2,0.01,0.03520000000000001,0.03520000000000001,0.6542,0.8344,1.0985243320465088
trajectory_ablation_gpu_v1_cifar10_s02_cotta_ACBA_bn_affine_frozen_stats_p4_lr0.0001_v1,cifar10,cotta,A-C-B-A,2,bn_affine_frozen_stats,4,0.0001,0.0013000000000000789,0.0013000000000000789,0.670375,0.8683,0.041907329112291336
trajectory_ablation_gpu_v1_cifar10_s02_cotta_ACBA_bn_affine_frozen_stats_p4_lr0.001_v1,cifar10,cotta,A-C-B-A,2,bn_affine_frozen_stats,4,0.001,0.015100000000000002,0.015100000000000002,0.6581,0.8545,0.3132525682449341
trajectory_ablation_gpu_v1_cifar10_s02_cotta_ACBA_bn_affine_frozen_stats_p4_lr0.01_v1,cifar10,cotta,A-C-B-A,2,bn_affine_frozen_stats,4,0.01,0.05349999999999999,0.05349999999999999,0.635975,0.8161,1.1683192253112793
trajectory_ablation_gpu_v1_cifar10_s02_eata_ABABA_bn_affine_frozen_stats_p1_lr0.0001_v1,cifar10,eata,A-B-A-B-A,2,bn_affine_frozen_stats,1,0.0001,0.7546,0.7546,0.2455,0.115,0.8021335005760193
trajectory_ablation_gpu_v1_cifar10_s02_eata_ABABA_bn_affine_frozen_stats_p1_lr0.001_v1,cifar10,eata,A-B-A-B-A,2,bn_affine_frozen_stats,1,0.001,0.7696000000000001,0.7696000000000001,0.10696666666666667,0.1,1.4618775844573975
trajectory_ablation_gpu_v1_cifar10_s02_eata_ABABA_bn_affine_frozen_stats_p1_lr0.01_v1,cifar10,eata,A-B-A-B-A,2,bn_affine_frozen_stats,1,0.01,0.7696000000000001,0.7696000000000001,0.1031,0.1,5.443825721740723
trajectory_ablation_gpu_v1_cifar10_s02_eata_ABABA_bn_affine_frozen_stats_p2_lr0.0001_v1,cifar10,eata,A-B-A-B-A,2,bn_affine_frozen_stats,2,0.0001,0.7696000000000001,0.7696000000000001,0.17338333333333333,0.1,1.0478515625
trajectory_ablation_gpu_v1_cifar10_s02_eata_ABABA_bn_affine_frozen_stats_p2_lr0.001_v1,cifar10,eata,A-B-A-B-A,2,bn_affine_frozen_stats,2,0.001,0.7694000000000001,0.7694000000000001,0.10348333333333333,0.1002,1.2809793949127197
trajectory_ablation_gpu_v1_cifar10_s02_eata_ABABA_bn_affine_frozen_stats_p2_lr0.01_v1,cifar10,eata,A-B-A-B-A,2,bn_affine_frozen_stats,2,0.01,0.7696000000000001,0.7696000000000001,0.10155,0.1,3.6919116973876953
trajectory_ablation_gpu_v1_cifar10_s02_eata_ABABA_bn_affine_frozen_stats_p4_lr0.0001_v1,cifar10,eata,A-B-A-B-A,2,bn_affine_frozen_stats,4,0.0001,0.7696000000000001,0.7696000000000001,0.13669166666666666,0.1,1.0835996866226196
trajectory_ablation_gpu_v1_cifar10_s02_eata_ABABA_bn_affine_frozen_stats_p4_lr0.001_v1,cifar10,eata,A-B-A-B-A,2,bn_affine_frozen_stats,4,0.001,0.7696000000000001,0.7696000000000001,0.10425833333333333,0.1,2.4889309406280518
trajectory_ablation_gpu_v1_cifar10_s02_eata_ABABA_bn_affine_frozen_stats_p4_lr0.01_v1,cifar10,eata,A-B-A-B-A,2,bn_affine_frozen_stats,4,0.01,0.7696000000000001,0.7696000000000001,0.100775,0.1,10.75046157836914
trajectory_ablation_gpu_v1_cifar10_s02_eata_ABA_bn_affine_frozen_stats_p1_lr0.0001_v1,cifar10,eata,A-B-A,2,bn_affine_frozen_stats,1,0.0001,0.38800000000000007,0.38800000000000007,0.3478,0.4816,0.4653257727622986
trajectory_ablation_gpu_v1_cifar10_s02_eata_ABA_bn_affine_frozen_stats_p1_lr0.001_v1,cifar10,eata,A-B-A,2,bn_affine_frozen_stats,1,0.001,0.7693000000000001,0.7693000000000001,0.1209,0.1003,1.107541561126709
trajectory_ablation_gpu_v1_cifar10_s02_eata_ABA_bn_affine_frozen_stats_p1_lr0.01_v1,cifar10,eata,A-B-A,2,bn_affine_frozen_stats,1,0.01,0.7694000000000001,0.7694000000000001,0.1061,0.1002,3.1294994354248047
trajectory_ablation_gpu_v1_cifar10_s02_eata_ABA_bn_affine_frozen_stats_p2_lr0.0001_v1,cifar10,eata,A-B-A,2,bn_affine_frozen_stats,2,0.0001,0.6566000000000001,0.6566000000000001,0.2245,0.213,0.6253150701522827
trajectory_ablation_gpu_v1_cifar10_s02_eata_ABA_bn_affine_frozen_stats_p2_lr0.001_v1,cifar10,eata,A-B-A,2,bn_affine_frozen_stats,2,0.001,0.7649,0.7649,0.11045,0.1047,1.0337464809417725
trajectory_ablation_gpu_v1_cifar10_s02_eata_ABA_bn_affine_frozen_stats_p2_lr0.01_v1,cifar10,eata,A-B-A,2,bn_affine_frozen_stats,2,0.01,0.7696000000000001,0.7696000000000001,0.1033,0.1,8.589889526367188
trajectory_ablation_gpu_v1_cifar10_s02_eata_ABA_bn_affine_frozen_stats_p4_lr0.0001_v1,cifar10,eata,A-B-A,2,bn_affine_frozen_stats,4,0.0001,0.7235,0.7235,0.1623,0.1461,0.7108171582221985
trajectory_ablation_gpu_v1_cifar10_s02_eata_ABA_bn_affine_frozen_stats_p4_lr0.001_v1,cifar10,eata,A-B-A,2,bn_affine_frozen_stats,4,0.001,0.7696000000000001,0.7696000000000001,0.105225,0.1,1.8404083251953125
trajectory_ablation_gpu_v1_cifar10_s02_eata_ABA_bn_affine_frozen_stats_p4_lr0.01_v1,cifar10,eata,A-B-A,2,bn_affine_frozen_stats,4,0.01,0.7696000000000001,0.7696000000000001,0.10165,0.1,5.726122856140137
trajectory_ablation_gpu_v1_cifar10_s02_eata_ABCA_bn_affine_frozen_stats_p1_lr0.0001_v1,cifar10,eata,A-B-C-A,2,bn_affine_frozen_stats,1,0.0001,0.7582,0.7582,0.2577,0.1114,0.7832596302032471
trajectory_ablation_gpu_v1_cifar10_s02_eata_ABCA_bn_affine_frozen_stats_p1_lr0.001_v1,cifar10,eata,A-B-C-A,2,bn_affine_frozen_stats,1,0.001,0.7696000000000001,0.7696000000000001,0.11045,0.1,1.5697309970855713
trajectory_ablation_gpu_v1_cifar10_s02_eata_ABCA_bn_affine_frozen_stats_p1_lr0.01_v1,cifar10,eata,A-B-C-A,2,bn_affine_frozen_stats,1,0.01,0.7696000000000001,0.7696000000000001,0.10305,0.1,8.875060081481934
trajectory_ablation_gpu_v1_cifar10_s02_eata_ABCA_bn_affine_frozen_stats_p2_lr0.0001_v1,cifar10,eata,A-B-C-A,2,bn_affine_frozen_stats,2,0.0001,0.7694000000000001,0.7694000000000001,0.17895,0.1002,0.9638981223106384
trajectory_ablation_gpu_v1_cifar10_s02_eata_ABCA_bn_affine_frozen_stats_p2_lr0.001_v1,cifar10,eata,A-B-C-A,2,bn_affine_frozen_stats,2,0.001,0.7696000000000001,0.7696000000000001,0.105225,0.1,1.4741027355194092
trajectory_ablation_gpu_v1_cifar10_s02_eata_ABCA_bn_affine_frozen_stats_p2_lr0.01_v1,cifar10,eata,A-B-C-A,2,bn_affine_frozen_stats,2,0.01,0.7696000000000001,0.7696000000000001,0.101525,0.1,6.117406845092773
trajectory_ablation_gpu_v1_cifar10_s02_eata_ABCA_bn_affine_frozen_stats_p4_lr0.0001_v1,cifar10,eata,A-B-C-A,2,bn_affine_frozen_stats,4,0.0001,0.7696000000000001,0.7696000000000001,0.139475,0.1,1.0382627248764038
trajectory_ablation_gpu_v1_cifar10_s02_eata_ABCA_bn_affine_frozen_stats_p4_lr0.001_v1,cifar10,eata,A-B-C-A,2,bn_affine_frozen_stats,4,0.001,0.7696000000000001,0.7696000000000001,0.102625,0.1,2.0578854084014893
trajectory_ablation_gpu_v1_cifar10_s02_eata_ABCA_bn_affine_frozen_stats_p4_lr0.01_v1,cifar10,eata,A-B-C-A,2,bn_affine_frozen_stats,4,0.01,0.7696000000000001,0.7696000000000001,0.1007625,0.1,3.8079590797424316
trajectory_ablation_gpu_v1_cifar10_s02_eata_ACBA_bn_affine_frozen_stats_p1_lr0.0001_v1,cifar10,eata,A-C-B-A,2,bn_affine_frozen_stats,1,0.0001,0.5563,0.5563,0.52185,0.3133,0.6762266755104065
trajectory_ablation_gpu_v1_cifar10_s02_eata_ACBA_bn_affine_frozen_stats_p1_lr0.001_v1,cifar10,eata,A-C-B-A,2,bn_affine_frozen_stats,1,0.001,0.7696000000000001,0.7696000000000001,0.2225,0.1,1.8605551719665527
trajectory_ablation_gpu_v1_cifar10_s02_eata_ACBA_bn_affine_frozen_stats_p1_lr0.01_v1,cifar10,eata,A-C-B-A,2,bn_affine_frozen_stats,1,0.01,0.7696000000000001,0.7696000000000001,0.10575,0.1,9.135171890258789
trajectory_ablation_gpu_v1_cifar10_s02_eata_ACBA_bn_affine_frozen_stats_p2_lr0.0001_v1,cifar10,eata,A-C-B-A,2,bn_affine_frozen_stats,2,0.0001,0.7625000000000001,0.7625000000000001,0.318075,0.1071,0.9025881290435791
trajectory_ablation_gpu_v1_cifar10_s02_eata_ACBA_bn_affine_frozen_stats_p2_lr0.001_v1,cifar10,eata,A-C-B-A,2,bn_affine_frozen_stats,2,0.001,0.7696000000000001,0.7696000000000001,0.16125,0.1,2.3502559661865234
trajectory_ablation_gpu_v1_cifar10_s02_eata_ACBA_bn_affine_frozen_stats_p2_lr0.01_v1,cifar10,eata,A-C-B-A,2,bn_affine_frozen_stats,2,0.01,0.7696000000000001,0.7696000000000001,0.102875,0.1,6.647496223449707
trajectory_ablation_gpu_v1_cifar10_s02_eata_ACBA_bn_affine_frozen_stats_p4_lr0.0001_v1,cifar10,eata,A-C-B-A,2,bn_affine_frozen_stats,4,0.0001,0.7696000000000001,0.7696000000000001,0.2090375,0.1,1.0627061128616333
trajectory_ablation_gpu_v1_cifar10_s02_eata_ACBA_bn_affine_frozen_stats_p4_lr0.001_v1,cifar10,eata,A-C-B-A,2,bn_affine_frozen_stats,4,0.001,0.7696000000000001,0.7696000000000001,0.130625,0.1,2.21864652633667
trajectory_ablation_gpu_v1_cifar10_s02_eata_ACBA_bn_affine_frozen_stats_p4_lr0.01_v1,cifar10,eata,A-C-B-A,2,bn_affine_frozen_stats,4,0.01,0.7696000000000001,0.7696000000000001,0.1014375,0.1,4.329688549041748
trajectory_ablation_gpu_v1_cifar10_s02_rotta_ABABA_bn_affine_frozen_stats_p1_lr0.0001_v1,cifar10,rotta,A-B-A-B-A,2,bn_affine_frozen_stats,1,0.0001,0.0,0.0,0.6863666666666667,0.8696,1.7564665313329897e-06
trajectory_ablation_gpu_v1_cifar10_s02_rotta_ABABA_bn_affine_frozen_stats_p1_lr0.001_v1,cifar10,rotta,A-B-A-B-A,2,bn_affine_frozen_stats,1,0.001,0.0,0.0,0.6864,0.8696,3.4897864679805934e-05
trajectory_ablation_gpu_v1_cifar10_s02_rotta_ABABA_bn_affine_frozen_stats_p1_lr0.01_v1,cifar10,rotta,A-B-A-B-A,2,bn_affine_frozen_stats,1,0.01,0.0,0.0,0.6863,0.8696,0.0008186997729353607
trajectory_ablation_gpu_v1_cifar10_s02_rotta_ABABA_bn_affine_frozen_stats_p2_lr0.0001_v1,cifar10,rotta,A-B-A-B-A,2,bn_affine_frozen_stats,2,0.0001,0.0,0.0,0.6863833333333333,0.8696,2.835814029822359e-06
trajectory_ablation_gpu_v1_cifar10_s02_rotta_ABABA_bn_affine_frozen_stats_p2_lr0.001_v1,cifar10,rotta,A-B-A-B-A,2,bn_affine_frozen_stats,2,0.001,0.0,0.0,0.6864,0.8696,4.539576548268087e-05
trajectory_ablation_gpu_v1_cifar10_s02_rotta_ABABA_bn_affine_frozen_stats_p2_lr0.01_v1,cifar10,rotta,A-B-A-B-A,2,bn_affine_frozen_stats,2,0.01,-9.999999999998899e-05,-9.999999999998899e-05,0.6863,0.8697,0.0012392308562994003
trajectory_ablation_gpu_v1_cifar10_s02_rotta_ABABA_bn_affine_frozen_stats_p4_lr0.0001_v1,cifar10,rotta,A-B-A-B-A,2,bn_affine_frozen_stats,4,0.0001,0.0,0.0,0.686375,0.8696,4.166522103332682e-06
trajectory_ablation_gpu_v1_cifar10_s02_rotta_ABABA_bn_affine_frozen_stats_p4_lr0.001_v1,cifar10,rotta,A-B-A-B-A,2,bn_affine_frozen_stats,4,0.001,0.0,0.0,0.6863916666666666,0.8696,5.858220538357273e-05
trajectory_ablation_gpu_v1_cifar10_s02_rotta_ABABA_bn_affine_frozen_stats_p4_lr0.01_v1,cifar10,rotta,A-B-A-B-A,2,bn_affine_frozen_stats,4,0.01,0.0,0.0,0.6862833333333334,0.8696,0.001999515574425459
trajectory_ablation_gpu_v1_cifar10_s02_rotta_ABA_bn_affine_frozen_stats_p1_lr0.0001_v1,cifar10,rotta,A-B-A,2,bn_affine_frozen_stats,1,0.0001,0.0,0.0,0.5947,0.8696,1.7455452052672626e-06
trajectory_ablation_gpu_v1_cifar10_s02_rotta_ABA_bn_affine_frozen_stats_p1_lr0.001_v1,cifar10,rotta,A-B-A,2,bn_affine_frozen_stats,1,0.001,0.0,0.0,0.5948,0.8696,2.4419970941380598e-05
trajectory_ablation_gpu_v1_cifar10_s02_rotta_ABA_bn_affine_frozen_stats_p1_lr0.01_v1,cifar10,rotta,A-B-A,2,bn_affine_frozen_stats,1,0.01,0.0,0.0,0.5948,0.8696,0.000388601329177618
trajectory_ablation_gpu_v1_cifar10_s02_rotta_ABA_bn_affine_frozen_stats_p2_lr0.0001_v1,cifar10,rotta,A-B-A,2,bn_affine_frozen_stats,2,0.0001,0.0,0.0,0.5947,0.8696,1.7996201222558739e-06
trajectory_ablation_gpu_v1_cifar10_s02_rotta_ABA_bn_affine_frozen_stats_p2_lr0.001_v1,cifar10,rotta,A-B-A,2,bn_affine_frozen_stats,2,0.001,0.0,0.0,0.5948,0.8696,3.139474938507192e-05
trajectory_ablation_gpu_v1_cifar10_s02_rotta_ABA_bn_affine_frozen_stats_p2_lr0.01_v1,cifar10,rotta,A-B-A,2,bn_affine_frozen_stats,2,0.01,-0.00019999999999997797,-0.00019999999999997797,0.59475,0.8698,0.0006717545329593122
trajectory_ablation_gpu_v1_cifar10_s02_rotta_ABA_bn_affine_frozen_stats_p4_lr0.0001_v1,cifar10,rotta,A-B-A,2,bn_affine_frozen_stats,4,0.0001,0.0,0.0,0.5947,0.8696,2.083474555547582e-06
trajectory_ablation_gpu_v1_cifar10_s02_rotta_ABA_bn_affine_frozen_stats_p4_lr0.001_v1,cifar10,rotta,A-B-A,2,bn_affine_frozen_stats,4,0.001,0.0,0.0,0.594775,0.8696,3.078400914091617e-05
trajectory_ablation_gpu_v1_cifar10_s02_rotta_ABA_bn_affine_frozen_stats_p4_lr0.01_v1,cifar10,rotta,A-B-A,2,bn_affine_frozen_stats,4,0.01,-0.00019999999999997797,-0.00019999999999997797,0.59465,0.8698,0.001184304477646947
trajectory_ablation_gpu_v1_cifar10_s02_rotta_ABCA_bn_affine_frozen_stats_p1_lr0.0001_v1,cifar10,rotta,A-B-C-A,2,bn_affine_frozen_stats,1,0.0001,0.0,0.0,0.67495,0.8696,2.3707027594355168e-06
trajectory_ablation_gpu_v1_cifar10_s02_rotta_ABCA_bn_affine_frozen_stats_p1_lr0.001_v1,cifar10,rotta,A-B-C-A,2,bn_affine_frozen_stats,1,0.001,0.0,0.0,0.67495,0.8696,4.012001591036096e-05
trajectory_ablation_gpu_v1_cifar10_s02_rotta_ABCA_bn_affine_frozen_stats_p1_lr0.01_v1,cifar10,rotta,A-B-C-A,2,bn_affine_frozen_stats,1,0.01,-9.999999999998899e-05,-9.999999999998899e-05,0.6749,0.8697,0.0008611932280473411
trajectory_ablation_gpu_v1_cifar10_s02_rotta_ABCA_bn_affine_frozen_stats_p2_lr0.0001_v1,cifar10,rotta,A-B-C-A,2,bn_affine_frozen_stats,2,0.0001,0.0,0.0,0.674925,0.8696,3.2390867090725806e-06
trajectory_ablation_gpu_v1_cifar10_s02_rotta_ABCA_bn_affine_frozen_stats_p2_lr0.001_v1,cifar10,rotta,A-B-C-A,2,bn_affine_frozen_stats,2,0.001,0.0,0.0,0.674975,0.8696,3.997894600615837e-05
trajectory_ablation_gpu_v1_cifar10_s02_rotta_ABCA_bn_affine_frozen_stats_p2_lr0.01_v1,cifar10,rotta,A-B-C-A,2,bn_affine_frozen_stats,2,0.01,-9.999999999998899e-05,-9.999999999998899e-05,0.67485,0.8697,0.0017244626069441438
trajectory_ablation_gpu_v1_cifar10_s02_rotta_ABCA_bn_affine_frozen_stats_p4_lr0.0001_v1,cifar10,rotta,A-B-C-A,2,bn_affine_frozen_stats,4,0.0001,0.0,0.0,0.674925,0.8696,4.695633833762258e-06
trajectory_ablation_gpu_v1_cifar10_s02_rotta_ABCA_bn_affine_frozen_stats_p4_lr0.001_v1,cifar10,rotta,A-B-C-A,2,bn_affine_frozen_stats,4,0.001,0.0,0.0,0.6749625,0.8696,6.186489918036386e-05
trajectory_ablation_gpu_v1_cifar10_s02_rotta_ABCA_bn_affine_frozen_stats_p4_lr0.01_v1,cifar10,rotta,A-B-C-A,2,bn_affine_frozen_stats,4,0.01,-0.00019999999999997797,-0.00019999999999997797,0.674775,0.8698,0.01311292964965105
trajectory_ablation_gpu_v1_cifar10_s02_rotta_ACBA_bn_affine_frozen_stats_p1_lr0.0001_v1,cifar10,rotta,A-C-B-A,2,bn_affine_frozen_stats,1,0.0001,0.0,0.0,0.67495,0.8696,2.4215871690103086e-06
trajectory_ablation_gpu_v1_cifar10_s02_rotta_ACBA_bn_affine_frozen_stats_p1_lr0.001_v1,cifar10,rotta,A-C-B-A,2,bn_affine_frozen_stats,1,0.001,0.0,0.0,0.6749,0.8696,3.806236418313347e-05
trajectory_ablation_gpu_v1_cifar10_s02_rotta_ACBA_bn_affine_frozen_stats_p1_lr0.01_v1,cifar10,rotta,A-C-B-A,2,bn_affine_frozen_stats,1,0.01,-9.999999999998899e-05,-9.999999999998899e-05,0.67475,0.8697,0.0008677580626681447
trajectory_ablation_gpu_v1_cifar10_s02_rotta_ACBA_bn_affine_frozen_stats_p2_lr0.0001_v1,cifar10,rotta,A-C-B-A,2,bn_affine_frozen_stats,2,0.0001,0.0,0.0,0.674925,0.8696,3.422123882046435e-06
trajectory_ablation_gpu_v1_cifar10_s02_rotta_ACBA_bn_affine_frozen_stats_p2_lr0.001_v1,cifar10,rotta,A-C-B-A,2,bn_affine_frozen_stats,2,0.001,0.0,0.0,0.674925,0.8696,4.5443284761859104e-05
trajectory_ablation_gpu_v1_cifar10_s02_rotta_ACBA_bn_affine_frozen_stats_p2_lr0.01_v1,cifar10,rotta,A-C-B-A,2,bn_affine_frozen_stats,2,0.01,-9.999999999998899e-05,-9.999999999998899e-05,0.674825,0.8697,0.0012857362162321806
trajectory_ablation_gpu_v1_cifar10_s02_rotta_ACBA_bn_affine_frozen_stats_p4_lr0.0001_v1,cifar10,rotta,A-C-B-A,2,bn_affine_frozen_stats,4,0.0001,0.0,0.0,0.6749125,0.8696,5.859583325218409e-06
trajectory_ablation_gpu_v1_cifar10_s02_rotta_ACBA_bn_affine_frozen_stats_p4_lr0.001_v1,cifar10,rotta,A-C-B-A,2,bn_affine_frozen_stats,4,0.001,0.0,0.0,0.6749375,0.8696,5.7943234423873946e-05
trajectory_ablation_gpu_v1_cifar10_s02_rotta_ACBA_bn_affine_frozen_stats_p4_lr0.01_v1,cifar10,rotta,A-C-B-A,2,bn_affine_frozen_stats,4,0.01,9.999999999998899e-05,9.999999999998899e-05,0.67475,0.8695,0.002308362629264593
trajectory_ablation_gpu_v1_cifar10_s02_sar_ABABA_bn_affine_frozen_stats_p1_lr0.0001_v1,cifar10,sar,A-B-A-B-A,2,bn_affine_frozen_stats,1,0.0001,0.000300000000000078,0.000300000000000078,0.6854333333333333,0.8693,0.015162152238190174
trajectory_ablation_gpu_v1_cifar10_s02_sar_ABABA_bn_affine_frozen_stats_p1_lr0.001_v1,cifar10,sar,A-B-A-B-A,2,bn_affine_frozen_stats,1,0.001,0.006800000000000028,0.006800000000000028,0.6823333333333333,0.8628,0.12240403890609741
trajectory_ablation_gpu_v1_cifar10_s02_sar_ABABA_bn_affine_frozen_stats_p1_lr0.01_v1,cifar10,sar,A-B-A-B-A,2,bn_affine_frozen_stats,1,0.01,0.26650000000000007,0.26650000000000007,0.6141333333333333,0.6031,0.40443098545074463
trajectory_ablation_gpu_v1_cifar10_s02_sar_ABABA_bn_affine_frozen_stats_p2_lr0.0001_v1,cifar10,sar,A-B-A-B-A,2,bn_affine_frozen_stats,2,0.0001,0.000300000000000078,0.000300000000000078,0.6845333333333333,0.8693,0.02920975536108017
trajectory_ablation_gpu_v1_cifar10_s02_sar_ABABA_bn_affine_frozen_stats_p2_lr0.001_v1,cifar10,sar,A-B-A-B-A,2,bn_affine_frozen_stats,2,0.001,0.026000000000000023,0.026000000000000023,0.6657166666666666,0.8436,0.2219795286655426
trajectory_ablation_gpu_v1_cifar10_s02_sar_ABABA_bn_affine_frozen_stats_p2_lr0.01_v1,cifar10,sar,A-B-A-B-A,2,bn_affine_frozen_stats,2,0.01,0.0040000000000000036,0.0040000000000000036,0.6080833333333333,0.8656,0.06487733125686646
trajectory_ablation_gpu_v1_cifar10_s02_sar_ABABA_bn_affine_frozen_stats_p4_lr0.0001_v1,cifar10,sar,A-B-A-B-A,2,bn_affine_frozen_stats,4,0.0001,0.0012000000000000899,0.0012000000000000899,0.6832833333333334,0.8684,0.05508064106106758
trajectory_ablation_gpu_v1_cifar10_s02_sar_ABABA_bn_affine_frozen_stats_p4_lr0.001_v1,cifar10,sar,A-B-A-B-A,2,bn_affine_frozen_stats,4,0.001,0.006099999999999994,0.006099999999999994,0.6305166666666666,0.8635,0.11322662979364395
trajectory_ablation_gpu_v1_cifar10_s02_sar_ABABA_bn_affine_frozen_stats_p4_lr0.01_v1,cifar10,sar,A-B-A-B-A,2,bn_affine_frozen_stats,4,0.01,0.0655,0.0655,0.6127166666666667,0.8041,0.4727441668510437
trajectory_ablation_gpu_v1_cifar10_s02_sar_ABA_bn_affine_frozen_stats_p1_lr0.0001_v1,cifar10,sar,A-B-A,2,bn_affine_frozen_stats,1,0.0001,9.999999999998899e-05,9.999999999998899e-05,0.5945,0.8695,0.006942368112504482
trajectory_ablation_gpu_v1_cifar10_s02_sar_ABA_bn_affine_frozen_stats_p1_lr0.001_v1,cifar10,sar,A-B-A,2,bn_affine_frozen_stats,1,0.001,0.0024000000000000687,0.0024000000000000687,0.5927,0.8672,0.06210874766111374
trajectory_ablation_gpu_v1_cifar10_s02_sar_ABA_bn_affine_frozen_stats_p1_lr0.01_v1,cifar10,sar,A-B-A,2,bn_affine_frozen_stats,1,0.01,0.0686,0.0686,0.5856,0.801,0.3863999545574188
trajectory_ablation_gpu_v1_cifar10_s02_sar_ABA_bn_affine_frozen_stats_p2_lr0.0001_v1,cifar10,sar,A-B-A,2,bn_affine_frozen_stats,2,0.0001,0.000200000000000089,0.000200000000000089,0.5937,0.8694,0.013667009770870209
trajectory_ablation_gpu_v1_cifar10_s02_sar_ABA_bn_affine_frozen_stats_p2_lr0.001_v1,cifar10,sar,A-B-A,2,bn_affine_frozen_stats,2,0.001,0.007099999999999995,0.007099999999999995,0.58945,0.8625,0.11415451765060425
trajectory_ablation_gpu_v1_cifar10_s02_sar_ABA_bn_affine_frozen_stats_p2_lr0.01_v1,cifar10,sar,A-B-A,2,bn_affine_frozen_stats,2,0.01,0.1291,0.1291,0.5199,0.7405,0.3414795994758606
trajectory_ablation_gpu_v1_cifar10_s02_sar_ABA_bn_affine_frozen_stats_p4_lr0.0001_v1,cifar10,sar,A-B-A,2,bn_affine_frozen_stats,4,0.0001,0.000300000000000078,0.000300000000000078,0.592375,0.8693,0.026526950299739838
trajectory_ablation_gpu_v1_cifar10_s02_sar_ABA_bn_affine_frozen_stats_p4_lr0.001_v1,cifar10,sar,A-B-A,2,bn_affine_frozen_stats,4,0.001,0.027700000000000058,0.027700000000000058,0.567,0.8419,0.20871637761592865
trajectory_ablation_gpu_v1_cifar10_s02_sar_ABA_bn_affine_frozen_stats_p4_lr0.01_v1,cifar10,sar,A-B-A,2,bn_affine_frozen_stats,4,0.01,0.0686,0.0686,0.519775,0.801,0.3863999545574188
trajectory_ablation_gpu_v1_cifar10_s02_sar_ABCA_bn_affine_frozen_stats_p1_lr0.0001_v1,cifar10,sar,A-B-C-A,2,bn_affine_frozen_stats,1,0.0001,0.000200000000000089,0.000200000000000089,0.6752,0.8694,0.010189227759838104
trajectory_ablation_gpu_v1_cifar10_s02_sar_ABCA_bn_affine_frozen_stats_p1_lr0.001_v1,cifar10,sar,A-B-C-A,2,bn_affine_frozen_stats,1,0.001,0.0042000000000000925,0.0042000000000000925,0.67705,0.8654,0.08819988369941711
trajectory_ablation_gpu_v1_cifar10_s02_sar_ABCA_bn_affine_frozen_stats_p1_lr0.01_v1,cifar10,sar,A-B-C-A,2,bn_affine_frozen_stats,1,0.01,0.0038000000000000256,0.0038000000000000256,0.5812,0.8658,0.05662214010953903
trajectory_ablation_gpu_v1_cifar10_s02_sar_ABCA_bn_affine_frozen_stats_p2_lr0.0001_v1,cifar10,sar,A-B-C-A,2,bn_affine_frozen_stats,2,0.0001,0.000300000000000078,0.000300000000000078,0.6748,0.8693,0.019935492426156998
trajectory_ablation_gpu_v1_cifar10_s02_sar_ABCA_bn_affine_frozen_stats_p2_lr0.001_v1,cifar10,sar,A-B-C-A,2,bn_affine_frozen_stats,2,0.001,0.009500000000000064,0.009500000000000064,0.672975,0.8601,0.1578505039215088
trajectory_ablation_gpu_v1_cifar10_s02_sar_ABCA_bn_affine_frozen_stats_p2_lr0.01_v1,cifar10,sar,A-B-C-A,2,bn_affine_frozen_stats,2,0.01,0.0034000000000000696,0.0034000000000000696,0.578775,0.8662,0.07430537790060043
trajectory_ablation_gpu_v1_cifar10_s02_sar_ABCA_bn_affine_frozen_stats_p4_lr0.0001_v1,cifar10,sar,A-B-C-A,2,bn_affine_frozen_stats,4,0.0001,-0.00019999999999997797,-0.00019999999999997797,0.6744,0.8698,0.03833889216184616
trajectory_ablation_gpu_v1_cifar10_s02_sar_ABCA_bn_affine_frozen_stats_p4_lr0.001_v1,cifar10,sar,A-B-C-A,2,bn_affine_frozen_stats,4,0.001,0.04800000000000004,0.04800000000000004,0.64305,0.8216,0.28969958424568176
trajectory_ablation_gpu_v1_cifar10_s02_sar_ABCA_bn_affine_frozen_stats_p4_lr0.01_v1,cifar10,sar,A-B-C-A,2,bn_affine_frozen_stats,4,0.01,0.1896,0.1896,0.583625,0.68,0.6228749752044678
trajectory_ablation_gpu_v1_cifar10_s02_sar_ACBA_bn_affine_frozen_stats_p1_lr0.0001_v1,cifar10,sar,A-C-B-A,2,bn_affine_frozen_stats,1,0.0001,9.999999999998899e-05,9.999999999998899e-05,0.67455,0.8695,0.010187732055783272
trajectory_ablation_gpu_v1_cifar10_s02_sar_ACBA_bn_affine_frozen_stats_p1_lr0.001_v1,cifar10,sar,A-C-B-A,2,bn_affine_frozen_stats,1,0.001,0.0040999999999999925,0.0040999999999999925,0.6723,0.8655,0.08686520159244537
trajectory_ablation_gpu_v1_cifar10_s02_sar_ACBA_bn_affine_frozen_stats_p1_lr0.01_v1,cifar10,sar,A-C-B-A,2,bn_affine_frozen_stats,1,0.01,0.0040999999999999925,0.0040999999999999925,0.64125,0.8655,0.05401337519288063
trajectory_ablation_gpu_v1_cifar10_s02_sar_ACBA_bn_affine_frozen_stats_p2_lr0.0001_v1,cifar10,sar,A-C-B-A,2,bn_affine_frozen_stats,2,0.0001,0.000300000000000078,0.000300000000000078,0.674225,0.8693,0.019932135939598083
trajectory_ablation_gpu_v1_cifar10_s02_sar_ACBA_bn_affine_frozen_stats_p2_lr0.001_v1,cifar10,sar,A-C-B-A,2,bn_affine_frozen_stats,2,0.001,0.00880000000000003,0.00880000000000003,0.66985,0.8608,0.15630792081356049
trajectory_ablation_gpu_v1_cifar10_s02_sar_ACBA_bn_affine_frozen_stats_p2_lr0.01_v1,cifar10,sar,A-C-B-A,2,bn_affine_frozen_stats,2,0.01,0.06140000000000001,0.06140000000000001,0.668175,0.8082,0.5169951915740967
trajectory_ablation_gpu_v1_cifar10_s02_sar_ACBA_bn_affine_frozen_stats_p4_lr0.0001_v1,cifar10,sar,A-C-B-A,2,bn_affine_frozen_stats,4,0.0001,-0.00029999999999996696,-0.00029999999999996696,0.6738625,0.8699,0.03831959143280983
trajectory_ablation_gpu_v1_cifar10_s02_sar_ACBA_bn_affine_frozen_stats_p4_lr0.001_v1,cifar10,sar,A-C-B-A,2,bn_affine_frozen_stats,4,0.001,0.04620000000000002,0.04620000000000002,0.6444625,0.8234,0.28640055656433105
trajectory_ablation_gpu_v1_cifar10_s02_sar_ACBA_bn_affine_frozen_stats_p4_lr0.01_v1,cifar10,sar,A-C-B-A,2,bn_affine_frozen_stats,4,0.01,0.0677000000000001,0.0677000000000001,0.6502875,0.8019,0.5260974764823914
trajectory_ablation_gpu_v1_cifar10_s02_source_ABABA_bn_affine_frozen_stats_p1_lr0.0001_v1,cifar10,source,A-B-A-B-A,2,bn_affine_frozen_stats,1,0.0001,0.0,0.0,0.6863333333333334,0.8696,0.0
trajectory_ablation_gpu_v1_cifar10_s02_source_ABABA_bn_affine_frozen_stats_p1_lr0.001_v1,cifar10,source,A-B-A-B-A,2,bn_affine_frozen_stats,1,0.001,0.0,0.0,0.6863333333333334,0.8696,0.0
trajectory_ablation_gpu_v1_cifar10_s02_source_ABABA_bn_affine_frozen_stats_p1_lr0.01_v1,cifar10,source,A-B-A-B-A,2,bn_affine_frozen_stats,1,0.01,0.0,0.0,0.6863333333333334,0.8696,0.0
trajectory_ablation_gpu_v1_cifar10_s02_source_ABABA_bn_affine_frozen_stats_p2_lr0.0001_v1,cifar10,source,A-B-A-B-A,2,bn_affine_frozen_stats,2,0.0001,0.0,0.0,0.6863333333333334,0.8696,0.0
trajectory_ablation_gpu_v1_cifar10_s02_source_ABABA_bn_affine_frozen_stats_p2_lr0.001_v1,cifar10,source,A-B-A-B-A,2,bn_affine_frozen_stats,2,0.001,0.0,0.0,0.6863333333333334,0.8696,0.0
trajectory_ablation_gpu_v1_cifar10_s02_source_ABABA_bn_affine_frozen_stats_p2_lr0.01_v1,cifar10,source,A-B-A-B-A,2,bn_affine_frozen_stats,2,0.01,0.0,0.0,0.6863333333333334,0.8696,0.0
trajectory_ablation_gpu_v1_cifar10_s02_source_ABABA_bn_affine_frozen_stats_p4_lr0.0001_v1,cifar10,source,A-B-A-B-A,2,bn_affine_frozen_stats,4,0.0001,0.0,0.0,0.6863333333333334,0.8696,0.0
trajectory_ablation_gpu_v1_cifar10_s02_source_ABABA_bn_affine_frozen_stats_p4_lr0.001_v1,cifar10,source,A-B-A-B-A,2,bn_affine_frozen_stats,4,0.001,0.0,0.0,0.6863333333333334,0.8696,0.0
trajectory_ablation_gpu_v1_cifar10_s02_source_ABABA_bn_affine_frozen_stats_p4_lr0.01_v1,cifar10,source,A-B-A-B-A,2,bn_affine_frozen_stats,4,0.01,0.0,0.0,0.6863333333333334,0.8696,0.0
trajectory_ablation_gpu_v1_cifar10_s02_source_ABA_bn_affine_frozen_stats_p1_lr0.0001_v1,cifar10,source,A-B-A,2,bn_affine_frozen_stats,1,0.0001,0.0,0.0,0.5947,0.8696,0.0
trajectory_ablation_gpu_v1_cifar10_s02_source_ABA_bn_affine_frozen_stats_p1_lr0.001_v1,cifar10,source,A-B-A,2,bn_affine_frozen_stats,1,0.001,0.0,0.0,0.5947,0.8696,0.0
trajectory_ablation_gpu_v1_cifar10_s02_source_ABA_bn_affine_frozen_stats_p1_lr0.01_v1,cifar10,source,A-B-A,2,bn_affine_frozen_stats,1,0.01,0.0,0.0,0.5947,0.8696,0.0
trajectory_ablation_gpu_v1_cifar10_s02_source_ABA_bn_affine_frozen_stats_p2_lr0.0001_v1,cifar10,source,A-B-A,2,bn_affine_frozen_stats,2,0.0001,0.0,0.0,0.5947,0.8696,0.0
trajectory_ablation_gpu_v1_cifar10_s02_source_ABA_bn_affine_frozen_stats_p2_lr0.001_v1,cifar10,source,A-B-A,2,bn_affine_frozen_stats,2,0.001,0.0,0.0,0.5947,0.8696,0.0
trajectory_ablation_gpu_v1_cifar10_s02_source_ABA_bn_affine_frozen_stats_p2_lr0.01_v1,cifar10,source,A-B-A,2,bn_affine_frozen_stats,2,0.01,0.0,0.0,0.5947,0.8696,0.0
trajectory_ablation_gpu_v1_cifar10_s02_source_ABA_bn_affine_frozen_stats_p4_lr0.0001_v1,cifar10,source,A-B-A,2,bn_affine_frozen_stats,4,0.0001,0.0,0.0,0.5947,0.8696,0.0
trajectory_ablation_gpu_v1_cifar10_s02_source_ABA_bn_affine_frozen_stats_p4_lr0.001_v1,cifar10,source,A-B-A,2,bn_affine_frozen_stats,4,0.001,0.0,0.0,0.5947,0.8696,0.0
trajectory_ablation_gpu_v1_cifar10_s02_source_ABA_bn_affine_frozen_stats_p4_lr0.01_v1,cifar10,source,A-B-A,2,bn_affine_frozen_stats,4,0.01,0.0,0.0,0.5947,0.8696,0.0
trajectory_ablation_gpu_v1_cifar10_s02_source_ABCA_bn_affine_frozen_stats_p1_lr0.0001_v1,cifar10,source,A-B-C-A,2,bn_affine_frozen_stats,1,0.0001,0.0,0.0,0.6749,0.8696,0.0
trajectory_ablation_gpu_v1_cifar10_s02_source_ABCA_bn_affine_frozen_stats_p1_lr0.001_v1,cifar10,source,A-B-C-A,2,bn_affine_frozen_stats,1,0.001,0.0,0.0,0.6749,0.8696,0.0
trajectory_ablation_gpu_v1_cifar10_s02_source_ABCA_bn_affine_frozen_stats_p1_lr0.01_v1,cifar10,source,A-B-C-A,2,bn_affine_frozen_stats,1,0.01,0.0,0.0,0.6749,0.8696,0.0
trajectory_ablation_gpu_v1_cifar10_s02_source_ABCA_bn_affine_frozen_stats_p2_lr0.0001_v1,cifar10,source,A-B-C-A,2,bn_affine_frozen_stats,2,0.0001,0.0,0.0,0.6749,0.8696,0.0
trajectory_ablation_gpu_v1_cifar10_s02_source_ABCA_bn_affine_frozen_stats_p2_lr0.001_v1,cifar10,source,A-B-C-A,2,bn_affine_frozen_stats,2,0.001,0.0,0.0,0.6749,0.8696,0.0
trajectory_ablation_gpu_v1_cifar10_s02_source_ABCA_bn_affine_frozen_stats_p2_lr0.01_v1,cifar10,source,A-B-C-A,2,bn_affine_frozen_stats,2,0.01,0.0,0.0,0.6749,0.8696,0.0
trajectory_ablation_gpu_v1_cifar10_s02_source_ABCA_bn_affine_frozen_stats_p4_lr0.0001_v1,cifar10,source,A-B-C-A,2,bn_affine_frozen_stats,4,0.0001,0.0,0.0,0.6749,0.8696,0.0
trajectory_ablation_gpu_v1_cifar10_s02_source_ABCA_bn_affine_frozen_stats_p4_lr0.001_v1,cifar10,source,A-B-C-A,2,bn_affine_frozen_stats,4,0.001,0.0,0.0,0.6749,0.8696,0.0
trajectory_ablation_gpu_v1_cifar10_s02_source_ABCA_bn_affine_frozen_stats_p4_lr0.01_v1,cifar10,source,A-B-C-A,2,bn_affine_frozen_stats,4,0.01,0.0,0.0,0.6749,0.8696,0.0
trajectory_ablation_gpu_v1_cifar10_s02_source_ACBA_bn_affine_frozen_stats_p1_lr0.0001_v1,cifar10,source,A-C-B-A,2,bn_affine_frozen_stats,1,0.0001,0.0,0.0,0.6749,0.8696,0.0
trajectory_ablation_gpu_v1_cifar10_s02_source_ACBA_bn_affine_frozen_stats_p1_lr0.001_v1,cifar10,source,A-C-B-A,2,bn_affine_frozen_stats,1,0.001,0.0,0.0,0.6749,0.8696,0.0
trajectory_ablation_gpu_v1_cifar10_s02_source_ACBA_bn_affine_frozen_stats_p1_lr0.01_v1,cifar10,source,A-C-B-A,2,bn_affine_frozen_stats,1,0.01,0.0,0.0,0.6749,0.8696,0.0
trajectory_ablation_gpu_v1_cifar10_s02_source_ACBA_bn_affine_frozen_stats_p2_lr0.0001_v1,cifar10,source,A-C-B-A,2,bn_affine_frozen_stats,2,0.0001,0.0,0.0,0.6749,0.8696,0.0
trajectory_ablation_gpu_v1_cifar10_s02_source_ACBA_bn_affine_frozen_stats_p2_lr0.001_v1,cifar10,source,A-C-B-A,2,bn_affine_frozen_stats,2,0.001,0.0,0.0,0.6749,0.8696,0.0
trajectory_ablation_gpu_v1_cifar10_s02_source_ACBA_bn_affine_frozen_stats_p2_lr0.01_v1,cifar10,source,A-C-B-A,2,bn_affine_frozen_stats,2,0.01,0.0,0.0,0.6749,0.8696,0.0
trajectory_ablation_gpu_v1_cifar10_s02_source_ACBA_bn_affine_frozen_stats_p4_lr0.0001_v1,cifar10,source,A-C-B-A,2,bn_affine_frozen_stats,4,0.0001,0.0,0.0,0.6749,0.8696,0.0
trajectory_ablation_gpu_v1_cifar10_s02_source_ACBA_bn_affine_frozen_stats_p4_lr0.001_v1,cifar10,source,A-C-B-A,2,bn_affine_frozen_stats,4,0.001,0.0,0.0,0.6749,0.8696,0.0
trajectory_ablation_gpu_v1_cifar10_s02_source_ACBA_bn_affine_frozen_stats_p4_lr0.01_v1,cifar10,source,A-C-B-A,2,bn_affine_frozen_stats,4,0.01,0.0,0.0,0.6749,0.8696,0.0
trajectory_ablation_gpu_v1_cifar10_s02_tent_ABABA_bn_affine_frozen_stats_p1_lr0.0001_v1,cifar10,tent,A-B-A-B-A,2,bn_affine_frozen_stats,1,0.0001,0.0,0.0,0.6839,0.8696,0.0162360742688179
trajectory_ablation_gpu_v1_cifar10_s02_tent_ABABA_bn_affine_frozen_stats_p1_lr0.001_v1,cifar10,tent,A-B-A-B-A,2,bn_affine_frozen_stats,1,0.001,0.06240000000000001,0.06240000000000001,0.6244,0.8072,0.18941627442836761
trajectory_ablation_gpu_v1_cifar10_s02_tent_ABABA_bn_affine_frozen_stats_p1_lr0.01_v1,cifar10,tent,A-B-A-B-A,2,bn_affine_frozen_stats,1,0.01,0.7683,0.7683,0.13863333333333333,0.1013,0.6764261722564697
trajectory_ablation_gpu_v1_cifar10_s02_tent_ABABA_bn_affine_frozen_stats_p2_lr0.0001_v1,cifar10,tent,A-B-A-B-A,2,bn_affine_frozen_stats,2,0.0001,0.000500000000000056,0.000500000000000056,0.6806666666666666,0.8691,0.03231148421764374
trajectory_ablation_gpu_v1_cifar10_s02_tent_ABABA_bn_affine_frozen_stats_p2_lr0.001_v1,cifar10,tent,A-B-A-B-A,2,bn_affine_frozen_stats,2,0.001,0.368,0.368,0.4658333333333333,0.5016,0.3539004921913147
trajectory_ablation_gpu_v1_cifar10_s02_tent_ABABA_bn_affine_frozen_stats_p2_lr0.01_v1,cifar10,tent,A-B-A-B-A,2,bn_affine_frozen_stats,2,0.01,0.7692,0.7692,0.11943333333333334,0.1004,0.717169463634491
trajectory_ablation_gpu_v1_cifar10_s02_tent_ABABA_bn_affine_frozen_stats_p4_lr0.0001_v1,cifar10,tent,A-B-A-B-A,2,bn_affine_frozen_stats,4,0.0001,0.0043000000000000815,0.0043000000000000815,0.6727,0.8653,0.06466369330883026
trajectory_ablation_gpu_v1_cifar10_s02_tent_ABABA_bn_affine_frozen_stats_p4_lr0.001_v1,cifar10,tent,A-B-A-B-A,2,bn_affine_frozen_stats,4,0.001,0.683,0.683,0.319275,0.1866,0.5082048773765564
trajectory_ablation_gpu_v1_cifar10_s02_tent_ABABA_bn_affine_frozen_stats_p4_lr0.01_v1,cifar10,tent,A-B-A-B-A,2,bn_affine_frozen_stats,4,0.01,0.7693000000000001,0.7693000000000001,0.109775,0.1003,0.7434879541397095
trajectory_ablation_gpu_v1_cifar10_s02_tent_ABA_bn_affine_frozen_stats_p1_lr0.0001_v1,cifar10,tent,A-B-A,2,bn_affine_frozen_stats,1,0.0001,0.0,0.0,0.593,0.8696,0.007508187089115381
trajectory_ablation_gpu_v1_cifar10_s02_tent_ABA_bn_affine_frozen_stats_p1_lr0.001_v1,cifar10,tent,A-B-A,2,bn_affine_frozen_stats,1,0.001,0.008000000000000007,0.008000000000000007,0.5646,0.8616,0.07905364036560059
trajectory_ablation_gpu_v1_cifar10_s02_tent_ABA_bn_affine_frozen_stats_p1_lr0.01_v1,cifar10,tent,A-B-A,2,bn_affine_frozen_stats,1,0.01,0.5417000000000001,0.5417000000000001,0.1917,0.3279,0.42287230491638184
trajectory_ablation_gpu_v1_cifar10_s02_tent_ABA_bn_affine_frozen_stats_p2_lr0.0001_v1,cifar10,tent,A-B-A,2,bn_affine_frozen_stats,2,0.0001,-0.00019999999999997797,-0.00019999999999997797,0.5911,0.8698,0.015048868022859097
trajectory_ablation_gpu_v1_cifar10_s02_tent_ABA_bn_affine_frozen_stats_p2_lr0.001_v1,cifar10,tent,A-B-A,2,bn_affine_frozen_stats,2,0.001,0.09079999999999999,0.09079999999999999,0.4801,0.7788,0.19997136294841766
trajectory_ablation_gpu_v1_cifar10_s02_tent_ABA_bn_affine_frozen_stats_p2_lr0.01_v1,cifar10,tent,A-B-A,2,bn_affine_frozen_stats,2,0.01,0.6177,0.6177,0.1461,0.2519,0.46348822116851807
trajectory_ablation_gpu_v1_cifar10_s02_tent_ABA_bn_affine_frozen_stats_p4_lr0.0001_v1,cifar10,tent,A-B-A,2,bn_affine_frozen_stats,4,0.0001,0.0008000000000000229,0.0008000000000000229,0.586075,0.8688,0.030337469652295113
trajectory_ablation_gpu_v1_cifar10_s02_tent_ABA_bn_affine_frozen_stats_p4_lr0.001_v1,cifar10,tent,A-B-A,2,bn_affine_frozen_stats,4,0.001,0.3671000000000001,0.3671000000000001,0.3117,0.5025,0.3394104242324829
trajectory_ablation_gpu_v1_cifar10_s02_tent_ABA_bn_affine_frozen_stats_p4_lr0.01_v1,cifar10,tent,A-B-A,2,bn_affine_frozen_stats,4,0.01,0.6661,0.6661,0.1231,0.2035,0.49660274386405945
trajectory_ablation_gpu_v1_cifar10_s02_tent_ABCA_bn_affine_frozen_stats_p1_lr0.0001_v1,cifar10,tent,A-B-C-A,2,bn_affine_frozen_stats,1,0.0001,0.000200000000000089,0.000200000000000089,0.6747,0.8694,0.010661020874977112
trajectory_ablation_gpu_v1_cifar10_s02_tent_ABCA_bn_affine_frozen_stats_p1_lr0.001_v1,cifar10,tent,A-B-C-A,2,bn_affine_frozen_stats,1,0.001,0.007600000000000051,0.007600000000000051,0.6615,0.862,0.10118501633405685
trajectory_ablation_gpu_v1_cifar10_s02_tent_ABCA_bn_affine_frozen_stats_p1_lr0.01_v1,cifar10,tent,A-B-C-A,2,bn_affine_frozen_stats,1,0.01,0.7641,0.7641,0.1529,0.1055,0.6361367106437683
trajectory_ablation_gpu_v1_cifar10_s02_tent_ABCA_bn_affine_frozen_stats_p2_lr0.0001_v1,cifar10,tent,A-B-C-A,2,bn_affine_frozen_stats,2,0.0001,0.000500000000000056,0.000500000000000056,0.6735,0.8691,0.02114328183233738
trajectory_ablation_gpu_v1_cifar10_s02_tent_ABCA_bn_affine_frozen_stats_p2_lr0.001_v1,cifar10,tent,A-B-C-A,2,bn_affine_frozen_stats,2,0.001,0.1695000000000001,0.1695000000000001,0.579925,0.7001,0.2727033793926239
trajectory_ablation_gpu_v1_cifar10_s02_tent_ABCA_bn_affine_frozen_stats_p2_lr0.01_v1,cifar10,tent,A-B-C-A,2,bn_affine_frozen_stats,2,0.01,0.7678,0.7678,0.1267,0.1018,0.6693713665008545
trajectory_ablation_gpu_v1_cifar10_s02_tent_ABCA_bn_affine_frozen_stats_p4_lr0.0001_v1,cifar10,tent,A-B-C-A,2,bn_affine_frozen_stats,4,0.0001,0.00040000000000006697,0.00040000000000006697,0.6710625,0.8692,0.04179592803120613
trajectory_ablation_gpu_v1_cifar10_s02_tent_ABCA_bn_affine_frozen_stats_p4_lr0.001_v1,cifar10,tent,A-B-C-A,2,bn_affine_frozen_stats,4,0.001,0.6764,0.6764,0.3762375,0.1932,0.4966650903224945
trajectory_ablation_gpu_v1_cifar10_s02_tent_ABCA_bn_affine_frozen_stats_p4_lr0.01_v1,cifar10,tent,A-B-C-A,2,bn_affine_frozen_stats,4,0.01,0.7689,0.7689,0.1134625,0.1007,0.7018265724182129
trajectory_ablation_gpu_v1_cifar10_s02_tent_ACBA_bn_affine_frozen_stats_p1_lr0.0001_v1,cifar10,tent,A-C-B-A,2,bn_affine_frozen_stats,1,0.0001,0.000200000000000089,0.000200000000000089,0.67345,0.8694,0.010711770504713058
trajectory_ablation_gpu_v1_cifar10_s02_tent_ACBA_bn_affine_frozen_stats_p1_lr0.001_v1,cifar10,tent,A-C-B-A,2,bn_affine_frozen_stats,1,0.001,0.01419999999999999,0.01419999999999999,0.64595,0.8554,0.1150294691324234
trajectory_ablation_gpu_v1_cifar10_s02_tent_ACBA_bn_affine_frozen_stats_p1_lr0.01_v1,cifar10,tent,A-C-B-A,2,bn_affine_frozen_stats,1,0.01,0.7521,0.7521,0.4034,0.1175,0.6179962754249573
trajectory_ablation_gpu_v1_cifar10_s02_tent_ACBA_bn_affine_frozen_stats_p2_lr0.0001_v1,cifar10,tent,A-C-B-A,2,bn_affine_frozen_stats,2,0.0001,0.0006000000000000449,0.0006000000000000449,0.67235,0.869,0.021253835409879684
trajectory_ablation_gpu_v1_cifar10_s02_tent_ACBA_bn_affine_frozen_stats_p2_lr0.001_v1,cifar10,tent,A-C-B-A,2,bn_affine_frozen_stats,2,0.001,0.13219999999999998,0.13219999999999998,0.591425,0.7374,0.2485540509223938
trajectory_ablation_gpu_v1_cifar10_s02_tent_ACBA_bn_affine_frozen_stats_p2_lr0.01_v1,cifar10,tent,A-C-B-A,2,bn_affine_frozen_stats,2,0.01,0.7668,0.7668,0.25225,0.1028,0.6811554431915283
trajectory_ablation_gpu_v1_cifar10_s02_tent_ACBA_bn_affine_frozen_stats_p4_lr0.0001_v1,cifar10,tent,A-C-B-A,2,bn_affine_frozen_stats,4,0.0001,0.000300000000000078,0.000300000000000078,0.6696875,0.8693,0.04204089194536209
trajectory_ablation_gpu_v1_cifar10_s02_tent_ACBA_bn_affine_frozen_stats_p4_lr0.001_v1,cifar10,tent,A-C-B-A,2,bn_affine_frozen_stats,4,0.001,0.5871000000000001,0.5871000000000001,0.42235,0.2825,0.45032528042793274
trajectory_ablation_gpu_v1_cifar10_s02_tent_ACBA_bn_affine_frozen_stats_p4_lr0.01_v1,cifar10,tent,A-C-B-A,2,bn_affine_frozen_stats,4,0.01,0.7687,0.7687,0.176175,0.1009,0.7153014540672302
trajectory_ablation_gpu_v1_cifar10_s03_cotta_ABABA_bn_affine_frozen_stats_p1_lr0.0001_v1,cifar10,cotta,A-B-A-B-A,3,bn_affine_frozen_stats,1,0.0001,0.0004999999999999449,0.0004999999999999449,0.6854333333333333,0.8657,0.0395851694047451
trajectory_ablation_gpu_v1_cifar10_s03_cotta_ABABA_bn_affine_frozen_stats_p1_lr0.001_v1,cifar10,cotta,A-B-A-B-A,3,bn_affine_frozen_stats,1,0.001,0.0016999999999999238,0.0016999999999999238,0.6849333333333333,0.8645,0.2762437164783478
trajectory_ablation_gpu_v1_cifar10_s03_cotta_ABABA_bn_affine_frozen_stats_p1_lr0.01_v1,cifar10,cotta,A-B-A-B-A,3,bn_affine_frozen_stats,1,0.01,0.01539999999999997,0.01539999999999997,0.6771666666666667,0.8508,1.0264320373535156
trajectory_ablation_gpu_v1_cifar10_s03_cotta_ABABA_bn_affine_frozen_stats_p2_lr0.0001_v1,cifar10,cotta,A-B-A-B-A,3,bn_affine_frozen_stats,2,0.0001,0.0009000000000000119,0.0009000000000000119,0.6850666666666667,0.8653,0.041270025074481964
trajectory_ablation_gpu_v1_cifar10_s03_cotta_ABABA_bn_affine_frozen_stats_p2_lr0.001_v1,cifar10,cotta,A-B-A-B-A,3,bn_affine_frozen_stats,2,0.001,0.0040999999999999925,0.0040999999999999925,0.6827833333333333,0.8621,0.29592999815940857
trajectory_ablation_gpu_v1_cifar10_s03_cotta_ABABA_bn_affine_frozen_stats_p2_lr0.01_v1,cifar10,cotta,A-B-A-B-A,3,bn_affine_frozen_stats,2,0.01,0.018100000000000005,0.018100000000000005,0.6758,0.8481,1.1440529823303223
trajectory_ablation_gpu_v1_cifar10_s03_cotta_ABABA_bn_affine_frozen_stats_p4_lr0.0001_v1,cifar10,cotta,A-B-A-B-A,3,bn_affine_frozen_stats,4,0.0001,0.0008000000000000229,0.0008000000000000229,0.6846333333333333,0.8654,0.04228706657886505
trajectory_ablation_gpu_v1_cifar10_s03_cotta_ABABA_bn_affine_frozen_stats_p4_lr0.001_v1,cifar10,cotta,A-B-A-B-A,3,bn_affine_frozen_stats,4,0.001,0.013000000000000012,0.013000000000000012,0.6766333333333333,0.8532,0.31267181038856506
trajectory_ablation_gpu_v1_cifar10_s03_cotta_ABABA_bn_affine_frozen_stats_p4_lr0.01_v1,cifar10,cotta,A-B-A-B-A,3,bn_affine_frozen_stats,4,0.01,0.06259999999999999,0.06259999999999999,0.6611166666666667,0.8036,1.2162529230117798
trajectory_ablation_gpu_v1_cifar10_s03_cotta_ABA_bn_affine_frozen_stats_p1_lr0.0001_v1,cifar10,cotta,A-B-A,3,bn_affine_frozen_stats,1,0.0001,0.00029999999999996696,0.00029999999999996696,0.5956,0.8659,0.03313223645091057
trajectory_ablation_gpu_v1_cifar10_s03_cotta_ABA_bn_affine_frozen_stats_p1_lr0.001_v1,cifar10,cotta,A-B-A,3,bn_affine_frozen_stats,1,0.001,0.0014999999999999458,0.0014999999999999458,0.5962,0.8647,0.2275107204914093
trajectory_ablation_gpu_v1_cifar10_s03_cotta_ABA_bn_affine_frozen_stats_p1_lr0.01_v1,cifar10,cotta,A-B-A,3,bn_affine_frozen_stats,1,0.01,0.005099999999999993,0.005099999999999993,0.5735,0.8611,0.8068819046020508
trajectory_ablation_gpu_v1_cifar10_s03_cotta_ABA_bn_affine_frozen_stats_p2_lr0.0001_v1,cifar10,cotta,A-B-A,3,bn_affine_frozen_stats,2,0.0001,0.0006999999999999229,0.0006999999999999229,0.59515,0.8655,0.03409383073449135
trajectory_ablation_gpu_v1_cifar10_s03_cotta_ABA_bn_affine_frozen_stats_p2_lr0.001_v1,cifar10,cotta,A-B-A,3,bn_affine_frozen_stats,2,0.001,0.0016999999999999238,0.0016999999999999238,0.5949,0.8645,0.24717184901237488
trajectory_ablation_gpu_v1_cifar10_s03_cotta_ABA_bn_affine_frozen_stats_p2_lr0.01_v1,cifar10,cotta,A-B-A,3,bn_affine_frozen_stats,2,0.01,0.011499999999999955,0.011499999999999955,0.58195,0.8547,0.9323033094406128
trajectory_ablation_gpu_v1_cifar10_s03_cotta_ABA_bn_affine_frozen_stats_p4_lr0.0001_v1,cifar10,cotta,A-B-A,3,bn_affine_frozen_stats,4,0.0001,0.0011999999999999789,0.0011999999999999789,0.59455,0.865,0.03672429174184799
trajectory_ablation_gpu_v1_cifar10_s03_cotta_ABA_bn_affine_frozen_stats_p4_lr0.001_v1,cifar10,cotta,A-B-A,3,bn_affine_frozen_stats,4,0.001,0.005199999999999982,0.005199999999999982,0.59195,0.861,0.27282828092575073
trajectory_ablation_gpu_v1_cifar10_s03_cotta_ABA_bn_affine_frozen_stats_p4_lr0.01_v1,cifar10,cotta,A-B-A,3,bn_affine_frozen_stats,4,0.01,0.015699999999999936,0.015699999999999936,0.585675,0.8505,1.0481809377670288
trajectory_ablation_gpu_v1_cifar10_s03_cotta_ABCA_bn_affine_frozen_stats_p1_lr0.0001_v1,cifar10,cotta,A-B-C-A,3,bn_affine_frozen_stats,1,0.0001,-0.00040000000000006697,-0.00040000000000006697,0.678,0.8666,0.035151660442352295
trajectory_ablation_gpu_v1_cifar10_s03_cotta_ABCA_bn_affine_frozen_stats_p1_lr0.001_v1,cifar10,cotta,A-B-C-A,3,bn_affine_frozen_stats,1,0.001,0.0022999999999999687,0.0022999999999999687,0.6808,0.8639,0.22882883250713348
trajectory_ablation_gpu_v1_cifar10_s03_cotta_ABCA_bn_affine_frozen_stats_p1_lr0.01_v1,cifar10,cotta,A-B-C-A,3,bn_affine_frozen_stats,1,0.01,0.007499999999999951,0.007499999999999951,0.6657,0.8587,0.9746802449226379
trajectory_ablation_gpu_v1_cifar10_s03_cotta_ABCA_bn_affine_frozen_stats_p2_lr0.0001_v1,cifar10,cotta,A-B-C-A,3,bn_affine_frozen_stats,2,0.0001,0.0005999999999999339,0.0005999999999999339,0.677,0.8656,0.03871666267514229
trajectory_ablation_gpu_v1_cifar10_s03_cotta_ABCA_bn_affine_frozen_stats_p2_lr0.001_v1,cifar10,cotta,A-B-C-A,3,bn_affine_frozen_stats,2,0.001,0.0036999999999999256,0.0036999999999999256,0.677475,0.8625,0.25443920493125916
trajectory_ablation_gpu_v1_cifar10_s03_cotta_ABCA_bn_affine_frozen_stats_p2_lr0.01_v1,cifar10,cotta,A-B-C-A,3,bn_affine_frozen_stats,2,0.01,0.013699999999999934,0.013699999999999934,0.667725,0.8525,1.1472407579421997
trajectory_ablation_gpu_v1_cifar10_s03_cotta_ABCA_bn_affine_frozen_stats_p4_lr0.0001_v1,cifar10,cotta,A-B-C-A,3,bn_affine_frozen_stats,4,0.0001,0.0010000000000000009,0.0010000000000000009,0.6756375,0.8652,0.04416993632912636
trajectory_ablation_gpu_v1_cifar10_s03_cotta_ABCA_bn_affine_frozen_stats_p4_lr0.001_v1,cifar10,cotta,A-B-C-A,3,bn_affine_frozen_stats,4,0.001,0.012799999999999923,0.012799999999999923,0.6691875,0.8534,0.2918364107608795
trajectory_ablation_gpu_v1_cifar10_s03_cotta_ABCA_bn_affine_frozen_stats_p4_lr0.01_v1,cifar10,cotta,A-B-C-A,3,bn_affine_frozen_stats,4,0.01,0.038799999999999946,0.038799999999999946,0.6578125,0.8274,1.392289638519287
trajectory_ablation_gpu_v1_cifar10_s03_cotta_ACBA_bn_affine_frozen_stats_p1_lr0.0001_v1,cifar10,cotta,A-C-B-A,3,bn_affine_frozen_stats,1,0.0001,0.0012999999999999678,0.0012999999999999678,0.67505,0.8649,0.03451523184776306
trajectory_ablation_gpu_v1_cifar10_s03_cotta_ACBA_bn_affine_frozen_stats_p1_lr0.001_v1,cifar10,cotta,A-C-B-A,3,bn_affine_frozen_stats,1,0.001,0.0024999999999999467,0.0024999999999999467,0.6744,0.8637,0.24720829725265503
trajectory_ablation_gpu_v1_cifar10_s03_cotta_ACBA_bn_affine_frozen_stats_p1_lr0.01_v1,cifar10,cotta,A-C-B-A,3,bn_affine_frozen_stats,1,0.01,0.015100000000000002,0.015100000000000002,0.6686,0.8511,0.9534897208213806
trajectory_ablation_gpu_v1_cifar10_s03_cotta_ACBA_bn_affine_frozen_stats_p2_lr0.0001_v1,cifar10,cotta,A-C-B-A,3,bn_affine_frozen_stats,2,0.0001,0.0011999999999999789,0.0011999999999999789,0.674525,0.865,0.0369136668741703
trajectory_ablation_gpu_v1_cifar10_s03_cotta_ACBA_bn_affine_frozen_stats_p2_lr0.001_v1,cifar10,cotta,A-C-B-A,3,bn_affine_frozen_stats,2,0.001,0.0046999999999999265,0.0046999999999999265,0.670625,0.8615,0.266500860452652
trajectory_ablation_gpu_v1_cifar10_s03_cotta_ACBA_bn_affine_frozen_stats_p2_lr0.01_v1,cifar10,cotta,A-C-B-A,3,bn_affine_frozen_stats,2,0.01,0.015699999999999936,0.015699999999999936,0.6713,0.8505,1.0035063028335571
trajectory_ablation_gpu_v1_cifar10_s03_cotta_ACBA_bn_affine_frozen_stats_p4_lr0.0001_v1,cifar10,cotta,A-C-B-A,3,bn_affine_frozen_stats,4,0.0001,0.0016999999999999238,0.0016999999999999238,0.6739625,0.8645,0.03906562924385071
trajectory_ablation_gpu_v1_cifar10_s03_cotta_ACBA_bn_affine_frozen_stats_p4_lr0.001_v1,cifar10,cotta,A-C-B-A,3,bn_affine_frozen_stats,4,0.001,0.011599999999999944,0.011599999999999944,0.6613875,0.8546,0.2976851463317871
trajectory_ablation_gpu_v1_cifar10_s03_cotta_ACBA_bn_affine_frozen_stats_p4_lr0.01_v1,cifar10,cotta,A-C-B-A,3,bn_affine_frozen_stats,4,0.01,0.037699999999999956,0.037699999999999956,0.660025,0.8285,1.2110321521759033
trajectory_ablation_gpu_v1_cifar10_s03_eata_ABABA_bn_affine_frozen_stats_p1_lr0.0001_v1,cifar10,eata,A-B-A-B-A,3,bn_affine_frozen_stats,1,0.0001,0.7337,0.7337,0.30506666666666665,0.1325,0.8100101947784424
trajectory_ablation_gpu_v1_cifar10_s03_eata_ABABA_bn_affine_frozen_stats_p1_lr0.001_v1,cifar10,eata,A-B-A-B-A,3,bn_affine_frozen_stats,1,0.001,0.7662,0.7662,0.11416666666666667,0.1,1.5912985801696777
trajectory_ablation_gpu_v1_cifar10_s03_eata_ABABA_bn_affine_frozen_stats_p1_lr0.01_v1,cifar10,eata,A-B-A-B-A,3,bn_affine_frozen_stats,1,0.01,0.7662,0.7662,0.10443333333333334,0.1,7.687892913818359
trajectory_ablation_gpu_v1_cifar10_s03_eata_ABABA_bn_affine_frozen_stats_p2_lr0.0001_v1,cifar10,eata,A-B-A-B-A,3,bn_affine_frozen_stats,2,0.0001,0.7662,0.7662,0.2028,0.1,1.0775471925735474
trajectory_ablation_gpu_v1_cifar10_s03_eata_ABABA_bn_affine_frozen_stats_p2_lr0.001_v1,cifar10,eata,A-B-A-B-A,3,bn_affine_frozen_stats,2,0.001,0.7661,0.7661,0.10708333333333334,0.1001,1.4397870302200317
trajectory_ablation_gpu_v1_cifar10_s03_eata_ABABA_bn_affine_frozen_stats_p2_lr0.01_v1,cifar10,eata,A-B-A-B-A,3,bn_affine_frozen_stats,2,0.01,0.7662,0.7662,0.10221666666666666,0.1,5.706122875213623
trajectory_ablation_gpu_v1_cifar10_s03_eata_ABABA_bn_affine_frozen_stats_p4_lr0.0001_v1,cifar10,eata,A-B-A-B-A,3,bn_affine_frozen_stats,4,0.0001,0.7662,0.7662,0.15140833333333334,0.1,1.1592774391174316
trajectory_ablation_gpu_v1_cifar10_s03_eata_ABABA_bn_affine_frozen_stats_p4_lr0.001_v1,cifar10,eata,A-B-A-B-A,3,bn_affine_frozen_stats,4,0.001,0.7662,0.7662,0.10354166666666667,0.1,1.7452142238616943
trajectory_ablation_gpu_v1_cifar10_s03_eata_ABABA_bn_affine_frozen_stats_p4_lr0.01_v1,cifar10,eata,A-B-A-B-A,3,bn_affine_frozen_stats,4,0.01,0.7662,0.7662,0.10110833333333333,0.1,3.689307451248169
trajectory_ablation_gpu_v1_cifar10_s03_eata_ABA_bn_affine_frozen_stats_p1_lr0.0001_v1,cifar10,eata,A-B-A,3,bn_affine_frozen_stats,1,0.0001,0.2955,0.2955,0.4139,0.5707,0.4589681029319763
trajectory_ablation_gpu_v1_cifar10_s03_eata_ABA_bn_affine_frozen_stats_p1_lr0.001_v1,cifar10,eata,A-B-A,3,bn_affine_frozen_stats,1,0.001,0.7617999999999999,0.7617999999999999,0.1425,0.1044,1.2198796272277832
trajectory_ablation_gpu_v1_cifar10_s03_eata_ABA_bn_affine_frozen_stats_p1_lr0.01_v1,cifar10,eata,A-B-A,3,bn_affine_frozen_stats,1,0.01,0.7662,0.7662,0.1133,0.1,4.154723644256592
trajectory_ablation_gpu_v1_cifar10_s03_eata_ABA_bn_affine_frozen_stats_p2_lr0.0001_v1,cifar10,eata,A-B-A,3,bn_affine_frozen_stats,2,0.0001,0.7117,0.7117,0.26005,0.1545,0.7562026977539062
trajectory_ablation_gpu_v1_cifar10_s03_eata_ABA_bn_affine_frozen_stats_p2_lr0.001_v1,cifar10,eata,A-B-A,3,bn_affine_frozen_stats,2,0.001,0.75,0.75,0.12125,0.1162,1.1496182680130005
trajectory_ablation_gpu_v1_cifar10_s03_eata_ABA_bn_affine_frozen_stats_p2_lr0.01_v1,cifar10,eata,A-B-A,3,bn_affine_frozen_stats,2,0.01,0.7662,0.7662,0.10665,0.1,10.120707511901855
trajectory_ablation_gpu_v1_cifar10_s03_eata_ABA_bn_affine_frozen_stats_p4_lr0.0001_v1,cifar10,eata,A-B-A,3,bn_affine_frozen_stats,4,0.0001,0.7392,0.7392,0.180025,0.127,0.804847002029419
trajectory_ablation_gpu_v1_cifar10_s03_eata_ABA_bn_affine_frozen_stats_p4_lr0.001_v1,cifar10,eata,A-B-A,3,bn_affine_frozen_stats,4,0.001,0.7662,0.7662,0.110625,0.1,1.6730430126190186
trajectory_ablation_gpu_v1_cifar10_s03_eata_ABA_bn_affine_frozen_stats_p4_lr0.01_v1,cifar10,eata,A-B-A,3,bn_affine_frozen_stats,4,0.01,0.7662,0.7662,0.103325,0.1,7.626535415649414
trajectory_ablation_gpu_v1_cifar10_s03_eata_ABCA_bn_affine_frozen_stats_p1_lr0.0001_v1,cifar10,eata,A-B-C-A,3,bn_affine_frozen_stats,1,0.0001,0.7515999999999999,0.7515999999999999,0.31245,0.1146,0.8270843029022217
trajectory_ablation_gpu_v1_cifar10_s03_eata_ABCA_bn_affine_frozen_stats_p1_lr0.001_v1,cifar10,eata,A-B-C-A,3,bn_affine_frozen_stats,1,0.001,0.7662,0.7662,0.12125,0.1,1.5533257722854614
trajectory_ablation_gpu_v1_cifar10_s03_eata_ABCA_bn_affine_frozen_stats_p1_lr0.01_v1,cifar10,eata,A-B-C-A,3,bn_affine_frozen_stats,1,0.01,0.7662,0.7662,0.10665,0.1,9.178056716918945
trajectory_ablation_gpu_v1_cifar10_s03_eata_ABCA_bn_affine_frozen_stats_p2_lr0.0001_v1,cifar10,eata,A-B-C-A,3,bn_affine_frozen_stats,2,0.0001,0.7653,0.7653,0.206325,0.1009,0.9620903134346008
trajectory_ablation_gpu_v1_cifar10_s03_eata_ABCA_bn_affine_frozen_stats_p2_lr0.001_v1,cifar10,eata,A-B-C-A,3,bn_affine_frozen_stats,2,0.001,0.7662,0.7662,0.110625,0.1,1.4369302988052368
trajectory_ablation_gpu_v1_cifar10_s03_eata_ABCA_bn_affine_frozen_stats_p2_lr0.01_v1,cifar10,eata,A-B-C-A,3,bn_affine_frozen_stats,2,0.01,0.7662,0.7662,0.103325,0.1,6.8120503425598145
trajectory_ablation_gpu_v1_cifar10_s03_eata_ABCA_bn_affine_frozen_stats_p4_lr0.0001_v1,cifar10,eata,A-B-C-A,3,bn_affine_frozen_stats,4,0.0001,0.7656999999999999,0.7656999999999999,0.1532125,0.1005,1.0043479204177856
trajectory_ablation_gpu_v1_cifar10_s03_eata_ABCA_bn_affine_frozen_stats_p4_lr0.001_v1,cifar10,eata,A-B-C-A,3,bn_affine_frozen_stats,4,0.001,0.7662,0.7662,0.1053125,0.1,2.0674984455108643
trajectory_ablation_gpu_v1_cifar10_s03_eata_ABCA_bn_affine_frozen_stats_p4_lr0.01_v1,cifar10,eata,A-B-C-A,3,bn_affine_frozen_stats,4,0.01,0.7662,0.7662,0.1016625,0.1,4.594784259796143
trajectory_ablation_gpu_v1_cifar10_s03_eata_ACBA_bn_affine_frozen_stats_p1_lr0.0001_v1,cifar10,eata,A-C-B-A,3,bn_affine_frozen_stats,1,0.0001,0.22109999999999996,0.22109999999999996,0.5982,0.6451,0.6292481422424316
trajectory_ablation_gpu_v1_cifar10_s03_eata_ACBA_bn_affine_frozen_stats_p1_lr0.001_v1,cifar10,eata,A-C-B-A,3,bn_affine_frozen_stats,1,0.001,0.7662,0.7662,0.1687,0.1,1.623598575592041
trajectory_ablation_gpu_v1_cifar10_s03_eata_ACBA_bn_affine_frozen_stats_p1_lr0.01_v1,cifar10,eata,A-C-B-A,3,bn_affine_frozen_stats,1,0.01,0.7662,0.7662,0.1077,0.1,9.683866500854492
trajectory_ablation_gpu_v1_cifar10_s03_eata_ACBA_bn_affine_frozen_stats_p2_lr0.0001_v1,cifar10,eata,A-C-B-A,3,bn_affine_frozen_stats,2,0.0001,0.757,0.757,0.3948,0.1092,0.9934545159339905
trajectory_ablation_gpu_v1_cifar10_s03_eata_ACBA_bn_affine_frozen_stats_p2_lr0.001_v1,cifar10,eata,A-C-B-A,3,bn_affine_frozen_stats,2,0.001,0.7662,0.7662,0.13435,0.1,1.5381077527999878
trajectory_ablation_gpu_v1_cifar10_s03_eata_ACBA_bn_affine_frozen_stats_p2_lr0.01_v1,cifar10,eata,A-C-B-A,3,bn_affine_frozen_stats,2,0.01,0.7662,0.7662,0.10385,0.1,7.206822395324707
trajectory_ablation_gpu_v1_cifar10_s03_eata_ACBA_bn_affine_frozen_stats_p4_lr0.0001_v1,cifar10,eata,A-C-B-A,3,bn_affine_frozen_stats,4,0.0001,0.7661,0.7661,0.24745,0.1001,1.1158746480941772
trajectory_ablation_gpu_v1_cifar10_s03_eata_ACBA_bn_affine_frozen_stats_p4_lr0.001_v1,cifar10,eata,A-C-B-A,3,bn_affine_frozen_stats,4,0.001,0.766,0.766,0.117175,0.1002,1.3794293403625488
trajectory_ablation_gpu_v1_cifar10_s03_eata_ACBA_bn_affine_frozen_stats_p4_lr0.01_v1,cifar10,eata,A-C-B-A,3,bn_affine_frozen_stats,4,0.01,0.7662,0.7662,0.101925,0.1,4.856810569763184
trajectory_ablation_gpu_v1_cifar10_s03_rotta_ABABA_bn_affine_frozen_stats_p1_lr0.0001_v1,cifar10,rotta,A-B-A-B-A,3,bn_affine_frozen_stats,1,0.0001,0.0,0.0,0.6865333333333333,0.8662,2.2982285372563638e-06
trajectory_ablation_gpu_v1_cifar10_s03_rotta_ABABA_bn_affine_frozen_stats_p1_lr0.001_v1,cifar10,rotta,A-B-A-B-A,3,bn_affine_frozen_stats,1,0.001,0.0,0.0,0.6866,0.8662,3.7424335459945723e-05
trajectory_ablation_gpu_v1_cifar10_s03_rotta_ABABA_bn_affine_frozen_stats_p1_lr0.01_v1,cifar10,rotta,A-B-A-B-A,3,bn_affine_frozen_stats,1,0.01,-9.999999999998899e-05,-9.999999999998899e-05,0.6869,0.8663,0.0018154237186536193
trajectory_ablation_gpu_v1_cifar10_s03_rotta_ABABA_bn_affine_frozen_stats_p2_lr0.0001_v1,cifar10,rotta,A-B-A-B-A,3,bn_affine_frozen_stats,2,0.0001,0.0,0.0,0.68655,0.8662,2.762015355983749e-06
trajectory_ablation_gpu_v1_cifar10_s03_rotta_ABABA_bn_affine_frozen_stats_p2_lr0.001_v1,cifar10,rotta,A-B-A-B-A,3,bn_affine_frozen_stats,2,0.001,0.0,0.0,0.6866,0.8662,4.5397711801342666e-05
trajectory_ablation_gpu_v1_cifar10_s03_rotta_ABABA_bn_affine_frozen_stats_p2_lr0.01_v1,cifar10,rotta,A-B-A-B-A,3,bn_affine_frozen_stats,2,0.01,-9.999999999998899e-05,-9.999999999998899e-05,0.6869,0.8663,0.0021769714076071978
trajectory_ablation_gpu_v1_cifar10_s03_rotta_ABABA_bn_affine_frozen_stats_p4_lr0.0001_v1,cifar10,rotta,A-B-A-B-A,3,bn_affine_frozen_stats,4,0.0001,0.0,0.0,0.6865416666666667,0.8662,3.656525450423942e-06
trajectory_ablation_gpu_v1_cifar10_s03_rotta_ABABA_bn_affine_frozen_stats_p4_lr0.001_v1,cifar10,rotta,A-B-A-B-A,3,bn_affine_frozen_stats,4,0.001,0.0,0.0,0.6865833333333333,0.8662,7.314419781323522e-05
trajectory_ablation_gpu_v1_cifar10_s03_rotta_ABABA_bn_affine_frozen_stats_p4_lr0.01_v1,cifar10,rotta,A-B-A-B-A,3,bn_affine_frozen_stats,4,0.01,0.00029999999999996696,0.00029999999999996696,0.68665,0.8659,0.006299837492406368
trajectory_ablation_gpu_v1_cifar10_s03_rotta_ABA_bn_affine_frozen_stats_p1_lr0.0001_v1,cifar10,rotta,A-B-A,3,bn_affine_frozen_stats,1,0.0001,0.0,0.0,0.5967,0.8662,1.3938928304924048e-06
trajectory_ablation_gpu_v1_cifar10_s03_rotta_ABA_bn_affine_frozen_stats_p1_lr0.001_v1,cifar10,rotta,A-B-A,3,bn_affine_frozen_stats,1,0.001,0.0,0.0,0.5968,0.8662,2.4888397092581727e-05
trajectory_ablation_gpu_v1_cifar10_s03_rotta_ABA_bn_affine_frozen_stats_p1_lr0.01_v1,cifar10,rotta,A-B-A,3,bn_affine_frozen_stats,1,0.01,-9.999999999998899e-05,-9.999999999998899e-05,0.5968,0.8663,0.00034539212356321514
trajectory_ablation_gpu_v1_cifar10_s03_rotta_ABA_bn_affine_frozen_stats_p2_lr0.0001_v1,cifar10,rotta,A-B-A,3,bn_affine_frozen_stats,2,0.0001,0.0,0.0,0.5967,0.8662,1.863000079538324e-06
trajectory_ablation_gpu_v1_cifar10_s03_rotta_ABA_bn_affine_frozen_stats_p2_lr0.001_v1,cifar10,rotta,A-B-A,3,bn_affine_frozen_stats,2,0.001,0.0,0.0,0.5968,0.8662,3.0211836929083802e-05
trajectory_ablation_gpu_v1_cifar10_s03_rotta_ABA_bn_affine_frozen_stats_p2_lr0.01_v1,cifar10,rotta,A-B-A,3,bn_affine_frozen_stats,2,0.01,9.999999999998899e-05,9.999999999998899e-05,0.59685,0.8661,0.0005615388508886099
trajectory_ablation_gpu_v1_cifar10_s03_rotta_ABA_bn_affine_frozen_stats_p4_lr0.0001_v1,cifar10,rotta,A-B-A,3,bn_affine_frozen_stats,4,0.0001,0.0,0.0,0.5967,0.8662,2.4057137579802657e-06
trajectory_ablation_gpu_v1_cifar10_s03_rotta_ABA_bn_affine_frozen_stats_p4_lr0.001_v1,cifar10,rotta,A-B-A,3,bn_affine_frozen_stats,4,0.001,0.0,0.0,0.59675,0.8662,4.196627560304478e-05
trajectory_ablation_gpu_v1_cifar10_s03_rotta_ABA_bn_affine_frozen_stats_p4_lr0.01_v1,cifar10,rotta,A-B-A,3,bn_affine_frozen_stats,4,0.01,0.0,0.0,0.5969,0.8662,0.0007153595215640962
trajectory_ablation_gpu_v1_cifar10_s03_rotta_ABCA_bn_affine_frozen_stats_p1_lr0.0001_v1,cifar10,rotta,A-B-C-A,3,bn_affine_frozen_stats,1,0.0001,0.0,0.0,0.67755,0.8662,1.8935238585982006e-06
trajectory_ablation_gpu_v1_cifar10_s03_rotta_ABCA_bn_affine_frozen_stats_p1_lr0.001_v1,cifar10,rotta,A-B-C-A,3,bn_affine_frozen_stats,1,0.001,0.0,0.0,0.67755,0.8662,3.012831075466238e-05
trajectory_ablation_gpu_v1_cifar10_s03_rotta_ABCA_bn_affine_frozen_stats_p1_lr0.01_v1,cifar10,rotta,A-B-C-A,3,bn_affine_frozen_stats,1,0.01,0.0,0.0,0.6776,0.8662,0.0007947401609271765
trajectory_ablation_gpu_v1_cifar10_s03_rotta_ABCA_bn_affine_frozen_stats_p2_lr0.0001_v1,cifar10,rotta,A-B-C-A,3,bn_affine_frozen_stats,2,0.0001,0.0,0.0,0.677575,0.8662,2.8810436560888775e-06
trajectory_ablation_gpu_v1_cifar10_s03_rotta_ABCA_bn_affine_frozen_stats_p2_lr0.001_v1,cifar10,rotta,A-B-C-A,3,bn_affine_frozen_stats,2,0.001,0.0,0.0,0.67755,0.8662,4.67457648483105e-05
trajectory_ablation_gpu_v1_cifar10_s03_rotta_ABCA_bn_affine_frozen_stats_p2_lr0.01_v1,cifar10,rotta,A-B-C-A,3,bn_affine_frozen_stats,2,0.01,0.0,0.0,0.6776,0.8662,0.0006678287172690034
trajectory_ablation_gpu_v1_cifar10_s03_rotta_ABCA_bn_affine_frozen_stats_p4_lr0.0001_v1,cifar10,rotta,A-B-C-A,3,bn_affine_frozen_stats,4,0.0001,0.0,0.0,0.6776125,0.8662,3.3083911148423795e-06
trajectory_ablation_gpu_v1_cifar10_s03_rotta_ABCA_bn_affine_frozen_stats_p4_lr0.001_v1,cifar10,rotta,A-B-C-A,3,bn_affine_frozen_stats,4,0.001,0.0,0.0,0.677575,0.8662,6.883992318762466e-05
trajectory_ablation_gpu_v1_cifar10_s03_rotta_ABCA_bn_affine_frozen_stats_p4_lr0.01_v1,cifar10,rotta,A-B-C-A,3,bn_affine_frozen_stats,4,0.01,9.999999999998899e-05,9.999999999998899e-05,0.6776,0.8661,0.0008043974521569908
trajectory_ablation_gpu_v1_cifar10_s03_rotta_ACBA_bn_affine_frozen_stats_p1_lr0.0001_v1,cifar10,rotta,A-C-B-A,3,bn_affine_frozen_stats,1,0.0001,0.0,0.0,0.6776,0.8662,2.5229992388631217e-06
trajectory_ablation_gpu_v1_cifar10_s03_rotta_ACBA_bn_affine_frozen_stats_p1_lr0.001_v1,cifar10,rotta,A-C-B-A,3,bn_affine_frozen_stats,1,0.001,0.0,0.0,0.67745,0.8662,3.124857903458178e-05
trajectory_ablation_gpu_v1_cifar10_s03_rotta_ACBA_bn_affine_frozen_stats_p1_lr0.01_v1,cifar10,rotta,A-C-B-A,3,bn_affine_frozen_stats,1,0.01,-9.999999999998899e-05,-9.999999999998899e-05,0.6777,0.8663,0.0007350640371441841
trajectory_ablation_gpu_v1_cifar10_s03_rotta_ACBA_bn_affine_frozen_stats_p2_lr0.0001_v1,cifar10,rotta,A-C-B-A,3,bn_affine_frozen_stats,2,0.0001,0.0,0.0,0.677525,0.8662,2.7970211249339627e-06
trajectory_ablation_gpu_v1_cifar10_s03_rotta_ACBA_bn_affine_frozen_stats_p2_lr0.001_v1,cifar10,rotta,A-C-B-A,3,bn_affine_frozen_stats,2,0.001,0.0,0.0,0.677475,0.8662,4.0542177885072306e-05
trajectory_ablation_gpu_v1_cifar10_s03_rotta_ACBA_bn_affine_frozen_stats_p2_lr0.01_v1,cifar10,rotta,A-C-B-A,3,bn_affine_frozen_stats,2,0.01,0.0,0.0,0.677725,0.8662,0.000937493285164237
trajectory_ablation_gpu_v1_cifar10_s03_rotta_ACBA_bn_affine_frozen_stats_p4_lr0.0001_v1,cifar10,rotta,A-C-B-A,3,bn_affine_frozen_stats,4,0.0001,0.0,0.0,0.677575,0.8662,2.9323482522158884e-06
trajectory_ablation_gpu_v1_cifar10_s03_rotta_ACBA_bn_affine_frozen_stats_p4_lr0.001_v1,cifar10,rotta,A-C-B-A,3,bn_affine_frozen_stats,4,0.001,0.0,0.0,0.6775,0.8662,4.932972296955995e-05
trajectory_ablation_gpu_v1_cifar10_s03_rotta_ACBA_bn_affine_frozen_stats_p4_lr0.01_v1,cifar10,rotta,A-C-B-A,3,bn_affine_frozen_stats,4,0.01,0.00019999999999997797,0.00019999999999997797,0.6777,0.866,0.001374915475025773
trajectory_ablation_gpu_v1_cifar10_s03_sar_ABABA_bn_affine_frozen_stats_p1_lr0.0001_v1,cifar10,sar,A-B-A-B-A,3,bn_affine_frozen_stats,1,0.0001,-0.00019999999999997797,-0.00019999999999997797,0.6885666666666667,0.8664,0.01804988831281662
trajectory_ablation_gpu_v1_cifar10_s03_sar_ABABA_bn_affine_frozen_stats_p1_lr0.001_v1,cifar10,sar,A-B-A-B-A,3,bn_affine_frozen_stats,1,0.001,0.006799999999999917,0.006799999999999917,0.6857666666666666,0.8594,0.13497883081436157
trajectory_ablation_gpu_v1_cifar10_s03_sar_ABABA_bn_affine_frozen_stats_p1_lr0.01_v1,cifar10,sar,A-B-A-B-A,3,bn_affine_frozen_stats,1,0.01,0.0031999999999999806,0.0031999999999999806,0.5786,0.863,0.04483966901898384
trajectory_ablation_gpu_v1_cifar10_s03_sar_ABABA_bn_affine_frozen_stats_p2_lr0.0001_v1,cifar10,sar,A-B-A-B-A,3,bn_affine_frozen_stats,2,0.0001,0.00029999999999996696,0.00029999999999996696,0.6883666666666667,0.8659,0.03450902923941612
trajectory_ablation_gpu_v1_cifar10_s03_sar_ABABA_bn_affine_frozen_stats_p2_lr0.001_v1,cifar10,sar,A-B-A-B-A,3,bn_affine_frozen_stats,2,0.001,0.018899999999999917,0.018899999999999917,0.6751666666666667,0.8473,0.22469869256019592
trajectory_ablation_gpu_v1_cifar10_s03_sar_ABABA_bn_affine_frozen_stats_p2_lr0.01_v1,cifar10,sar,A-B-A-B-A,3,bn_affine_frozen_stats,2,0.01,0.0041999999999999815,0.0041999999999999815,0.5869,0.862,0.0984499379992485
trajectory_ablation_gpu_v1_cifar10_s03_sar_ABABA_bn_affine_frozen_stats_p4_lr0.0001_v1,cifar10,sar,A-B-A-B-A,3,bn_affine_frozen_stats,4,0.0001,0.0021999999999999797,0.0021999999999999797,0.6876083333333334,0.864,0.06387973576784134
trajectory_ablation_gpu_v1_cifar10_s03_sar_ABABA_bn_affine_frozen_stats_p4_lr0.001_v1,cifar10,sar,A-B-A-B-A,3,bn_affine_frozen_stats,4,0.001,0.08279999999999998,0.08279999999999998,0.6401083333333333,0.7834,0.37157127261161804
trajectory_ablation_gpu_v1_cifar10_s03_sar_ABABA_bn_affine_frozen_stats_p4_lr0.01_v1,cifar10,sar,A-B-A-B-A,3,bn_affine_frozen_stats,4,0.01,0.026499999999999968,0.026499999999999968,0.5802,0.8397,0.167892187833786
trajectory_ablation_gpu_v1_cifar10_s03_sar_ABA_bn_affine_frozen_stats_p1_lr0.0001_v1,cifar10,sar,A-B-A,3,bn_affine_frozen_stats,1,0.0001,-0.0006000000000000449,-0.0006000000000000449,0.5991,0.8668,0.008357619866728783
trajectory_ablation_gpu_v1_cifar10_s03_sar_ABA_bn_affine_frozen_stats_p1_lr0.001_v1,cifar10,sar,A-B-A,3,bn_affine_frozen_stats,1,0.001,0.0026999999999999247,0.0026999999999999247,0.6037,0.8635,0.07244298607110977
trajectory_ablation_gpu_v1_cifar10_s03_sar_ABA_bn_affine_frozen_stats_p1_lr0.01_v1,cifar10,sar,A-B-A,3,bn_affine_frozen_stats,1,0.01,0.21119999999999994,0.21119999999999994,0.5174,0.655,0.4323606491088867
trajectory_ablation_gpu_v1_cifar10_s03_sar_ABA_bn_affine_frozen_stats_p2_lr0.0001_v1,cifar10,sar,A-B-A,3,bn_affine_frozen_stats,2,0.0001,0.0,0.0,0.6002,0.8662,0.016381455585360527
trajectory_ablation_gpu_v1_cifar10_s03_sar_ABA_bn_affine_frozen_stats_p2_lr0.001_v1,cifar10,sar,A-B-A,3,bn_affine_frozen_stats,2,0.001,0.007399999999999962,0.007399999999999962,0.599,0.8588,0.12801118195056915
trajectory_ablation_gpu_v1_cifar10_s03_sar_ABA_bn_affine_frozen_stats_p2_lr0.01_v1,cifar10,sar,A-B-A,3,bn_affine_frozen_stats,2,0.01,0.08999999999999997,0.08999999999999997,0.52315,0.7762,0.3952663838863373
trajectory_ablation_gpu_v1_cifar10_s03_sar_ABA_bn_affine_frozen_stats_p4_lr0.0001_v1,cifar10,sar,A-B-A,3,bn_affine_frozen_stats,4,0.0001,0.00019999999999997797,0.00019999999999997797,0.6005,0.866,0.03158840537071228
trajectory_ablation_gpu_v1_cifar10_s03_sar_ABA_bn_affine_frozen_stats_p4_lr0.001_v1,cifar10,sar,A-B-A,3,bn_affine_frozen_stats,4,0.001,0.024799999999999933,0.024799999999999933,0.5832,0.8414,0.21687184274196625
trajectory_ablation_gpu_v1_cifar10_s03_sar_ABA_bn_affine_frozen_stats_p4_lr0.01_v1,cifar10,sar,A-B-A,3,bn_affine_frozen_stats,4,0.01,0.18419999999999992,0.18419999999999992,0.47115,0.682,0.38622018694877625
trajectory_ablation_gpu_v1_cifar10_s03_sar_ABCA_bn_affine_frozen_stats_p1_lr0.0001_v1,cifar10,sar,A-B-C-A,3,bn_affine_frozen_stats,1,0.0001,-0.000500000000000056,-0.000500000000000056,0.67885,0.8667,0.01174237672239542
trajectory_ablation_gpu_v1_cifar10_s03_sar_ABCA_bn_affine_frozen_stats_p1_lr0.001_v1,cifar10,sar,A-B-C-A,3,bn_affine_frozen_stats,1,0.001,0.0025999999999999357,0.0025999999999999357,0.6808,0.8636,0.09363338351249695
trajectory_ablation_gpu_v1_cifar10_s03_sar_ABCA_bn_affine_frozen_stats_p1_lr0.01_v1,cifar10,sar,A-B-C-A,3,bn_affine_frozen_stats,1,0.01,0.009000000000000008,0.009000000000000008,0.55215,0.8572,0.19432038068771362
trajectory_ablation_gpu_v1_cifar10_s03_sar_ABCA_bn_affine_frozen_stats_p2_lr0.0001_v1,cifar10,sar,A-B-C-A,3,bn_affine_frozen_stats,2,0.0001,-9.999999999998899e-05,-9.999999999998899e-05,0.678875,0.8663,0.02273734100162983
trajectory_ablation_gpu_v1_cifar10_s03_sar_ABCA_bn_affine_frozen_stats_p2_lr0.001_v1,cifar10,sar,A-B-C-A,3,bn_affine_frozen_stats,2,0.001,0.008799999999999919,0.008799999999999919,0.67245,0.8574,0.1628989428281784
trajectory_ablation_gpu_v1_cifar10_s03_sar_ABCA_bn_affine_frozen_stats_p2_lr0.01_v1,cifar10,sar,A-B-C-A,3,bn_affine_frozen_stats,2,0.01,0.16659999999999997,0.16659999999999997,0.5638,0.6996,0.4615485668182373
trajectory_ablation_gpu_v1_cifar10_s03_sar_ABCA_bn_affine_frozen_stats_p4_lr0.0001_v1,cifar10,sar,A-B-C-A,3,bn_affine_frozen_stats,4,0.0001,0.0,0.0,0.6779625,0.8662,0.042911674827337265
trajectory_ablation_gpu_v1_cifar10_s03_sar_ABCA_bn_affine_frozen_stats_p4_lr0.001_v1,cifar10,sar,A-B-C-A,3,bn_affine_frozen_stats,4,0.001,0.026699999999999946,0.026699999999999946,0.6556,0.8395,0.2782203257083893
trajectory_ablation_gpu_v1_cifar10_s03_sar_ABCA_bn_affine_frozen_stats_p4_lr0.01_v1,cifar10,sar,A-B-C-A,3,bn_affine_frozen_stats,4,0.01,0.027599999999999958,0.027599999999999958,0.576525,0.8386,0.37963759899139404
trajectory_ablation_gpu_v1_cifar10_s03_sar_ACBA_bn_affine_frozen_stats_p1_lr0.0001_v1,cifar10,sar,A-C-B-A,3,bn_affine_frozen_stats,1,0.0001,-0.00040000000000006697,-0.00040000000000006697,0.678,0.8666,0.01178409531712532
trajectory_ablation_gpu_v1_cifar10_s03_sar_ACBA_bn_affine_frozen_stats_p1_lr0.001_v1,cifar10,sar,A-C-B-A,3,bn_affine_frozen_stats,1,0.001,0.0029000000000000137,0.0029000000000000137,0.6713,0.8633,0.09605841338634491
trajectory_ablation_gpu_v1_cifar10_s03_sar_ACBA_bn_affine_frozen_stats_p1_lr0.01_v1,cifar10,sar,A-C-B-A,3,bn_affine_frozen_stats,1,0.01,0.38079999999999997,0.38079999999999997,0.60115,0.4854,0.6086907386779785
trajectory_ablation_gpu_v1_cifar10_s03_sar_ACBA_bn_affine_frozen_stats_p2_lr0.0001_v1,cifar10,sar,A-C-B-A,3,bn_affine_frozen_stats,2,0.0001,9.999999999998899e-05,9.999999999998899e-05,0.6776,0.8661,0.022819072008132935
trajectory_ablation_gpu_v1_cifar10_s03_sar_ACBA_bn_affine_frozen_stats_p2_lr0.001_v1,cifar10,sar,A-C-B-A,3,bn_affine_frozen_stats,2,0.001,0.010199999999999987,0.010199999999999987,0.666,0.856,0.16686002910137177
trajectory_ablation_gpu_v1_cifar10_s03_sar_ACBA_bn_affine_frozen_stats_p2_lr0.01_v1,cifar10,sar,A-C-B-A,3,bn_affine_frozen_stats,2,0.01,0.10470000000000002,0.10470000000000002,0.598575,0.7615,0.509182333946228
trajectory_ablation_gpu_v1_cifar10_s03_sar_ACBA_bn_affine_frozen_stats_p4_lr0.0001_v1,cifar10,sar,A-C-B-A,3,bn_affine_frozen_stats,4,0.0001,-9.999999999998899e-05,-9.999999999998899e-05,0.676875,0.8663,0.04306596890091896
trajectory_ablation_gpu_v1_cifar10_s03_sar_ACBA_bn_affine_frozen_stats_p4_lr0.001_v1,cifar10,sar,A-C-B-A,3,bn_affine_frozen_stats,4,0.001,0.030999999999999917,0.030999999999999917,0.649625,0.8352,0.28373971581459045
trajectory_ablation_gpu_v1_cifar10_s03_sar_ACBA_bn_affine_frozen_stats_p4_lr0.01_v1,cifar10,sar,A-C-B-A,3,bn_affine_frozen_stats,4,0.01,0.05020000000000002,0.05020000000000002,0.570575,0.816,0.26781895756721497
trajectory_ablation_gpu_v1_cifar10_s03_source_ABABA_bn_affine_frozen_stats_p1_lr0.0001_v1,cifar10,source,A-B-A-B-A,3,bn_affine_frozen_stats,1,0.0001,0.0,0.0,0.6865333333333333,0.8662,0.0
trajectory_ablation_gpu_v1_cifar10_s03_source_ABABA_bn_affine_frozen_stats_p1_lr0.001_v1,cifar10,source,A-B-A-B-A,3,bn_affine_frozen_stats,1,0.001,0.0,0.0,0.6865333333333333,0.8662,0.0
trajectory_ablation_gpu_v1_cifar10_s03_source_ABABA_bn_affine_frozen_stats_p1_lr0.01_v1,cifar10,source,A-B-A-B-A,3,bn_affine_frozen_stats,1,0.01,0.0,0.0,0.6865333333333333,0.8662,0.0
trajectory_ablation_gpu_v1_cifar10_s03_source_ABABA_bn_affine_frozen_stats_p2_lr0.0001_v1,cifar10,source,A-B-A-B-A,3,bn_affine_frozen_stats,2,0.0001,0.0,0.0,0.6865333333333333,0.8662,0.0
trajectory_ablation_gpu_v1_cifar10_s03_source_ABABA_bn_affine_frozen_stats_p2_lr0.001_v1,cifar10,source,A-B-A-B-A,3,bn_affine_frozen_stats,2,0.001,0.0,0.0,0.6865333333333333,0.8662,0.0
trajectory_ablation_gpu_v1_cifar10_s03_source_ABABA_bn_affine_frozen_stats_p2_lr0.01_v1,cifar10,source,A-B-A-B-A,3,bn_affine_frozen_stats,2,0.01,0.0,0.0,0.6865333333333333,0.8662,0.0
trajectory_ablation_gpu_v1_cifar10_s03_source_ABABA_bn_affine_frozen_stats_p4_lr0.0001_v1,cifar10,source,A-B-A-B-A,3,bn_affine_frozen_stats,4,0.0001,0.0,0.0,0.6865333333333333,0.8662,0.0
trajectory_ablation_gpu_v1_cifar10_s03_source_ABABA_bn_affine_frozen_stats_p4_lr0.001_v1,cifar10,source,A-B-A-B-A,3,bn_affine_frozen_stats,4,0.001,0.0,0.0,0.6865333333333333,0.8662,0.0
trajectory_ablation_gpu_v1_cifar10_s03_source_ABABA_bn_affine_frozen_stats_p4_lr0.01_v1,cifar10,source,A-B-A-B-A,3,bn_affine_frozen_stats,4,0.01,0.0,0.0,0.6865333333333333,0.8662,0.0
trajectory_ablation_gpu_v1_cifar10_s03_source_ABA_bn_affine_frozen_stats_p1_lr0.0001_v1,cifar10,source,A-B-A,3,bn_affine_frozen_stats,1,0.0001,0.0,0.0,0.5967,0.8662,0.0
trajectory_ablation_gpu_v1_cifar10_s03_source_ABA_bn_affine_frozen_stats_p1_lr0.001_v1,cifar10,source,A-B-A,3,bn_affine_frozen_stats,1,0.001,0.0,0.0,0.5967,0.8662,0.0
trajectory_ablation_gpu_v1_cifar10_s03_source_ABA_bn_affine_frozen_stats_p1_lr0.01_v1,cifar10,source,A-B-A,3,bn_affine_frozen_stats,1,0.01,0.0,0.0,0.5967,0.8662,0.0
trajectory_ablation_gpu_v1_cifar10_s03_source_ABA_bn_affine_frozen_stats_p2_lr0.0001_v1,cifar10,source,A-B-A,3,bn_affine_frozen_stats,2,0.0001,0.0,0.0,0.5967,0.8662,0.0
trajectory_ablation_gpu_v1_cifar10_s03_source_ABA_bn_affine_frozen_stats_p2_lr0.001_v1,cifar10,source,A-B-A,3,bn_affine_frozen_stats,2,0.001,0.0,0.0,0.5967,0.8662,0.0
trajectory_ablation_gpu_v1_cifar10_s03_source_ABA_bn_affine_frozen_stats_p2_lr0.01_v1,cifar10,source,A-B-A,3,bn_affine_frozen_stats,2,0.01,0.0,0.0,0.5967,0.8662,0.0
trajectory_ablation_gpu_v1_cifar10_s03_source_ABA_bn_affine_frozen_stats_p4_lr0.0001_v1,cifar10,source,A-B-A,3,bn_affine_frozen_stats,4,0.0001,0.0,0.0,0.5967,0.8662,0.0
trajectory_ablation_gpu_v1_cifar10_s03_source_ABA_bn_affine_frozen_stats_p4_lr0.001_v1,cifar10,source,A-B-A,3,bn_affine_frozen_stats,4,0.001,0.0,0.0,0.5967,0.8662,0.0
trajectory_ablation_gpu_v1_cifar10_s03_source_ABA_bn_affine_frozen_stats_p4_lr0.01_v1,cifar10,source,A-B-A,3,bn_affine_frozen_stats,4,0.01,0.0,0.0,0.5967,0.8662,0.0
trajectory_ablation_gpu_v1_cifar10_s03_source_ABCA_bn_affine_frozen_stats_p1_lr0.0001_v1,cifar10,source,A-B-C-A,3,bn_affine_frozen_stats,1,0.0001,0.0,0.0,0.67755,0.8662,0.0
trajectory_ablation_gpu_v1_cifar10_s03_source_ABCA_bn_affine_frozen_stats_p1_lr0.001_v1,cifar10,source,A-B-C-A,3,bn_affine_frozen_stats,1,0.001,0.0,0.0,0.67755,0.8662,0.0
trajectory_ablation_gpu_v1_cifar10_s03_source_ABCA_bn_affine_frozen_stats_p1_lr0.01_v1,cifar10,source,A-B-C-A,3,bn_affine_frozen_stats,1,0.01,0.0,0.0,0.67755,0.8662,0.0
trajectory_ablation_gpu_v1_cifar10_s03_source_ABCA_bn_affine_frozen_stats_p2_lr0.0001_v1,cifar10,source,A-B-C-A,3,bn_affine_frozen_stats,2,0.0001,0.0,0.0,0.67755,0.8662,0.0
trajectory_ablation_gpu_v1_cifar10_s03_source_ABCA_bn_affine_frozen_stats_p2_lr0.001_v1,cifar10,source,A-B-C-A,3,bn_affine_frozen_stats,2,0.001,0.0,0.0,0.67755,0.8662,0.0
trajectory_ablation_gpu_v1_cifar10_s03_source_ABCA_bn_affine_frozen_stats_p2_lr0.01_v1,cifar10,source,A-B-C-A,3,bn_affine_frozen_stats,2,0.01,0.0,0.0,0.67755,0.8662,0.0
trajectory_ablation_gpu_v1_cifar10_s03_source_ABCA_bn_affine_frozen_stats_p4_lr0.0001_v1,cifar10,source,A-B-C-A,3,bn_affine_frozen_stats,4,0.0001,0.0,0.0,0.67755,0.8662,0.0
trajectory_ablation_gpu_v1_cifar10_s03_source_ABCA_bn_affine_frozen_stats_p4_lr0.001_v1,cifar10,source,A-B-C-A,3,bn_affine_frozen_stats,4,0.001,0.0,0.0,0.67755,0.8662,0.0
trajectory_ablation_gpu_v1_cifar10_s03_source_ABCA_bn_affine_frozen_stats_p4_lr0.01_v1,cifar10,source,A-B-C-A,3,bn_affine_frozen_stats,4,0.01,0.0,0.0,0.67755,0.8662,0.0
trajectory_ablation_gpu_v1_cifar10_s03_source_ACBA_bn_affine_frozen_stats_p1_lr0.0001_v1,cifar10,source,A-C-B-A,3,bn_affine_frozen_stats,1,0.0001,0.0,0.0,0.67755,0.8662,0.0
trajectory_ablation_gpu_v1_cifar10_s03_source_ACBA_bn_affine_frozen_stats_p1_lr0.001_v1,cifar10,source,A-C-B-A,3,bn_affine_frozen_stats,1,0.001,0.0,0.0,0.67755,0.8662,0.0
trajectory_ablation_gpu_v1_cifar10_s03_source_ACBA_bn_affine_frozen_stats_p1_lr0.01_v1,cifar10,source,A-C-B-A,3,bn_affine_frozen_stats,1,0.01,0.0,0.0,0.67755,0.8662,0.0
trajectory_ablation_gpu_v1_cifar10_s03_source_ACBA_bn_affine_frozen_stats_p2_lr0.0001_v1,cifar10,source,A-C-B-A,3,bn_affine_frozen_stats,2,0.0001,0.0,0.0,0.67755,0.8662,0.0
trajectory_ablation_gpu_v1_cifar10_s03_source_ACBA_bn_affine_frozen_stats_p2_lr0.001_v1,cifar10,source,A-C-B-A,3,bn_affine_frozen_stats,2,0.001,0.0,0.0,0.67755,0.8662,0.0
trajectory_ablation_gpu_v1_cifar10_s03_source_ACBA_bn_affine_frozen_stats_p2_lr0.01_v1,cifar10,source,A-C-B-A,3,bn_affine_frozen_stats,2,0.01,0.0,0.0,0.67755,0.8662,0.0
trajectory_ablation_gpu_v1_cifar10_s03_source_ACBA_bn_affine_frozen_stats_p4_lr0.0001_v1,cifar10,source,A-C-B-A,3,bn_affine_frozen_stats,4,0.0001,0.0,0.0,0.67755,0.8662,0.0
trajectory_ablation_gpu_v1_cifar10_s03_source_ACBA_bn_affine_frozen_stats_p4_lr0.001_v1,cifar10,source,A-C-B-A,3,bn_affine_frozen_stats,4,0.001,0.0,0.0,0.67755,0.8662,0.0
trajectory_ablation_gpu_v1_cifar10_s03_source_ACBA_bn_affine_frozen_stats_p4_lr0.01_v1,cifar10,source,A-C-B-A,3,bn_affine_frozen_stats,4,0.01,0.0,0.0,0.67755,0.8662,0.0
trajectory_ablation_gpu_v1_cifar10_s03_tent_ABABA_bn_affine_frozen_stats_p1_lr0.0001_v1,cifar10,tent,A-B-A-B-A,3,bn_affine_frozen_stats,1,0.0001,-0.00040000000000006697,-0.00040000000000006697,0.6881,0.8666,0.01834631711244583
trajectory_ablation_gpu_v1_cifar10_s03_tent_ABABA_bn_affine_frozen_stats_p1_lr0.001_v1,cifar10,tent,A-B-A-B-A,3,bn_affine_frozen_stats,1,0.001,0.041999999999999926,0.041999999999999926,0.6474666666666666,0.8242,0.1770888864994049
trajectory_ablation_gpu_v1_cifar10_s03_tent_ABABA_bn_affine_frozen_stats_p1_lr0.01_v1,cifar10,tent,A-B-A-B-A,3,bn_affine_frozen_stats,1,0.01,0.7641,0.7641,0.15676666666666667,0.1021,0.710071325302124
trajectory_ablation_gpu_v1_cifar10_s03_tent_ABABA_bn_affine_frozen_stats_p2_lr0.0001_v1,cifar10,tent,A-B-A-B-A,3,bn_affine_frozen_stats,2,0.0001,0.0010000000000000009,0.0010000000000000009,0.6867333333333333,0.8652,0.035832200199365616
trajectory_ablation_gpu_v1_cifar10_s03_tent_ABABA_bn_affine_frozen_stats_p2_lr0.001_v1,cifar10,tent,A-B-A-B-A,3,bn_affine_frozen_stats,2,0.001,0.3232999999999999,0.3232999999999999,0.49855,0.5429,0.3636850118637085
trajectory_ablation_gpu_v1_cifar10_s03_tent_ABABA_bn_affine_frozen_stats_p2_lr0.01_v1,cifar10,tent,A-B-A-B-A,3,bn_affine_frozen_stats,2,0.01,0.766,0.766,0.12853333333333333,0.1002,0.748917281627655
trajectory_ablation_gpu_v1_cifar10_s03_tent_ABABA_bn_affine_frozen_stats_p4_lr0.0001_v1,cifar10,tent,A-B-A-B-A,3,bn_affine_frozen_stats,4,0.0001,0.0042999999999999705,0.0042999999999999705,0.6818,0.8619,0.06941765546798706
trajectory_ablation_gpu_v1_cifar10_s03_tent_ABABA_bn_affine_frozen_stats_p4_lr0.001_v1,cifar10,tent,A-B-A-B-A,3,bn_affine_frozen_stats,4,0.001,0.6401,0.6401,0.343825,0.2261,0.517737627029419
trajectory_ablation_gpu_v1_cifar10_s03_tent_ABABA_bn_affine_frozen_stats_p4_lr0.01_v1,cifar10,tent,A-B-A-B-A,3,bn_affine_frozen_stats,4,0.01,0.7661,0.7661,0.11429166666666667,0.1001,0.7830366492271423
trajectory_ablation_gpu_v1_cifar10_s03_tent_ABA_bn_affine_frozen_stats_p1_lr0.0001_v1,cifar10,tent,A-B-A,3,bn_affine_frozen_stats,1,0.0001,-0.0006000000000000449,-0.0006000000000000449,0.5988,0.8668,0.008518616668879986
trajectory_ablation_gpu_v1_cifar10_s03_tent_ABA_bn_affine_frozen_stats_p1_lr0.001_v1,cifar10,tent,A-B-A,3,bn_affine_frozen_stats,1,0.001,0.007799999999999918,0.007799999999999918,0.5891,0.8584,0.08228573203086853
trajectory_ablation_gpu_v1_cifar10_s03_tent_ABA_bn_affine_frozen_stats_p1_lr0.01_v1,cifar10,tent,A-B-A,3,bn_affine_frozen_stats,1,0.01,0.5244,0.5244,0.2395,0.3418,0.4523548483848572
trajectory_ablation_gpu_v1_cifar10_s03_tent_ABA_bn_affine_frozen_stats_p2_lr0.0001_v1,cifar10,tent,A-B-A,3,bn_affine_frozen_stats,2,0.0001,0.00019999999999997797,0.00019999999999997797,0.59935,0.866,0.016889605671167374
trajectory_ablation_gpu_v1_cifar10_s03_tent_ABA_bn_affine_frozen_stats_p2_lr0.001_v1,cifar10,tent,A-B-A,3,bn_affine_frozen_stats,2,0.001,0.05449999999999999,0.05449999999999999,0.53155,0.8117,0.18364965915679932
trajectory_ablation_gpu_v1_cifar10_s03_tent_ABA_bn_affine_frozen_stats_p2_lr0.01_v1,cifar10,tent,A-B-A,3,bn_affine_frozen_stats,2,0.01,0.6145,0.6145,0.17015,0.2517,0.5030279755592346
trajectory_ablation_gpu_v1_cifar10_s03_tent_ABA_bn_affine_frozen_stats_p4_lr0.0001_v1,cifar10,tent,A-B-A,3,bn_affine_frozen_stats,4,0.0001,0.0008000000000000229,0.0008000000000000229,0.597975,0.8654,0.03328811749815941
trajectory_ablation_gpu_v1_cifar10_s03_tent_ABA_bn_affine_frozen_stats_p4_lr0.001_v1,cifar10,tent,A-B-A,3,bn_affine_frozen_stats,4,0.001,0.32289999999999996,0.32289999999999996,0.35835,0.5433,0.35262763500213623
trajectory_ablation_gpu_v1_cifar10_s03_tent_ABA_bn_affine_frozen_stats_p4_lr0.01_v1,cifar10,tent,A-B-A,3,bn_affine_frozen_stats,4,0.01,0.6643,0.6643,0.13515,0.2019,0.5383301377296448
trajectory_ablation_gpu_v1_cifar10_s03_tent_ABCA_bn_affine_frozen_stats_p1_lr0.0001_v1,cifar10,tent,A-B-C-A,3,bn_affine_frozen_stats,1,0.0001,-0.00040000000000006697,-0.00040000000000006697,0.6788,0.8666,0.011600937694311142
trajectory_ablation_gpu_v1_cifar10_s03_tent_ABCA_bn_affine_frozen_stats_p1_lr0.001_v1,cifar10,tent,A-B-C-A,3,bn_affine_frozen_stats,1,0.001,0.006399999999999961,0.006399999999999961,0.6719,0.8598,0.09902529418468475
trajectory_ablation_gpu_v1_cifar10_s03_tent_ABCA_bn_affine_frozen_stats_p1_lr0.01_v1,cifar10,tent,A-B-C-A,3,bn_affine_frozen_stats,1,0.01,0.7611,0.7611,0.1774,0.1051,0.6732251644134521
trajectory_ablation_gpu_v1_cifar10_s03_tent_ABCA_bn_affine_frozen_stats_p2_lr0.0001_v1,cifar10,tent,A-B-C-A,3,bn_affine_frozen_stats,2,0.0001,-0.0008000000000000229,-0.0008000000000000229,0.677975,0.867,0.022749507799744606
trajectory_ablation_gpu_v1_cifar10_s03_tent_ABCA_bn_affine_frozen_stats_p2_lr0.001_v1,cifar10,tent,A-B-C-A,3,bn_affine_frozen_stats,2,0.001,0.07829999999999993,0.07829999999999993,0.618025,0.7879,0.22819963097572327
trajectory_ablation_gpu_v1_cifar10_s03_tent_ABCA_bn_affine_frozen_stats_p2_lr0.01_v1,cifar10,tent,A-B-C-A,3,bn_affine_frozen_stats,2,0.01,0.7639,0.7639,0.138875,0.1023,0.7045885920524597
trajectory_ablation_gpu_v1_cifar10_s03_tent_ABCA_bn_affine_frozen_stats_p4_lr0.0001_v1,cifar10,tent,A-B-C-A,3,bn_affine_frozen_stats,4,0.0001,0.00039999999999995595,0.00039999999999995595,0.675425,0.8658,0.04401677846908569
trajectory_ablation_gpu_v1_cifar10_s03_tent_ABCA_bn_affine_frozen_stats_p4_lr0.001_v1,cifar10,tent,A-B-C-A,3,bn_affine_frozen_stats,4,0.001,0.6073999999999999,0.6073999999999999,0.4253375,0.2588,0.49145904183387756
trajectory_ablation_gpu_v1_cifar10_s03_tent_ABCA_bn_affine_frozen_stats_p4_lr0.01_v1,cifar10,tent,A-B-C-A,3,bn_affine_frozen_stats,4,0.01,0.7654,0.7654,0.119525,0.1008,0.7314901947975159
trajectory_ablation_gpu_v1_cifar10_s03_tent_ACBA_bn_affine_frozen_stats_p1_lr0.0001_v1,cifar10,tent,A-C-B-A,3,bn_affine_frozen_stats,1,0.0001,-0.00040000000000006697,-0.00040000000000006697,0.67695,0.8666,0.011731314472854137
trajectory_ablation_gpu_v1_cifar10_s03_tent_ACBA_bn_affine_frozen_stats_p1_lr0.001_v1,cifar10,tent,A-C-B-A,3,bn_affine_frozen_stats,1,0.001,0.010699999999999932,0.010699999999999932,0.65635,0.8555,0.1125444546341896
trajectory_ablation_gpu_v1_cifar10_s03_tent_ACBA_bn_affine_frozen_stats_p1_lr0.01_v1,cifar10,tent,A-C-B-A,3,bn_affine_frozen_stats,1,0.01,0.7147,0.7147,0.4915,0.1515,0.6338688135147095
trajectory_ablation_gpu_v1_cifar10_s03_tent_ACBA_bn_affine_frozen_stats_p2_lr0.0001_v1,cifar10,tent,A-C-B-A,3,bn_affine_frozen_stats,2,0.0001,-0.0006000000000000449,-0.0006000000000000449,0.676175,0.8668,0.02303609810769558
trajectory_ablation_gpu_v1_cifar10_s03_tent_ACBA_bn_affine_frozen_stats_p2_lr0.001_v1,cifar10,tent,A-C-B-A,3,bn_affine_frozen_stats,2,0.001,0.09729999999999994,0.09729999999999994,0.612275,0.7689,0.24212484061717987
trajectory_ablation_gpu_v1_cifar10_s03_tent_ACBA_bn_affine_frozen_stats_p2_lr0.01_v1,cifar10,tent,A-C-B-A,3,bn_affine_frozen_stats,2,0.01,0.7622,0.7622,0.296775,0.104,0.7262879610061646
trajectory_ablation_gpu_v1_cifar10_s03_tent_ACBA_bn_affine_frozen_stats_p4_lr0.0001_v1,cifar10,tent,A-C-B-A,3,bn_affine_frozen_stats,4,0.0001,0.0004999999999999449,0.0004999999999999449,0.6738875,0.8657,0.04460906609892845
trajectory_ablation_gpu_v1_cifar10_s03_tent_ACBA_bn_affine_frozen_stats_p4_lr0.001_v1,cifar10,tent,A-C-B-A,3,bn_affine_frozen_stats,4,0.001,0.49749999999999994,0.49749999999999994,0.4575125,0.3687,0.4422719180583954
trajectory_ablation_gpu_v1_cifar10_s03_tent_ACBA_bn_affine_frozen_stats_p4_lr0.01_v1,cifar10,tent,A-C-B-A,3,bn_affine_frozen_stats,4,0.01,0.7654,0.7654,0.198525,0.1008,0.7567178010940552
trajectory_ablation_gpu_v1_cifar10_s04_cotta_ABABA_bn_affine_frozen_stats_p1_lr0.0001_v1,cifar10,cotta,A-B-A-B-A,4,bn_affine_frozen_stats,1,0.0001,0.00019999999999997797,0.00019999999999997797,0.6946666666666667,0.8569,0.04239928349852562
trajectory_ablation_gpu_v1_cifar10_s04_cotta_ABABA_bn_affine_frozen_stats_p1_lr0.001_v1,cifar10,cotta,A-B-A-B-A,4,bn_affine_frozen_stats,1,0.001,0.0030999999999999917,0.0030999999999999917,0.6926666666666667,0.854,0.2774369418621063
trajectory_ablation_gpu_v1_cifar10_s04_cotta_ABABA_bn_affine_frozen_stats_p1_lr0.01_v1,cifar10,cotta,A-B-A-B-A,4,bn_affine_frozen_stats,1,0.01,0.028299999999999992,0.028299999999999992,0.6964,0.8288,0.9759432673454285
trajectory_ablation_gpu_v1_cifar10_s04_cotta_ABABA_bn_affine_frozen_stats_p2_lr0.0001_v1,cifar10,cotta,A-B-A-B-A,4,bn_affine_frozen_stats,2,0.0001,0.0010000000000000009,0.0010000000000000009,0.6935,0.8561,0.044998813420534134
trajectory_ablation_gpu_v1_cifar10_s04_cotta_ABABA_bn_affine_frozen_stats_p2_lr0.001_v1,cifar10,cotta,A-B-A-B-A,4,bn_affine_frozen_stats,2,0.001,0.0036999999999999256,0.0036999999999999256,0.68945,0.8534,0.2850237190723419
trajectory_ablation_gpu_v1_cifar10_s04_cotta_ABABA_bn_affine_frozen_stats_p2_lr0.01_v1,cifar10,cotta,A-B-A-B-A,4,bn_affine_frozen_stats,2,0.01,0.02739999999999998,0.02739999999999998,0.6972,0.8297,1.101207971572876
trajectory_ablation_gpu_v1_cifar10_s04_cotta_ABABA_bn_affine_frozen_stats_p4_lr0.0001_v1,cifar10,cotta,A-B-A-B-A,4,bn_affine_frozen_stats,4,0.0001,0.0009000000000000119,0.0009000000000000119,0.69205,0.8562,0.04554753378033638
trajectory_ablation_gpu_v1_cifar10_s04_cotta_ABABA_bn_affine_frozen_stats_p4_lr0.001_v1,cifar10,cotta,A-B-A-B-A,4,bn_affine_frozen_stats,4,0.001,0.00869999999999993,0.00869999999999993,0.684575,0.8484,0.2929624617099762
trajectory_ablation_gpu_v1_cifar10_s04_cotta_ABABA_bn_affine_frozen_stats_p4_lr0.01_v1,cifar10,cotta,A-B-A-B-A,4,bn_affine_frozen_stats,4,0.01,0.03369999999999995,0.03369999999999995,0.6901666666666667,0.8234,1.2442137002944946
trajectory_ablation_gpu_v1_cifar10_s04_cotta_ABA_bn_affine_frozen_stats_p1_lr0.0001_v1,cifar10,cotta,A-B-A,4,bn_affine_frozen_stats,1,0.0001,-0.000300000000000078,-0.000300000000000078,0.6145,0.8574,0.034028057008981705
trajectory_ablation_gpu_v1_cifar10_s04_cotta_ABA_bn_affine_frozen_stats_p1_lr0.001_v1,cifar10,cotta,A-B-A,4,bn_affine_frozen_stats,1,0.001,0.0013999999999999568,0.0013999999999999568,0.6127,0.8557,0.22468841075897217
trajectory_ablation_gpu_v1_cifar10_s04_cotta_ABA_bn_affine_frozen_stats_p1_lr0.01_v1,cifar10,cotta,A-B-A,4,bn_affine_frozen_stats,1,0.01,0.013900000000000023,0.013900000000000023,0.6089,0.8432,0.7167467474937439
trajectory_ablation_gpu_v1_cifar10_s04_cotta_ABA_bn_affine_frozen_stats_p2_lr0.0001_v1,cifar10,cotta,A-B-A,4,bn_affine_frozen_stats,2,0.0001,0.00019999999999997797,0.00019999999999997797,0.6135,0.8569,0.03725918009877205
trajectory_ablation_gpu_v1_cifar10_s04_cotta_ABA_bn_affine_frozen_stats_p2_lr0.001_v1,cifar10,cotta,A-B-A,4,bn_affine_frozen_stats,2,0.001,0.0018000000000000238,0.0018000000000000238,0.61,0.8553,0.25088363885879517
trajectory_ablation_gpu_v1_cifar10_s04_cotta_ABA_bn_affine_frozen_stats_p2_lr0.01_v1,cifar10,cotta,A-B-A,4,bn_affine_frozen_stats,2,0.01,0.017799999999999927,0.017799999999999927,0.6183,0.8393,0.9061833620071411
trajectory_ablation_gpu_v1_cifar10_s04_cotta_ABA_bn_affine_frozen_stats_p4_lr0.0001_v1,cifar10,cotta,A-B-A,4,bn_affine_frozen_stats,4,0.0001,0.0008000000000000229,0.0008000000000000229,0.611525,0.8563,0.039015233516693115
trajectory_ablation_gpu_v1_cifar10_s04_cotta_ABA_bn_affine_frozen_stats_p4_lr0.001_v1,cifar10,cotta,A-B-A,4,bn_affine_frozen_stats,4,0.001,0.0036999999999999256,0.0036999999999999256,0.605175,0.8534,0.25314265489578247
trajectory_ablation_gpu_v1_cifar10_s04_cotta_ABA_bn_affine_frozen_stats_p4_lr0.01_v1,cifar10,cotta,A-B-A,4,bn_affine_frozen_stats,4,0.01,0.02089999999999992,0.02089999999999992,0.62065,0.8362,1.0043362379074097
trajectory_ablation_gpu_v1_cifar10_s04_cotta_ABCA_bn_affine_frozen_stats_p1_lr0.0001_v1,cifar10,cotta,A-B-C-A,4,bn_affine_frozen_stats,1,0.0001,0.00019999999999997797,0.00019999999999997797,0.6721,0.8569,0.03233946114778519
trajectory_ablation_gpu_v1_cifar10_s04_cotta_ABCA_bn_affine_frozen_stats_p1_lr0.001_v1,cifar10,cotta,A-B-C-A,4,bn_affine_frozen_stats,1,0.001,0.0006999999999999229,0.0006999999999999229,0.67155,0.8564,0.23859243094921112
trajectory_ablation_gpu_v1_cifar10_s04_cotta_ABCA_bn_affine_frozen_stats_p1_lr0.01_v1,cifar10,cotta,A-B-C-A,4,bn_affine_frozen_stats,1,0.01,0.01090000000000002,0.01090000000000002,0.6642,0.8462,0.9624619483947754
trajectory_ablation_gpu_v1_cifar10_s04_cotta_ABCA_bn_affine_frozen_stats_p2_lr0.0001_v1,cifar10,cotta,A-B-C-A,4,bn_affine_frozen_stats,2,0.0001,-0.0007000000000000339,-0.0007000000000000339,0.671025,0.8578,0.03420128673315048
trajectory_ablation_gpu_v1_cifar10_s04_cotta_ABCA_bn_affine_frozen_stats_p2_lr0.001_v1,cifar10,cotta,A-B-C-A,4,bn_affine_frozen_stats,2,0.001,0.0019000000000000128,0.0019000000000000128,0.6693,0.8552,0.24066607654094696
trajectory_ablation_gpu_v1_cifar10_s04_cotta_ABCA_bn_affine_frozen_stats_p2_lr0.01_v1,cifar10,cotta,A-B-C-A,4,bn_affine_frozen_stats,2,0.01,0.012299999999999978,0.012299999999999978,0.667375,0.8448,1.0600818395614624
trajectory_ablation_gpu_v1_cifar10_s04_cotta_ABCA_bn_affine_frozen_stats_p4_lr0.0001_v1,cifar10,cotta,A-B-C-A,4,bn_affine_frozen_stats,4,0.0001,-0.0010000000000000009,-0.0010000000000000009,0.669625,0.8581,0.03819584101438522
trajectory_ablation_gpu_v1_cifar10_s04_cotta_ABCA_bn_affine_frozen_stats_p4_lr0.001_v1,cifar10,cotta,A-B-C-A,4,bn_affine_frozen_stats,4,0.001,0.0041999999999999815,0.0041999999999999815,0.66525,0.8529,0.2687479555606842
trajectory_ablation_gpu_v1_cifar10_s04_cotta_ABCA_bn_affine_frozen_stats_p4_lr0.01_v1,cifar10,cotta,A-B-C-A,4,bn_affine_frozen_stats,4,0.01,0.02410000000000001,0.02410000000000001,0.6598,0.833,1.2743719816207886
trajectory_ablation_gpu_v1_cifar10_s04_cotta_ACBA_bn_affine_frozen_stats_p1_lr0.0001_v1,cifar10,cotta,A-C-B-A,4,bn_affine_frozen_stats,1,0.0001,9.999999999998899e-05,9.999999999998899e-05,0.6698,0.857,0.03712792694568634
trajectory_ablation_gpu_v1_cifar10_s04_cotta_ACBA_bn_affine_frozen_stats_p1_lr0.001_v1,cifar10,cotta,A-C-B-A,4,bn_affine_frozen_stats,1,0.001,0.0011999999999999789,0.0011999999999999789,0.6675,0.8559,0.2433231770992279
trajectory_ablation_gpu_v1_cifar10_s04_cotta_ACBA_bn_affine_frozen_stats_p1_lr0.01_v1,cifar10,cotta,A-C-B-A,4,bn_affine_frozen_stats,1,0.01,0.019299999999999984,0.019299999999999984,0.67115,0.8378,0.9120809435844421
trajectory_ablation_gpu_v1_cifar10_s04_cotta_ACBA_bn_affine_frozen_stats_p2_lr0.0001_v1,cifar10,cotta,A-C-B-A,4,bn_affine_frozen_stats,2,0.0001,9.999999999998899e-05,9.999999999998899e-05,0.669525,0.857,0.03857846558094025
trajectory_ablation_gpu_v1_cifar10_s04_cotta_ACBA_bn_affine_frozen_stats_p2_lr0.001_v1,cifar10,cotta,A-C-B-A,4,bn_affine_frozen_stats,2,0.001,0.0029000000000000137,0.0029000000000000137,0.6654,0.8542,0.24753721058368683
trajectory_ablation_gpu_v1_cifar10_s04_cotta_ACBA_bn_affine_frozen_stats_p2_lr0.01_v1,cifar10,cotta,A-C-B-A,4,bn_affine_frozen_stats,2,0.01,0.024799999999999933,0.024799999999999933,0.6719,0.8323,1.0248925685882568
trajectory_ablation_gpu_v1_cifar10_s04_cotta_ACBA_bn_affine_frozen_stats_p4_lr0.0001_v1,cifar10,cotta,A-C-B-A,4,bn_affine_frozen_stats,4,0.0001,0.0004999999999999449,0.0004999999999999449,0.668425,0.8566,0.042646221816539764
trajectory_ablation_gpu_v1_cifar10_s04_cotta_ACBA_bn_affine_frozen_stats_p4_lr0.001_v1,cifar10,cotta,A-C-B-A,4,bn_affine_frozen_stats,4,0.001,0.006199999999999983,0.006199999999999983,0.6609,0.8509,0.2786877751350403
trajectory_ablation_gpu_v1_cifar10_s04_cotta_ACBA_bn_affine_frozen_stats_p4_lr0.01_v1,cifar10,cotta,A-C-B-A,4,bn_affine_frozen_stats,4,0.01,0.041100000000000025,0.041100000000000025,0.6639,0.816,1.2154357433319092
trajectory_ablation_gpu_v1_cifar10_s04_eata_ABABA_bn_affine_frozen_stats_p1_lr0.0001_v1,cifar10,eata,A-B-A-B-A,4,bn_affine_frozen_stats,1,0.0001,0.7177,0.7177,0.3588,0.1394,0.8352996110916138
trajectory_ablation_gpu_v1_cifar10_s04_eata_ABABA_bn_affine_frozen_stats_p1_lr0.001_v1,cifar10,eata,A-B-A-B-A,4,bn_affine_frozen_stats,1,0.001,0.7571,0.7571,0.11073333333333334,0.1,1.5776962041854858
trajectory_ablation_gpu_v1_cifar10_s04_eata_ABABA_bn_affine_frozen_stats_p1_lr0.01_v1,cifar10,eata,A-B-A-B-A,4,bn_affine_frozen_stats,1,0.01,0.7571,0.7571,0.10233333333333333,0.1,5.657111167907715
trajectory_ablation_gpu_v1_cifar10_s04_eata_ABABA_bn_affine_frozen_stats_p2_lr0.0001_v1,cifar10,eata,A-B-A-B-A,4,bn_affine_frozen_stats,2,0.0001,0.7571,0.7571,0.23035,0.1,1.0916959047317505
trajectory_ablation_gpu_v1_cifar10_s04_eata_ABABA_bn_affine_frozen_stats_p2_lr0.001_v1,cifar10,eata,A-B-A-B-A,4,bn_affine_frozen_stats,2,0.001,0.7571,0.7571,0.10536666666666666,0.1,1.418774962425232
trajectory_ablation_gpu_v1_cifar10_s04_eata_ABABA_bn_affine_frozen_stats_p2_lr0.01_v1,cifar10,eata,A-B-A-B-A,4,bn_affine_frozen_stats,2,0.01,0.7571,0.7571,0.10116666666666667,0.1,3.52724027633667
trajectory_ablation_gpu_v1_cifar10_s04_eata_ABABA_bn_affine_frozen_stats_p4_lr0.0001_v1,cifar10,eata,A-B-A-B-A,4,bn_affine_frozen_stats,4,0.0001,0.7571,0.7571,0.165175,0.1,1.1098886728286743
trajectory_ablation_gpu_v1_cifar10_s04_eata_ABABA_bn_affine_frozen_stats_p4_lr0.001_v1,cifar10,eata,A-B-A-B-A,4,bn_affine_frozen_stats,4,0.001,0.7571,0.7571,0.10268333333333333,0.1,1.9646902084350586
trajectory_ablation_gpu_v1_cifar10_s04_eata_ABABA_bn_affine_frozen_stats_p4_lr0.01_v1,cifar10,eata,A-B-A-B-A,4,bn_affine_frozen_stats,4,0.01,0.7571,0.7571,0.10058333333333333,0.1,7.956790447235107
trajectory_ablation_gpu_v1_cifar10_s04_eata_ABA_bn_affine_frozen_stats_p1_lr0.0001_v1,cifar10,eata,A-B-A,4,bn_affine_frozen_stats,1,0.0001,0.22299999999999998,0.22299999999999998,0.4607,0.6341,0.44481807947158813
trajectory_ablation_gpu_v1_cifar10_s04_eata_ABA_bn_affine_frozen_stats_p1_lr0.001_v1,cifar10,eata,A-B-A,4,bn_affine_frozen_stats,1,0.001,0.7571,0.7571,0.1322,0.1,1.2265886068344116
trajectory_ablation_gpu_v1_cifar10_s04_eata_ABA_bn_affine_frozen_stats_p1_lr0.01_v1,cifar10,eata,A-B-A,4,bn_affine_frozen_stats,1,0.01,0.7571,0.7571,0.107,0.1,3.125417709350586
trajectory_ablation_gpu_v1_cifar10_s04_eata_ABA_bn_affine_frozen_stats_p2_lr0.0001_v1,cifar10,eata,A-B-A,4,bn_affine_frozen_stats,2,0.0001,0.6645,0.6645,0.2893,0.1926,0.7194401025772095
trajectory_ablation_gpu_v1_cifar10_s04_eata_ABA_bn_affine_frozen_stats_p2_lr0.001_v1,cifar10,eata,A-B-A,4,bn_affine_frozen_stats,2,0.001,0.7565,0.7565,0.1161,0.1006,1.1513258218765259
trajectory_ablation_gpu_v1_cifar10_s04_eata_ABA_bn_affine_frozen_stats_p2_lr0.01_v1,cifar10,eata,A-B-A,4,bn_affine_frozen_stats,2,0.01,0.7571,0.7571,0.1035,0.1,8.991260528564453
trajectory_ablation_gpu_v1_cifar10_s04_eata_ABA_bn_affine_frozen_stats_p4_lr0.0001_v1,cifar10,eata,A-B-A,4,bn_affine_frozen_stats,4,0.0001,0.7252,0.7252,0.19465,0.1319,0.8016244769096375
trajectory_ablation_gpu_v1_cifar10_s04_eata_ABA_bn_affine_frozen_stats_p4_lr0.001_v1,cifar10,eata,A-B-A,4,bn_affine_frozen_stats,4,0.001,0.7178,0.7178,0.10805,0.1393,1.0106133222579956
trajectory_ablation_gpu_v1_cifar10_s04_eata_ABA_bn_affine_frozen_stats_p4_lr0.01_v1,cifar10,eata,A-B-A,4,bn_affine_frozen_stats,4,0.01,0.7571,0.7571,0.10175,0.1,5.919548034667969
trajectory_ablation_gpu_v1_cifar10_s04_eata_ABCA_bn_affine_frozen_stats_p1_lr0.0001_v1,cifar10,eata,A-B-C-A,4,bn_affine_frozen_stats,1,0.0001,0.7229,0.7229,0.3405,0.1342,0.784794807434082
trajectory_ablation_gpu_v1_cifar10_s04_eata_ABCA_bn_affine_frozen_stats_p1_lr0.001_v1,cifar10,eata,A-B-C-A,4,bn_affine_frozen_stats,1,0.001,0.7571,0.7571,0.1161,0.1,1.7398638725280762
trajectory_ablation_gpu_v1_cifar10_s04_eata_ABCA_bn_affine_frozen_stats_p1_lr0.01_v1,cifar10,eata,A-B-C-A,4,bn_affine_frozen_stats,1,0.01,0.7571,0.7571,0.1035,0.1,8.236572265625
trajectory_ablation_gpu_v1_cifar10_s04_eata_ABCA_bn_affine_frozen_stats_p2_lr0.0001_v1,cifar10,eata,A-B-C-A,4,bn_affine_frozen_stats,2,0.0001,0.7564,0.7564,0.220675,0.1007,0.9912632703781128
trajectory_ablation_gpu_v1_cifar10_s04_eata_ABCA_bn_affine_frozen_stats_p2_lr0.001_v1,cifar10,eata,A-B-C-A,4,bn_affine_frozen_stats,2,0.001,0.7571,0.7571,0.10805,0.1,1.6299597024917603
trajectory_ablation_gpu_v1_cifar10_s04_eata_ABCA_bn_affine_frozen_stats_p2_lr0.01_v1,cifar10,eata,A-B-C-A,4,bn_affine_frozen_stats,2,0.01,0.7571,0.7571,0.10175,0.1,5.57905912399292
trajectory_ablation_gpu_v1_cifar10_s04_eata_ABCA_bn_affine_frozen_stats_p4_lr0.0001_v1,cifar10,eata,A-B-C-A,4,bn_affine_frozen_stats,4,0.0001,0.7571,0.7571,0.1603375,0.1,1.0893583297729492
trajectory_ablation_gpu_v1_cifar10_s04_eata_ABCA_bn_affine_frozen_stats_p4_lr0.001_v1,cifar10,eata,A-B-C-A,4,bn_affine_frozen_stats,4,0.001,0.7571,0.7571,0.104025,0.1,1.6434625387191772
trajectory_ablation_gpu_v1_cifar10_s04_eata_ABCA_bn_affine_frozen_stats_p4_lr0.01_v1,cifar10,eata,A-B-C-A,4,bn_affine_frozen_stats,4,0.01,0.7571,0.7571,0.100875,0.1,3.3680317401885986
trajectory_ablation_gpu_v1_cifar10_s04_eata_ACBA_bn_affine_frozen_stats_p1_lr0.0001_v1,cifar10,eata,A-C-B-A,4,bn_affine_frozen_stats,1,0.0001,0.20919999999999994,0.20919999999999994,0.59465,0.6479,0.6148682832717896
trajectory_ablation_gpu_v1_cifar10_s04_eata_ACBA_bn_affine_frozen_stats_p1_lr0.001_v1,cifar10,eata,A-C-B-A,4,bn_affine_frozen_stats,1,0.001,0.7566999999999999,0.7566999999999999,0.19335,0.1004,1.5357801914215088
trajectory_ablation_gpu_v1_cifar10_s04_eata_ACBA_bn_affine_frozen_stats_p1_lr0.01_v1,cifar10,eata,A-C-B-A,4,bn_affine_frozen_stats,1,0.01,0.7571,0.7571,0.1057,0.1,2.645352363586426
trajectory_ablation_gpu_v1_cifar10_s04_eata_ACBA_bn_affine_frozen_stats_p2_lr0.0001_v1,cifar10,eata,A-C-B-A,4,bn_affine_frozen_stats,2,0.0001,0.7424999999999999,0.7424999999999999,0.381375,0.1146,0.9363526105880737
trajectory_ablation_gpu_v1_cifar10_s04_eata_ACBA_bn_affine_frozen_stats_p2_lr0.001_v1,cifar10,eata,A-C-B-A,4,bn_affine_frozen_stats,2,0.001,0.757,0.757,0.162625,0.1001,2.187710762023926
trajectory_ablation_gpu_v1_cifar10_s04_eata_ACBA_bn_affine_frozen_stats_p2_lr0.01_v1,cifar10,eata,A-C-B-A,4,bn_affine_frozen_stats,2,0.01,0.7571,0.7571,0.10285,0.1,8.822257041931152
trajectory_ablation_gpu_v1_cifar10_s04_eata_ACBA_bn_affine_frozen_stats_p4_lr0.0001_v1,cifar10,eata,A-C-B-A,4,bn_affine_frozen_stats,4,0.0001,0.757,0.757,0.2409875,0.1001,1.1162267923355103
trajectory_ablation_gpu_v1_cifar10_s04_eata_ACBA_bn_affine_frozen_stats_p4_lr0.001_v1,cifar10,eata,A-C-B-A,4,bn_affine_frozen_stats,4,0.001,0.757,0.757,0.1313375,0.1001,1.943795084953308
trajectory_ablation_gpu_v1_cifar10_s04_eata_ACBA_bn_affine_frozen_stats_p4_lr0.01_v1,cifar10,eata,A-C-B-A,4,bn_affine_frozen_stats,4,0.01,0.7571,0.7571,0.101425,0.1,5.3554368019104
trajectory_ablation_gpu_v1_cifar10_s04_rotta_ABABA_bn_affine_frozen_stats_p1_lr0.0001_v1,cifar10,rotta,A-B-A-B-A,4,bn_affine_frozen_stats,1,0.0001,9.999999999998899e-05,9.999999999998899e-05,0.6973,0.857,2.6210746000288054e-06
trajectory_ablation_gpu_v1_cifar10_s04_rotta_ABABA_bn_affine_frozen_stats_p1_lr0.001_v1,cifar10,rotta,A-B-A-B-A,4,bn_affine_frozen_stats,1,0.001,9.999999999998899e-05,9.999999999998899e-05,0.6973333333333334,0.857,3.598277544369921e-05
trajectory_ablation_gpu_v1_cifar10_s04_rotta_ABABA_bn_affine_frozen_stats_p1_lr0.01_v1,cifar10,rotta,A-B-A-B-A,4,bn_affine_frozen_stats,1,0.01,0.00019999999999997797,0.00019999999999997797,0.6973,0.8569,0.0006282082758843899
trajectory_ablation_gpu_v1_cifar10_s04_rotta_ABABA_bn_affine_frozen_stats_p2_lr0.0001_v1,cifar10,rotta,A-B-A-B-A,4,bn_affine_frozen_stats,2,0.0001,0.0,0.0,0.6973166666666667,0.8571,3.481668727545184e-06
trajectory_ablation_gpu_v1_cifar10_s04_rotta_ABABA_bn_affine_frozen_stats_p2_lr0.001_v1,cifar10,rotta,A-B-A-B-A,4,bn_affine_frozen_stats,2,0.001,9.999999999998899e-05,9.999999999998899e-05,0.6973333333333334,0.857,4.9362170102540404e-05
trajectory_ablation_gpu_v1_cifar10_s04_rotta_ABABA_bn_affine_frozen_stats_p2_lr0.01_v1,cifar10,rotta,A-B-A-B-A,4,bn_affine_frozen_stats,2,0.01,0.00019999999999997797,0.00019999999999997797,0.6973,0.8569,0.000619742670096457
trajectory_ablation_gpu_v1_cifar10_s04_rotta_ABABA_bn_affine_frozen_stats_p4_lr0.0001_v1,cifar10,rotta,A-B-A-B-A,4,bn_affine_frozen_stats,4,0.0001,9.999999999998899e-05,9.999999999998899e-05,0.6973416666666666,0.857,5.117673936183564e-06
trajectory_ablation_gpu_v1_cifar10_s04_rotta_ABABA_bn_affine_frozen_stats_p4_lr0.001_v1,cifar10,rotta,A-B-A-B-A,4,bn_affine_frozen_stats,4,0.001,0.0,0.0,0.697325,0.8571,6.459458381868899e-05
trajectory_ablation_gpu_v1_cifar10_s04_rotta_ABABA_bn_affine_frozen_stats_p4_lr0.01_v1,cifar10,rotta,A-B-A-B-A,4,bn_affine_frozen_stats,4,0.01,9.999999999998899e-05,9.999999999998899e-05,0.69725,0.857,0.0009932253742590547
trajectory_ablation_gpu_v1_cifar10_s04_rotta_ABA_bn_affine_frozen_stats_p1_lr0.0001_v1,cifar10,rotta,A-B-A,4,bn_affine_frozen_stats,1,0.0001,9.999999999998899e-05,9.999999999998899e-05,0.6174,0.857,1.5187391682047746e-06
trajectory_ablation_gpu_v1_cifar10_s04_rotta_ABA_bn_affine_frozen_stats_p1_lr0.001_v1,cifar10,rotta,A-B-A,4,bn_affine_frozen_stats,1,0.001,9.999999999998899e-05,9.999999999998899e-05,0.6175,0.857,2.6734312996268272e-05
trajectory_ablation_gpu_v1_cifar10_s04_rotta_ABA_bn_affine_frozen_stats_p1_lr0.01_v1,cifar10,rotta,A-B-A,4,bn_affine_frozen_stats,1,0.01,0.00019999999999997797,0.00019999999999997797,0.6176,0.8569,0.0001872308785095811
trajectory_ablation_gpu_v1_cifar10_s04_rotta_ABA_bn_affine_frozen_stats_p2_lr0.0001_v1,cifar10,rotta,A-B-A,4,bn_affine_frozen_stats,2,0.0001,9.999999999998899e-05,9.999999999998899e-05,0.6174,0.857,1.5932607766444562e-06
trajectory_ablation_gpu_v1_cifar10_s04_rotta_ABA_bn_affine_frozen_stats_p2_lr0.001_v1,cifar10,rotta,A-B-A,4,bn_affine_frozen_stats,2,0.001,9.999999999998899e-05,9.999999999998899e-05,0.61745,0.857,3.5036788176512346e-05
trajectory_ablation_gpu_v1_cifar10_s04_rotta_ABA_bn_affine_frozen_stats_p2_lr0.01_v1,cifar10,rotta,A-B-A,4,bn_affine_frozen_stats,2,0.01,9.999999999998899e-05,9.999999999998899e-05,0.61755,0.857,0.00024067366030067205
trajectory_ablation_gpu_v1_cifar10_s04_rotta_ABA_bn_affine_frozen_stats_p4_lr0.0001_v1,cifar10,rotta,A-B-A,4,bn_affine_frozen_stats,4,0.0001,9.999999999998899e-05,9.999999999998899e-05,0.617425,0.857,2.1200612536631525e-06
trajectory_ablation_gpu_v1_cifar10_s04_rotta_ABA_bn_affine_frozen_stats_p4_lr0.001_v1,cifar10,rotta,A-B-A,4,bn_affine_frozen_stats,4,0.001,0.00019999999999997797,0.00019999999999997797,0.61745,0.8569,3.5354441934032366e-05
trajectory_ablation_gpu_v1_cifar10_s04_rotta_ABA_bn_affine_frozen_stats_p4_lr0.01_v1,cifar10,rotta,A-B-A,4,bn_affine_frozen_stats,4,0.01,0.00019999999999997797,0.00019999999999997797,0.617525,0.8569,0.0004937940975651145
trajectory_ablation_gpu_v1_cifar10_s04_rotta_ABCA_bn_affine_frozen_stats_p1_lr0.0001_v1,cifar10,rotta,A-B-C-A,4,bn_affine_frozen_stats,1,0.0001,9.999999999998899e-05,9.999999999998899e-05,0.6718,0.857,1.8923028619610704e-06
trajectory_ablation_gpu_v1_cifar10_s04_rotta_ABCA_bn_affine_frozen_stats_p1_lr0.001_v1,cifar10,rotta,A-B-C-A,4,bn_affine_frozen_stats,1,0.001,0.00019999999999997797,0.00019999999999997797,0.67185,0.8569,3.698938598972745e-05
trajectory_ablation_gpu_v1_cifar10_s04_rotta_ABCA_bn_affine_frozen_stats_p1_lr0.01_v1,cifar10,rotta,A-B-C-A,4,bn_affine_frozen_stats,1,0.01,0.00019999999999997797,0.00019999999999997797,0.6719,0.8569,0.0003698981017805636
trajectory_ablation_gpu_v1_cifar10_s04_rotta_ABCA_bn_affine_frozen_stats_p2_lr0.0001_v1,cifar10,rotta,A-B-C-A,4,bn_affine_frozen_stats,2,0.0001,9.999999999998899e-05,9.999999999998899e-05,0.67185,0.857,2.765473936960916e-06
trajectory_ablation_gpu_v1_cifar10_s04_rotta_ABCA_bn_affine_frozen_stats_p2_lr0.001_v1,cifar10,rotta,A-B-C-A,4,bn_affine_frozen_stats,2,0.001,0.0,0.0,0.67185,0.8571,4.600339525495656e-05
trajectory_ablation_gpu_v1_cifar10_s04_rotta_ABCA_bn_affine_frozen_stats_p2_lr0.01_v1,cifar10,rotta,A-B-C-A,4,bn_affine_frozen_stats,2,0.01,9.999999999998899e-05,9.999999999998899e-05,0.67185,0.857,0.0005080024129711092
trajectory_ablation_gpu_v1_cifar10_s04_rotta_ABCA_bn_affine_frozen_stats_p4_lr0.0001_v1,cifar10,rotta,A-B-C-A,4,bn_affine_frozen_stats,4,0.0001,0.00019999999999997797,0.00019999999999997797,0.6718375,0.8569,3.7943379993521376e-06
trajectory_ablation_gpu_v1_cifar10_s04_rotta_ABCA_bn_affine_frozen_stats_p4_lr0.001_v1,cifar10,rotta,A-B-C-A,4,bn_affine_frozen_stats,4,0.001,9.999999999998899e-05,9.999999999998899e-05,0.67185,0.857,6.131194822955877e-05
trajectory_ablation_gpu_v1_cifar10_s04_rotta_ABCA_bn_affine_frozen_stats_p4_lr0.01_v1,cifar10,rotta,A-B-C-A,4,bn_affine_frozen_stats,4,0.01,0.00019999999999997797,0.00019999999999997797,0.6718125,0.8569,0.0012678998755291104
trajectory_ablation_gpu_v1_cifar10_s04_rotta_ACBA_bn_affine_frozen_stats_p1_lr0.0001_v1,cifar10,rotta,A-C-B-A,4,bn_affine_frozen_stats,1,0.0001,9.999999999998899e-05,9.999999999998899e-05,0.67185,0.857,4.943367457599379e-06
trajectory_ablation_gpu_v1_cifar10_s04_rotta_ACBA_bn_affine_frozen_stats_p1_lr0.001_v1,cifar10,rotta,A-C-B-A,4,bn_affine_frozen_stats,1,0.001,0.0,0.0,0.6719,0.8571,4.7532161261187866e-05
trajectory_ablation_gpu_v1_cifar10_s04_rotta_ACBA_bn_affine_frozen_stats_p1_lr0.01_v1,cifar10,rotta,A-C-B-A,4,bn_affine_frozen_stats,1,0.01,9.999999999998899e-05,9.999999999998899e-05,0.67175,0.857,0.0006957786390557885
trajectory_ablation_gpu_v1_cifar10_s04_rotta_ACBA_bn_affine_frozen_stats_p2_lr0.0001_v1,cifar10,rotta,A-C-B-A,4,bn_affine_frozen_stats,2,0.0001,9.999999999998899e-05,9.999999999998899e-05,0.67185,0.857,5.16866293764906e-06
trajectory_ablation_gpu_v1_cifar10_s04_rotta_ACBA_bn_affine_frozen_stats_p2_lr0.001_v1,cifar10,rotta,A-C-B-A,4,bn_affine_frozen_stats,2,0.001,0.0,0.0,0.6719,0.8571,5.316246097208932e-05
trajectory_ablation_gpu_v1_cifar10_s04_rotta_ACBA_bn_affine_frozen_stats_p2_lr0.01_v1,cifar10,rotta,A-C-B-A,4,bn_affine_frozen_stats,2,0.01,9.999999999998899e-05,9.999999999998899e-05,0.67175,0.857,0.0007946701953187585
trajectory_ablation_gpu_v1_cifar10_s04_rotta_ACBA_bn_affine_frozen_stats_p4_lr0.0001_v1,cifar10,rotta,A-C-B-A,4,bn_affine_frozen_stats,4,0.0001,9.999999999998899e-05,9.999999999998899e-05,0.67185,0.857,5.942799816693878e-06
trajectory_ablation_gpu_v1_cifar10_s04_rotta_ACBA_bn_affine_frozen_stats_p4_lr0.001_v1,cifar10,rotta,A-C-B-A,4,bn_affine_frozen_stats,4,0.001,0.00019999999999997797,0.00019999999999997797,0.671875,0.8569,5.2866231271764264e-05
trajectory_ablation_gpu_v1_cifar10_s04_rotta_ACBA_bn_affine_frozen_stats_p4_lr0.01_v1,cifar10,rotta,A-C-B-A,4,bn_affine_frozen_stats,4,0.01,0.00019999999999997797,0.00019999999999997797,0.671775,0.8569,0.001176808262243867
trajectory_ablation_gpu_v1_cifar10_s04_sar_ABABA_bn_affine_frozen_stats_p1_lr0.0001_v1,cifar10,sar,A-B-A-B-A,4,bn_affine_frozen_stats,1,0.0001,0.00029999999999996696,0.00029999999999996696,0.6981333333333334,0.8568,0.018001606687903404
trajectory_ablation_gpu_v1_cifar10_s04_sar_ABABA_bn_affine_frozen_stats_p1_lr0.001_v1,cifar10,sar,A-B-A-B-A,4,bn_affine_frozen_stats,1,0.001,0.005900000000000016,0.005900000000000016,0.6997,0.8512,0.13295893371105194
trajectory_ablation_gpu_v1_cifar10_s04_sar_ABABA_bn_affine_frozen_stats_p1_lr0.01_v1,cifar10,sar,A-B-A-B-A,4,bn_affine_frozen_stats,1,0.01,0.05699999999999994,0.05699999999999994,0.6242333333333333,0.8001,0.3165384829044342
trajectory_ablation_gpu_v1_cifar10_s04_sar_ABABA_bn_affine_frozen_stats_p2_lr0.0001_v1,cifar10,sar,A-B-A-B-A,4,bn_affine_frozen_stats,2,0.0001,0.0006999999999999229,0.0006999999999999229,0.6984333333333334,0.8564,0.034383632242679596
trajectory_ablation_gpu_v1_cifar10_s04_sar_ABABA_bn_affine_frozen_stats_p2_lr0.001_v1,cifar10,sar,A-B-A-B-A,4,bn_affine_frozen_stats,2,0.001,0.017900000000000027,0.017900000000000027,0.6933833333333334,0.8392,0.2234836220741272
trajectory_ablation_gpu_v1_cifar10_s04_sar_ABABA_bn_affine_frozen_stats_p2_lr0.01_v1,cifar10,sar,A-B-A-B-A,4,bn_affine_frozen_stats,2,0.01,0.08850000000000002,0.08850000000000002,0.63645,0.7686,0.5171618461608887
trajectory_ablation_gpu_v1_cifar10_s04_sar_ABABA_bn_affine_frozen_stats_p4_lr0.0001_v1,cifar10,sar,A-B-A-B-A,4,bn_affine_frozen_stats,4,0.0001,0.0005999999999999339,0.0005999999999999339,0.6990166666666666,0.8565,0.06357727944850922
trajectory_ablation_gpu_v1_cifar10_s04_sar_ABABA_bn_affine_frozen_stats_p4_lr0.001_v1,cifar10,sar,A-B-A-B-A,4,bn_affine_frozen_stats,4,0.001,0.053300000000000014,0.053300000000000014,0.674275,0.8038,0.3615385591983795
trajectory_ablation_gpu_v1_cifar10_s04_sar_ABABA_bn_affine_frozen_stats_p4_lr0.01_v1,cifar10,sar,A-B-A-B-A,4,bn_affine_frozen_stats,4,0.01,0.0847,0.0847,0.6229083333333333,0.7724,0.39154356718063354
trajectory_ablation_gpu_v1_cifar10_s04_sar_ABA_bn_affine_frozen_stats_p1_lr0.0001_v1,cifar10,sar,A-B-A,4,bn_affine_frozen_stats,1,0.0001,0.00019999999999997797,0.00019999999999997797,0.618,0.8569,0.008361924439668655
trajectory_ablation_gpu_v1_cifar10_s04_sar_ABA_bn_affine_frozen_stats_p1_lr0.001_v1,cifar10,sar,A-B-A,4,bn_affine_frozen_stats,1,0.001,0.0019000000000000128,0.0019000000000000128,0.6237,0.8552,0.07029062509536743
trajectory_ablation_gpu_v1_cifar10_s04_sar_ABA_bn_affine_frozen_stats_p1_lr0.01_v1,cifar10,sar,A-B-A,4,bn_affine_frozen_stats,1,0.01,0.09529999999999994,0.09529999999999994,0.5785,0.7618,0.4120343327522278
trajectory_ablation_gpu_v1_cifar10_s04_sar_ABA_bn_affine_frozen_stats_p2_lr0.0001_v1,cifar10,sar,A-B-A,4,bn_affine_frozen_stats,2,0.0001,0.0004999999999999449,0.0004999999999999449,0.61895,0.8566,0.016370471566915512
trajectory_ablation_gpu_v1_cifar10_s04_sar_ABA_bn_affine_frozen_stats_p2_lr0.001_v1,cifar10,sar,A-B-A,4,bn_affine_frozen_stats,2,0.001,0.006099999999999994,0.006099999999999994,0.6251,0.851,0.12408672273159027
trajectory_ablation_gpu_v1_cifar10_s04_sar_ABA_bn_affine_frozen_stats_p2_lr0.01_v1,cifar10,sar,A-B-A,4,bn_affine_frozen_stats,2,0.01,0.03799999999999992,0.03799999999999992,0.5499,0.8191,0.2679915428161621
trajectory_ablation_gpu_v1_cifar10_s04_sar_ABA_bn_affine_frozen_stats_p4_lr0.0001_v1,cifar10,sar,A-B-A,4,bn_affine_frozen_stats,4,0.0001,0.0009000000000000119,0.0009000000000000119,0.619975,0.8562,0.03142819553613663
trajectory_ablation_gpu_v1_cifar10_s04_sar_ABA_bn_affine_frozen_stats_p4_lr0.001_v1,cifar10,sar,A-B-A,4,bn_affine_frozen_stats,4,0.001,0.020100000000000007,0.020100000000000007,0.622,0.837,0.21003466844558716
trajectory_ablation_gpu_v1_cifar10_s04_sar_ABA_bn_affine_frozen_stats_p4_lr0.01_v1,cifar10,sar,A-B-A,4,bn_affine_frozen_stats,4,0.01,0.06169999999999998,0.06169999999999998,0.51275,0.7954,0.31278976798057556
trajectory_ablation_gpu_v1_cifar10_s04_sar_ABCA_bn_affine_frozen_stats_p1_lr0.0001_v1,cifar10,sar,A-B-C-A,4,bn_affine_frozen_stats,1,0.0001,0.0004999999999999449,0.0004999999999999449,0.67195,0.8566,0.011732219718396664
trajectory_ablation_gpu_v1_cifar10_s04_sar_ABCA_bn_affine_frozen_stats_p1_lr0.001_v1,cifar10,sar,A-B-C-A,4,bn_affine_frozen_stats,1,0.001,0.0004999999999999449,0.0004999999999999449,0.6747,0.8566,0.09568242728710175
trajectory_ablation_gpu_v1_cifar10_s04_sar_ABCA_bn_affine_frozen_stats_p1_lr0.01_v1,cifar10,sar,A-B-C-A,4,bn_affine_frozen_stats,1,0.01,0.23370000000000002,0.23370000000000002,0.5675,0.6234,0.6144741773605347
trajectory_ablation_gpu_v1_cifar10_s04_sar_ABCA_bn_affine_frozen_stats_p2_lr0.0001_v1,cifar10,sar,A-B-C-A,4,bn_affine_frozen_stats,2,0.0001,0.0006999999999999229,0.0006999999999999229,0.67235,0.8564,0.02283685840666294
trajectory_ablation_gpu_v1_cifar10_s04_sar_ABCA_bn_affine_frozen_stats_p2_lr0.001_v1,cifar10,sar,A-B-C-A,4,bn_affine_frozen_stats,2,0.001,0.006699999999999928,0.006699999999999928,0.671875,0.8504,0.16728782653808594
trajectory_ablation_gpu_v1_cifar10_s04_sar_ABCA_bn_affine_frozen_stats_p2_lr0.01_v1,cifar10,sar,A-B-C-A,4,bn_affine_frozen_stats,2,0.01,0.20109999999999995,0.20109999999999995,0.56385,0.656,0.583497166633606
trajectory_ablation_gpu_v1_cifar10_s04_sar_ABCA_bn_affine_frozen_stats_p4_lr0.0001_v1,cifar10,sar,A-B-C-A,4,bn_affine_frozen_stats,4,0.0001,0.0013999999999999568,0.0013999999999999568,0.6724375,0.8557,0.04349358007311821
trajectory_ablation_gpu_v1_cifar10_s04_sar_ABCA_bn_affine_frozen_stats_p4_lr0.001_v1,cifar10,sar,A-B-C-A,4,bn_affine_frozen_stats,4,0.001,0.023499999999999965,0.023499999999999965,0.6623875,0.8336,0.28121307492256165
trajectory_ablation_gpu_v1_cifar10_s04_sar_ABCA_bn_affine_frozen_stats_p4_lr0.01_v1,cifar10,sar,A-B-C-A,4,bn_affine_frozen_stats,4,0.01,0.2128,0.2128,0.5619125,0.6443,0.5945889949798584
trajectory_ablation_gpu_v1_cifar10_s04_sar_ACBA_bn_affine_frozen_stats_p1_lr0.0001_v1,cifar10,sar,A-C-B-A,4,bn_affine_frozen_stats,1,0.0001,0.0006999999999999229,0.0006999999999999229,0.67175,0.8564,0.011756149120628834
trajectory_ablation_gpu_v1_cifar10_s04_sar_ACBA_bn_affine_frozen_stats_p1_lr0.001_v1,cifar10,sar,A-C-B-A,4,bn_affine_frozen_stats,1,0.001,0.0004999999999999449,0.0004999999999999449,0.6682,0.8566,0.09707779437303543
trajectory_ablation_gpu_v1_cifar10_s04_sar_ACBA_bn_affine_frozen_stats_p1_lr0.01_v1,cifar10,sar,A-C-B-A,4,bn_affine_frozen_stats,1,0.01,0.0040000000000000036,0.0040000000000000036,0.62925,0.8531,0.10019318014383316
trajectory_ablation_gpu_v1_cifar10_s04_sar_ACBA_bn_affine_frozen_stats_p2_lr0.0001_v1,cifar10,sar,A-C-B-A,4,bn_affine_frozen_stats,2,0.0001,0.0006999999999999229,0.0006999999999999229,0.67215,0.8564,0.02287346124649048
trajectory_ablation_gpu_v1_cifar10_s04_sar_ACBA_bn_affine_frozen_stats_p2_lr0.001_v1,cifar10,sar,A-C-B-A,4,bn_affine_frozen_stats,2,0.001,0.00759999999999994,0.00759999999999994,0.665325,0.8495,0.16919103264808655
trajectory_ablation_gpu_v1_cifar10_s04_sar_ACBA_bn_affine_frozen_stats_p2_lr0.01_v1,cifar10,sar,A-C-B-A,4,bn_affine_frozen_stats,2,0.01,0.0686,0.0686,0.638525,0.7885,0.5562358498573303
trajectory_ablation_gpu_v1_cifar10_s04_sar_ACBA_bn_affine_frozen_stats_p4_lr0.0001_v1,cifar10,sar,A-C-B-A,4,bn_affine_frozen_stats,4,0.0001,0.0012999999999999678,0.0012999999999999678,0.67205,0.8558,0.04356031492352486
trajectory_ablation_gpu_v1_cifar10_s04_sar_ACBA_bn_affine_frozen_stats_p4_lr0.001_v1,cifar10,sar,A-C-B-A,4,bn_affine_frozen_stats,4,0.001,0.02279999999999993,0.02279999999999993,0.6581875,0.8343,0.28188687562942505
trajectory_ablation_gpu_v1_cifar10_s04_sar_ACBA_bn_affine_frozen_stats_p4_lr0.01_v1,cifar10,sar,A-C-B-A,4,bn_affine_frozen_stats,4,0.01,0.07150000000000001,0.07150000000000001,0.6070875,0.7856,0.3484747111797333
trajectory_ablation_gpu_v1_cifar10_s04_source_ABABA_bn_affine_frozen_stats_p1_lr0.0001_v1,cifar10,source,A-B-A-B-A,4,bn_affine_frozen_stats,1,0.0001,0.0,0.0,0.6973666666666667,0.8571,0.0
trajectory_ablation_gpu_v1_cifar10_s04_source_ABABA_bn_affine_frozen_stats_p1_lr0.001_v1,cifar10,source,A-B-A-B-A,4,bn_affine_frozen_stats,1,0.001,0.0,0.0,0.6973666666666667,0.8571,0.0
trajectory_ablation_gpu_v1_cifar10_s04_source_ABABA_bn_affine_frozen_stats_p1_lr0.01_v1,cifar10,source,A-B-A-B-A,4,bn_affine_frozen_stats,1,0.01,0.0,0.0,0.6973666666666667,0.8571,0.0
trajectory_ablation_gpu_v1_cifar10_s04_source_ABABA_bn_affine_frozen_stats_p2_lr0.0001_v1,cifar10,source,A-B-A-B-A,4,bn_affine_frozen_stats,2,0.0001,0.0,0.0,0.6973666666666667,0.8571,0.0
trajectory_ablation_gpu_v1_cifar10_s04_source_ABABA_bn_affine_frozen_stats_p2_lr0.001_v1,cifar10,source,A-B-A-B-A,4,bn_affine_frozen_stats,2,0.001,0.0,0.0,0.6973666666666667,0.8571,0.0
trajectory_ablation_gpu_v1_cifar10_s04_source_ABABA_bn_affine_frozen_stats_p2_lr0.01_v1,cifar10,source,A-B-A-B-A,4,bn_affine_frozen_stats,2,0.01,0.0,0.0,0.6973666666666667,0.8571,0.0
trajectory_ablation_gpu_v1_cifar10_s04_source_ABABA_bn_affine_frozen_stats_p4_lr0.0001_v1,cifar10,source,A-B-A-B-A,4,bn_affine_frozen_stats,4,0.0001,0.0,0.0,0.6973666666666667,0.8571,0.0
trajectory_ablation_gpu_v1_cifar10_s04_source_ABABA_bn_affine_frozen_stats_p4_lr0.001_v1,cifar10,source,A-B-A-B-A,4,bn_affine_frozen_stats,4,0.001,0.0,0.0,0.6973666666666667,0.8571,0.0
trajectory_ablation_gpu_v1_cifar10_s04_source_ABABA_bn_affine_frozen_stats_p4_lr0.01_v1,cifar10,source,A-B-A-B-A,4,bn_affine_frozen_stats,4,0.01,0.0,0.0,0.6973666666666667,0.8571,0.0
trajectory_ablation_gpu_v1_cifar10_s04_source_ABA_bn_affine_frozen_stats_p1_lr0.0001_v1,cifar10,source,A-B-A,4,bn_affine_frozen_stats,1,0.0001,0.0,0.0,0.6175,0.8571,0.0
trajectory_ablation_gpu_v1_cifar10_s04_source_ABA_bn_affine_frozen_stats_p1_lr0.001_v1,cifar10,source,A-B-A,4,bn_affine_frozen_stats,1,0.001,0.0,0.0,0.6175,0.8571,0.0
trajectory_ablation_gpu_v1_cifar10_s04_source_ABA_bn_affine_frozen_stats_p1_lr0.01_v1,cifar10,source,A-B-A,4,bn_affine_frozen_stats,1,0.01,0.0,0.0,0.6175,0.8571,0.0
trajectory_ablation_gpu_v1_cifar10_s04_source_ABA_bn_affine_frozen_stats_p2_lr0.0001_v1,cifar10,source,A-B-A,4,bn_affine_frozen_stats,2,0.0001,0.0,0.0,0.6175,0.8571,0.0
trajectory_ablation_gpu_v1_cifar10_s04_source_ABA_bn_affine_frozen_stats_p2_lr0.001_v1,cifar10,source,A-B-A,4,bn_affine_frozen_stats,2,0.001,0.0,0.0,0.6175,0.8571,0.0
trajectory_ablation_gpu_v1_cifar10_s04_source_ABA_bn_affine_frozen_stats_p2_lr0.01_v1,cifar10,source,A-B-A,4,bn_affine_frozen_stats,2,0.01,0.0,0.0,0.6175,0.8571,0.0
trajectory_ablation_gpu_v1_cifar10_s04_source_ABA_bn_affine_frozen_stats_p4_lr0.0001_v1,cifar10,source,A-B-A,4,bn_affine_frozen_stats,4,0.0001,0.0,0.0,0.6175,0.8571,0.0
trajectory_ablation_gpu_v1_cifar10_s04_source_ABA_bn_affine_frozen_stats_p4_lr0.001_v1,cifar10,source,A-B-A,4,bn_affine_frozen_stats,4,0.001,0.0,0.0,0.6175,0.8571,0.0
trajectory_ablation_gpu_v1_cifar10_s04_source_ABA_bn_affine_frozen_stats_p4_lr0.01_v1,cifar10,source,A-B-A,4,bn_affine_frozen_stats,4,0.01,0.0,0.0,0.6175,0.8571,0.0
trajectory_ablation_gpu_v1_cifar10_s04_source_ABCA_bn_affine_frozen_stats_p1_lr0.0001_v1,cifar10,source,A-B-C-A,4,bn_affine_frozen_stats,1,0.0001,0.0,0.0,0.67185,0.8571,0.0
trajectory_ablation_gpu_v1_cifar10_s04_source_ABCA_bn_affine_frozen_stats_p1_lr0.001_v1,cifar10,source,A-B-C-A,4,bn_affine_frozen_stats,1,0.001,0.0,0.0,0.67185,0.8571,0.0
trajectory_ablation_gpu_v1_cifar10_s04_source_ABCA_bn_affine_frozen_stats_p1_lr0.01_v1,cifar10,source,A-B-C-A,4,bn_affine_frozen_stats,1,0.01,0.0,0.0,0.67185,0.8571,0.0
trajectory_ablation_gpu_v1_cifar10_s04_source_ABCA_bn_affine_frozen_stats_p2_lr0.0001_v1,cifar10,source,A-B-C-A,4,bn_affine_frozen_stats,2,0.0001,0.0,0.0,0.67185,0.8571,0.0
trajectory_ablation_gpu_v1_cifar10_s04_source_ABCA_bn_affine_frozen_stats_p2_lr0.001_v1,cifar10,source,A-B-C-A,4,bn_affine_frozen_stats,2,0.001,0.0,0.0,0.67185,0.8571,0.0
trajectory_ablation_gpu_v1_cifar10_s04_source_ABCA_bn_affine_frozen_stats_p2_lr0.01_v1,cifar10,source,A-B-C-A,4,bn_affine_frozen_stats,2,0.01,0.0,0.0,0.67185,0.8571,0.0
trajectory_ablation_gpu_v1_cifar10_s04_source_ABCA_bn_affine_frozen_stats_p4_lr0.0001_v1,cifar10,source,A-B-C-A,4,bn_affine_frozen_stats,4,0.0001,0.0,0.0,0.67185,0.8571,0.0
trajectory_ablation_gpu_v1_cifar10_s04_source_ABCA_bn_affine_frozen_stats_p4_lr0.001_v1,cifar10,source,A-B-C-A,4,bn_affine_frozen_stats,4,0.001,0.0,0.0,0.67185,0.8571,0.0
trajectory_ablation_gpu_v1_cifar10_s04_source_ABCA_bn_affine_frozen_stats_p4_lr0.01_v1,cifar10,source,A-B-C-A,4,bn_affine_frozen_stats,4,0.01,0.0,0.0,0.67185,0.8571,0.0
trajectory_ablation_gpu_v1_cifar10_s04_source_ACBA_bn_affine_frozen_stats_p1_lr0.0001_v1,cifar10,source,A-C-B-A,4,bn_affine_frozen_stats,1,0.0001,0.0,0.0,0.67185,0.8571,0.0
trajectory_ablation_gpu_v1_cifar10_s04_source_ACBA_bn_affine_frozen_stats_p1_lr0.001_v1,cifar10,source,A-C-B-A,4,bn_affine_frozen_stats,1,0.001,0.0,0.0,0.67185,0.8571,0.0
trajectory_ablation_gpu_v1_cifar10_s04_source_ACBA_bn_affine_frozen_stats_p1_lr0.01_v1,cifar10,source,A-C-B-A,4,bn_affine_frozen_stats,1,0.01,0.0,0.0,0.67185,0.8571,0.0
trajectory_ablation_gpu_v1_cifar10_s04_source_ACBA_bn_affine_frozen_stats_p2_lr0.0001_v1,cifar10,source,A-C-B-A,4,bn_affine_frozen_stats,2,0.0001,0.0,0.0,0.67185,0.8571,0.0
trajectory_ablation_gpu_v1_cifar10_s04_source_ACBA_bn_affine_frozen_stats_p2_lr0.001_v1,cifar10,source,A-C-B-A,4,bn_affine_frozen_stats,2,0.001,0.0,0.0,0.67185,0.8571,0.0
trajectory_ablation_gpu_v1_cifar10_s04_source_ACBA_bn_affine_frozen_stats_p2_lr0.01_v1,cifar10,source,A-C-B-A,4,bn_affine_frozen_stats,2,0.01,0.0,0.0,0.67185,0.8571,0.0
trajectory_ablation_gpu_v1_cifar10_s04_source_ACBA_bn_affine_frozen_stats_p4_lr0.0001_v1,cifar10,source,A-C-B-A,4,bn_affine_frozen_stats,4,0.0001,0.0,0.0,0.67185,0.8571,0.0
trajectory_ablation_gpu_v1_cifar10_s04_source_ACBA_bn_affine_frozen_stats_p4_lr0.001_v1,cifar10,source,A-C-B-A,4,bn_affine_frozen_stats,4,0.001,0.0,0.0,0.67185,0.8571,0.0
trajectory_ablation_gpu_v1_cifar10_s04_source_ACBA_bn_affine_frozen_stats_p4_lr0.01_v1,cifar10,source,A-C-B-A,4,bn_affine_frozen_stats,4,0.01,0.0,0.0,0.67185,0.8571,0.0
trajectory_ablation_gpu_v1_cifar10_s04_tent_ABABA_bn_affine_frozen_stats_p1_lr0.0001_v1,cifar10,tent,A-B-A-B-A,4,bn_affine_frozen_stats,1,0.0001,9.999999999998899e-05,9.999999999998899e-05,0.6981,0.857,0.01720428466796875
trajectory_ablation_gpu_v1_cifar10_s04_tent_ABABA_bn_affine_frozen_stats_p1_lr0.001_v1,cifar10,tent,A-B-A-B-A,4,bn_affine_frozen_stats,1,0.001,0.016100000000000003,0.016100000000000003,0.6853666666666667,0.841,0.14496642351150513
trajectory_ablation_gpu_v1_cifar10_s04_tent_ABABA_bn_affine_frozen_stats_p1_lr0.01_v1,cifar10,tent,A-B-A-B-A,4,bn_affine_frozen_stats,1,0.01,0.7542,0.7542,0.1853,0.1029,0.7268834114074707
trajectory_ablation_gpu_v1_cifar10_s04_tent_ABABA_bn_affine_frozen_stats_p2_lr0.0001_v1,cifar10,tent,A-B-A-B-A,4,bn_affine_frozen_stats,2,0.0001,0.0006999999999999229,0.0006999999999999229,0.6982166666666667,0.8564,0.033290937542915344
trajectory_ablation_gpu_v1_cifar10_s04_tent_ABABA_bn_affine_frozen_stats_p2_lr0.001_v1,cifar10,tent,A-B-A-B-A,4,bn_affine_frozen_stats,2,0.001,0.1624,0.1624,0.60205,0.6947,0.3130074143409729
trajectory_ablation_gpu_v1_cifar10_s04_tent_ABABA_bn_affine_frozen_stats_p2_lr0.01_v1,cifar10,tent,A-B-A-B-A,4,bn_affine_frozen_stats,2,0.01,0.7565,0.7565,0.14285,0.1006,0.7723522186279297
trajectory_ablation_gpu_v1_cifar10_s04_tent_ABABA_bn_affine_frozen_stats_p4_lr0.0001_v1,cifar10,tent,A-B-A-B-A,4,bn_affine_frozen_stats,4,0.0001,0.0022999999999999687,0.0022999999999999687,0.69745,0.8548,0.06289380043745041
trajectory_ablation_gpu_v1_cifar10_s04_tent_ABABA_bn_affine_frozen_stats_p4_lr0.001_v1,cifar10,tent,A-B-A-B-A,4,bn_affine_frozen_stats,4,0.001,0.5693999999999999,0.5693999999999999,0.4169,0.2877,0.5070743560791016
trajectory_ablation_gpu_v1_cifar10_s04_tent_ABABA_bn_affine_frozen_stats_p4_lr0.01_v1,cifar10,tent,A-B-A-B-A,4,bn_affine_frozen_stats,4,0.01,0.7571,0.7571,0.121475,0.1,0.8083935976028442
trajectory_ablation_gpu_v1_cifar10_s04_tent_ABA_bn_affine_frozen_stats_p1_lr0.0001_v1,cifar10,tent,A-B-A,4,bn_affine_frozen_stats,1,0.0001,9.999999999998899e-05,9.999999999998899e-05,0.618,0.857,0.007953882217407227
trajectory_ablation_gpu_v1_cifar10_s04_tent_ABA_bn_affine_frozen_stats_p1_lr0.001_v1,cifar10,tent,A-B-A,4,bn_affine_frozen_stats,1,0.001,0.0029000000000000137,0.0029000000000000137,0.6173,0.8542,0.07117626816034317
trajectory_ablation_gpu_v1_cifar10_s04_tent_ABA_bn_affine_frozen_stats_p1_lr0.01_v1,cifar10,tent,A-B-A,4,bn_affine_frozen_stats,1,0.01,0.5083,0.5083,0.3125,0.3488,0.4779830873012543
trajectory_ablation_gpu_v1_cifar10_s04_tent_ABA_bn_affine_frozen_stats_p2_lr0.0001_v1,cifar10,tent,A-B-A,4,bn_affine_frozen_stats,2,0.0001,0.0,0.0,0.6188,0.8571,0.015673719346523285
trajectory_ablation_gpu_v1_cifar10_s04_tent_ABA_bn_affine_frozen_stats_p2_lr0.001_v1,cifar10,tent,A-B-A,4,bn_affine_frozen_stats,2,0.001,0.016900000000000026,0.016900000000000026,0.6026,0.8402,0.13814178109169006
trajectory_ablation_gpu_v1_cifar10_s04_tent_ABA_bn_affine_frozen_stats_p2_lr0.01_v1,cifar10,tent,A-B-A,4,bn_affine_frozen_stats,2,0.01,0.6092,0.6092,0.20695,0.2479,0.5293452739715576
trajectory_ablation_gpu_v1_cifar10_s04_tent_ABA_bn_affine_frozen_stats_p4_lr0.0001_v1,cifar10,tent,A-B-A,4,bn_affine_frozen_stats,4,0.0001,0.0010999999999999899,0.0010999999999999899,0.61895,0.856,0.030512714758515358
trajectory_ablation_gpu_v1_cifar10_s04_tent_ABA_bn_affine_frozen_stats_p4_lr0.001_v1,cifar10,tent,A-B-A,4,bn_affine_frozen_stats,4,0.001,0.1824,0.1824,0.485725,0.6747,0.3118760287761688
trajectory_ablation_gpu_v1_cifar10_s04_tent_ABA_bn_affine_frozen_stats_p4_lr0.01_v1,cifar10,tent,A-B-A,4,bn_affine_frozen_stats,4,0.01,0.6611,0.6611,0.153525,0.196,0.5635462403297424
trajectory_ablation_gpu_v1_cifar10_s04_tent_ABCA_bn_affine_frozen_stats_p1_lr0.0001_v1,cifar10,tent,A-B-C-A,4,bn_affine_frozen_stats,1,0.0001,0.00039999999999995595,0.00039999999999995595,0.67195,0.8567,0.011287637986242771
trajectory_ablation_gpu_v1_cifar10_s04_tent_ABCA_bn_affine_frozen_stats_p1_lr0.001_v1,cifar10,tent,A-B-C-A,4,bn_affine_frozen_stats,1,0.001,0.0025999999999999357,0.0025999999999999357,0.67155,0.8545,0.09708524495363235
trajectory_ablation_gpu_v1_cifar10_s04_tent_ABCA_bn_affine_frozen_stats_p1_lr0.01_v1,cifar10,tent,A-B-C-A,4,bn_affine_frozen_stats,1,0.01,0.7499,0.7499,0.21415,0.1072,0.6841465830802917
trajectory_ablation_gpu_v1_cifar10_s04_tent_ABCA_bn_affine_frozen_stats_p2_lr0.0001_v1,cifar10,tent,A-B-C-A,4,bn_affine_frozen_stats,2,0.0001,0.0004999999999999449,0.0004999999999999449,0.672225,0.8566,0.02217162400484085
trajectory_ablation_gpu_v1_cifar10_s04_tent_ABCA_bn_affine_frozen_stats_p2_lr0.001_v1,cifar10,tent,A-B-C-A,4,bn_affine_frozen_stats,2,0.001,0.017699999999999938,0.017699999999999938,0.655125,0.8394,0.18249879777431488
trajectory_ablation_gpu_v1_cifar10_s04_tent_ABCA_bn_affine_frozen_stats_p2_lr0.01_v1,cifar10,tent,A-B-C-A,4,bn_affine_frozen_stats,2,0.01,0.7536999999999999,0.7536999999999999,0.157475,0.1034,0.7172409296035767
trajectory_ablation_gpu_v1_cifar10_s04_tent_ABCA_bn_affine_frozen_stats_p4_lr0.0001_v1,cifar10,tent,A-B-C-A,4,bn_affine_frozen_stats,4,0.0001,0.0010999999999999899,0.0010999999999999899,0.6716875,0.856,0.042897291481494904
trajectory_ablation_gpu_v1_cifar10_s04_tent_ABCA_bn_affine_frozen_stats_p4_lr0.001_v1,cifar10,tent,A-B-C-A,4,bn_affine_frozen_stats,4,0.001,0.44539999999999996,0.44539999999999996,0.5163625,0.4117,0.4519377648830414
trajectory_ablation_gpu_v1_cifar10_s04_tent_ABCA_bn_affine_frozen_stats_p4_lr0.01_v1,cifar10,tent,A-B-C-A,4,bn_affine_frozen_stats,4,0.01,0.7556999999999999,0.7556999999999999,0.128925,0.1014,0.7479169964790344
trajectory_ablation_gpu_v1_cifar10_s04_tent_ACBA_bn_affine_frozen_stats_p1_lr0.0001_v1,cifar10,tent,A-C-B-A,4,bn_affine_frozen_stats,1,0.0001,0.00039999999999995595,0.00039999999999995595,0.67135,0.8567,0.01132836751639843
trajectory_ablation_gpu_v1_cifar10_s04_tent_ACBA_bn_affine_frozen_stats_p1_lr0.001_v1,cifar10,tent,A-C-B-A,4,bn_affine_frozen_stats,1,0.001,0.0046999999999999265,0.0046999999999999265,0.6578,0.8524,0.10317837446928024
trajectory_ablation_gpu_v1_cifar10_s04_tent_ACBA_bn_affine_frozen_stats_p1_lr0.01_v1,cifar10,tent,A-C-B-A,4,bn_affine_frozen_stats,1,0.01,0.49489999999999995,0.49489999999999995,0.49345,0.3622,0.5680368542671204
trajectory_ablation_gpu_v1_cifar10_s04_tent_ACBA_bn_affine_frozen_stats_p2_lr0.0001_v1,cifar10,tent,A-C-B-A,4,bn_affine_frozen_stats,2,0.0001,0.0004999999999999449,0.0004999999999999449,0.67155,0.8566,0.0222471896559
trajectory_ablation_gpu_v1_cifar10_s04_tent_ACBA_bn_affine_frozen_stats_p2_lr0.001_v1,cifar10,tent,A-C-B-A,4,bn_affine_frozen_stats,2,0.001,0.03069999999999995,0.03069999999999995,0.640525,0.8264,0.19867564737796783
trajectory_ablation_gpu_v1_cifar10_s04_tent_ACBA_bn_affine_frozen_stats_p2_lr0.01_v1,cifar10,tent,A-C-B-A,4,bn_affine_frozen_stats,2,0.01,0.7498,0.7498,0.302575,0.1073,0.75238436460495
trajectory_ablation_gpu_v1_cifar10_s04_tent_ACBA_bn_affine_frozen_stats_p4_lr0.0001_v1,cifar10,tent,A-C-B-A,4,bn_affine_frozen_stats,4,0.0001,0.0010000000000000009,0.0010000000000000009,0.6709,0.8561,0.04305272176861763
trajectory_ablation_gpu_v1_cifar10_s04_tent_ACBA_bn_affine_frozen_stats_p4_lr0.001_v1,cifar10,tent,A-C-B-A,4,bn_affine_frozen_stats,4,0.001,0.35629999999999995,0.35629999999999995,0.52725,0.5008,0.4159107208251953
trajectory_ablation_gpu_v1_cifar10_s04_tent_ACBA_bn_affine_frozen_stats_p4_lr0.01_v1,cifar10,tent,A-C-B-A,4,bn_affine_frozen_stats,4,0.01,0.7552,0.7552,0.2016,0.1019,0.80142742395401
