dataset,seed,method,trajectory,shift_family,severity,job_id,checkpoint_source_accuracy,configured_source_accuracy,configuration_gap,return_accuracy_before,return_accuracy_after,absolute_hysteresis,update_induced_hysteresis,target_accuracy,target_entropy,source_ece,wall_clock_seconds,prediction_entropy_before_update,gradient_norm_before_update,update_norm,parameter_drift,result_sha256
cifar100,0,anchor,A-B-A,blur,1,cifar100_s00_anchor_ABA_blur_v1,0.5937,0.588,0.005700000000000038,0.5879,0.5882,0.005800000000000027,9.999999999998899e-05,0.4791,1.6787746871948241,0.09094496891871094,49.863913799999864,1.6831189137470872,1.5111857743202886,0.001511186504253198,0.04599827900528908,sha256:6914bb5d4fdb54ec6587bcd0b05f95bf2dd3e038375fb078b8e7d02ed0518485
cifar100,0,anchor,A-B-A,blur,2,cifar100_s00_anchor_ABA_blur_v2,0.5937,0.588,0.005700000000000038,0.5881,0.588,0.005600000000000049,-9.999999999998899e-05,0.3926,1.9466928924560547,0.09094496891871094,51.23235539999996,1.9492614027820057,1.6356098440629017,0.0016356091769530049,0.05527979135513306,sha256:0d9b524555c4d4d58c6a4ed2c4a74a1296d661106885a425e94ae89c75cdfcd3
cifar100,0,anchor,A-B-A,brightness,1,cifar100_s00_anchor_ABA_brightness_v1,0.5937,0.588,0.005700000000000038,0.5883,0.5885,0.00539999999999996,-0.000300000000000078,0.5851,1.3342863994598388,0.09094496891871094,50.33204500000011,1.3413907606390458,1.292630058300646,0.0012926297421461041,0.028915632516145706,sha256:1ac8ab3d5f24fbe6e44747c56baf7f3bf4bb0829dd647d689a23af0cb7300851
cifar100,0,anchor,A-B-A,brightness,2,cifar100_s00_anchor_ABA_brightness_v2,0.5937,0.588,0.005700000000000038,0.5883,0.5883,0.00539999999999996,-0.000300000000000078,0.5704,1.3794596963882446,0.09094496891871094,51.01820440000006,1.3863075518909889,1.3173482568958137,0.0013173477609252817,0.029393039643764496,sha256:99b94869e18a92671b54e03e5e4abe84e6e3717a2b131d79128055438c17d09d
cifar100,0,anchor,A-B-A,contrast,1,cifar100_s00_anchor_ABA_contrast_v1,0.5937,0.588,0.005700000000000038,0.5883,0.5884,0.00539999999999996,-0.000300000000000078,0.5829,1.3251143211364746,0.09094496891871094,45.60039419999998,1.3325901499277428,1.3032297695739359,0.0013032305051419366,0.029021266847848892,sha256:ec769b5f302734e37b74b00e30964d787da0f7df3a0958baee9054e77f1caaed
cifar100,0,anchor,A-B-A,contrast,2,cifar100_s00_anchor_ABA_contrast_v2,0.5937,0.588,0.005700000000000038,0.5881,0.588,0.005600000000000049,-9.999999999998899e-05,0.5718,1.3543032737731933,0.09094496891871094,30.248747699999967,1.362456288518785,1.346360704566859,0.0013463614358201245,0.029823865741491318,sha256:2d41e3080f35c2c99fe214034c39173fbe3dccd61fc4a629073d76d9fb836dc0
cifar100,0,anchor,A-B-A,noise,1,cifar100_s00_anchor_ABA_noise_v1,0.5937,0.588,0.005700000000000038,0.5886,0.5882,0.005099999999999993,-0.0006000000000000449,0.4336,1.8157604732513428,0.09094496891871094,39.49606760000006,1.8216296026978311,1.60783265361303,0.0016078339695128835,0.043946657329797745,sha256:9a1e677b9e5f94098431040a2be0cc2caaac4092520ea715b478739d61700824
cifar100,0,anchor,A-B-A,noise,2,cifar100_s00_anchor_ABA_noise_v2,0.5937,0.588,0.005700000000000038,0.5885,0.5885,0.005199999999999982,-0.000500000000000056,0.2859,2.255092730331421,0.09094496891871094,23.31148179999991,2.261128887345519,1.7898761954488633,0.0017898774534888284,0.05095798522233963,sha256:fdc9ee5f530cc814b012eba1a632ae1b29492eb3dc40bd056a0d34f150712d3d
cifar100,0,anchor,A-B-A,rotation,1,cifar100_s00_anchor_ABA_rotation_v1,0.5937,0.588,0.005700000000000038,0.5884,0.5887,0.005299999999999971,-0.00040000000000006697,0.2152,2.083767841720581,0.09094496891871094,44.02418639999996,2.084152380122414,1.5480400640753251,0.0015480404828757614,0.04055303707718849,sha256:c90f33921ca0c65c6d508e0e3a6de8f5daa4c0e296a87660ff9746c9b4fd8565
cifar100,0,anchor,A-B-A,rotation,2,cifar100_s00_anchor_ABA_rotation_v2,0.5937,0.588,0.005700000000000038,0.5877,0.5879,0.006000000000000005,0.00029999999999996696,0.2514,2.0259444496154786,0.09094496891871094,40.312296499999775,2.0291728550874732,1.5532370835919924,0.0015532372363171057,0.03939880430698395,sha256:94f0bd2b0bc7beeca1ad504fe7d0e388aa5f45400bd1c8fad08a5c7566a6bcce
cifar100,0,anchor,A-B-C-A,blur,1,cifar100_s00_anchor_ABCA_blur_v1,0.5937,0.588,0.005700000000000038,0.5879,0.5884,0.005800000000000027,9.999999999998899e-05,0.42235,1.7790866437911987,0.09094496891871094,61.2046435000002,1.784493072123467,1.5131154347069655,0.0015131161198951304,0.07262822985649109,sha256:f9a7edb802c339f673e48443abcb634b603100a3c63dec004559889ba5106dd2
cifar100,0,anchor,A-B-C-A,blur,2,cifar100_s00_anchor_ABCA_blur_v2,0.5937,0.588,0.005700000000000038,0.5879,0.5881,0.005800000000000027,9.999999999998899e-05,0.3645,1.928627063179016,0.09094496891871094,60.9723927,1.9331301330011101,1.5715801300881784,0.0015715797781012952,0.07703875005245209,sha256:5d2c3f79bf755507529c025f2b341c7cfb59067f7d8a23b7d25dc9e54888f386
cifar100,0,anchor,A-B-C-A,brightness,1,cifar100_s00_anchor_ABCA_brightness_v1,0.5937,0.588,0.005700000000000038,0.5888,0.5889,0.0049000000000000155,-0.0008000000000000229,0.4758,1.6078113147735595,0.09094496891871094,63.187404199999946,1.61462239675884,1.4051186653632153,0.0014051187413603161,0.06095263734459877,sha256:c0ef6c646b046d276e3a95b138e36ec6cbc4d5a7fec9b022e2a225270f3cc07f
cifar100,0,anchor,A-B-C-A,brightness,2,cifar100_s00_anchor_ABCA_brightness_v2,0.5937,0.588,0.005700000000000038,0.5893,0.5888,0.0043999999999999595,-0.0013000000000000789,0.45375,1.6454764779090882,0.09094496891871094,62.02561749999995,1.6521678461304194,1.4132592459268207,0.001413258880854266,0.06012116000056267,sha256:48066cf8bd9e052811c96ee90a3297a47d856a7ddea52a44402ddf5ca8604621
cifar100,0,anchor,A-B-C-A,contrast,1,cifar100_s00_anchor_ABCA_contrast_v1,0.5937,0.588,0.005700000000000038,0.5886,0.5889,0.005099999999999993,-0.0006000000000000449,0.47455,1.6033494108200073,0.09094496891871094,56.860935100000006,1.610343618483483,1.4105091094970703,0.0014105092430534432,0.06068927049636841,sha256:035cb995a09ab9bcf32e01d7c27e165209902c51ed5ee97b191e344c285050cf
cifar100,0,anchor,A-B-C-A,contrast,2,cifar100_s00_anchor_ABCA_contrast_v2,0.5937,0.588,0.005700000000000038,0.5891,0.5887,0.0046000000000000485,-0.0010999999999999899,0.45475,1.6332749652862548,0.09094496891871094,62.322987499999726,1.6406287022783785,1.4279400434675096,0.0014279405623261782,0.05933106318116188,sha256:abbbaf8f0eff04c0e124e740a1ddad4c98d8dc3fa5bd4cc264dc3d388cabd528
cifar100,0,anchor,A-B-C-A,noise,1,cifar100_s00_anchor_ABCA_noise_v1,0.5937,0.588,0.005700000000000038,0.5889,0.5888,0.0048000000000000265,-0.0009000000000000119,0.40025,1.8469865522384643,0.09094496891871094,61.4886733000003,1.8531789545771442,1.5610077471672734,0.0015610082876644556,0.0726725235581398,sha256:2efb707ab5eb3a5019602e19ce1d1105f95a9d2202ce484cb501c79f25f565b7
cifar100,0,anchor,A-B-C-A,noise,2,cifar100_s00_anchor_ABCA_noise_v2,0.5937,0.588,0.005700000000000038,0.5892,0.5887,0.0045000000000000595,-0.0011999999999999789,0.3121,2.081315398979187,0.09094496891871094,66.61555910000016,2.0875745574130287,1.6470057753067981,0.0016470063275869794,0.07712699472904205,sha256:024d569bb6c0b6a45093145577bb4eb53a851643caf0cdfc1cd7b902ba11ca88
cifar100,0,anchor,A-B-C-A,rotation,1,cifar100_s00_anchor_ABCA_rotation_v1,0.5937,0.588,0.005700000000000038,0.5884,0.589,0.005299999999999971,-0.00040000000000006697,0.29065,1.9816224405288696,0.09094496891871094,52.875072100000125,1.9850681144979936,1.5320430247089531,0.0015320438336097646,0.06923630088567734,sha256:1879179112387d5a0bf235545648591340e6f64e9f78ff546d5dec428418c797
cifar100,0,anchor,A-B-C-A,rotation,2,cifar100_s00_anchor_ABCA_rotation_v2,0.5937,0.588,0.005700000000000038,0.589,0.5886,0.0047000000000000375,-0.0010000000000000009,0.29445,1.9677760540008544,0.09094496891871094,54.93301810000003,1.9726542996454843,1.5306800717039952,0.001530680224104914,0.06770721077919006,sha256:143c6e02b7cfa6fa737233d88497639a28b2d5725369e95eaed3cb333555bcab
cifar100,0,ema_restore,A-B-A,blur,1,cifar100_s00_ema_restore_ABA_blur_v1,0.5937,0.588,0.005700000000000038,0.5877,0.5877,0.006000000000000005,0.00029999999999996696,0.4788,1.6813946826934814,0.09094496891871094,34.63102270000036,1.6858108315286757,1.5130260473565211,0.0014473144569186658,0.03176657855510712,sha256:4d957220f8423d364c7768e2c27153374d55895a642e172857652a9988c0cd31
cifar100,0,ema_restore,A-B-A,blur,2,cifar100_s00_ema_restore_ABA_blur_v2,0.5937,0.588,0.005700000000000038,0.5879,0.5881,0.005800000000000027,9.999999999998899e-05,0.3922,1.9505350276947022,0.09094496891871094,35.53745149999986,1.9532191904285285,1.637768393830408,0.0015517801379407697,0.038210559636354446,sha256:42192ba76231b69a80c44969bdf7d1c2bf3cbdf43759e3e7f0af2e36a0417ba4
cifar100,0,ema_restore,A-B-A,brightness,1,cifar100_s00_ema_restore_ABA_brightness_v1,0.5937,0.588,0.005700000000000038,0.5879,0.5884,0.005800000000000027,9.999999999998899e-05,0.5854,1.3352488338470458,0.09094496891871094,33.35712620000004,1.3423693330982063,1.2933807886099513,0.001259862916850591,0.02021068148314953,sha256:aa0bfe19ad13553cabb0a2f4a911e9237e182994e79b8de74ef521d964285e7a
cifar100,0,ema_restore,A-B-A,brightness,2,cifar100_s00_ema_restore_ABA_brightness_v2,0.5937,0.588,0.005700000000000038,0.5881,0.5882,0.005600000000000049,-9.999999999998899e-05,0.5705,1.3804525299072266,0.09094496891871094,39.920127299999876,1.387320711642881,1.3183050532884235,0.0012842995421135728,0.020524922758340836,sha256:08469a08467f8cbefdbd3a6cc04a3332eb5c3d24ba745361baeaa52bafbe31bf
cifar100,0,ema_restore,A-B-A,contrast,1,cifar100_s00_ema_restore_ABA_contrast_v1,0.5937,0.588,0.005700000000000038,0.588,0.588,0.005700000000000038,0.0,0.583,1.326071393585205,0.09094496891871094,42.36249600000019,1.3335736763628223,1.3043044292474095,0.001270866221925126,0.02037082426249981,sha256:2499cb1ddbde3edec5ce88404b6e78a4939b8dcc61fa725c46a82a729140f4d9
cifar100,0,ema_restore,A-B-A,contrast,2,cifar100_s00_ema_restore_ABA_contrast_v2,0.5937,0.588,0.005700000000000038,0.588,0.5883,0.005700000000000038,0.0,0.5722,1.3553071868896485,0.09094496891871094,42.352791100000104,1.3635060002532187,1.3468207513229757,0.001312895922603298,0.02091216668486595,sha256:7cca07687f7ecda2ded75b0b629cd5b0da99e94de43b86ddaf4efc987a212d50
cifar100,0,ema_restore,A-B-A,noise,1,cifar100_s00_ema_restore_ABA_noise_v1,0.5937,0.588,0.005700000000000038,0.5882,0.5883,0.00550000000000006,-0.00019999999999997797,0.4332,1.8181430976867676,0.09094496891871094,39.34375809999983,1.8240515778336344,1.60980569109132,0.0015516840599335824,0.030291343107819557,sha256:68749d5a9ad192c0db2cb1ed3b057250305e8b30f02f3cfd6c6f443b04efb3be
cifar100,0,ema_restore,A-B-A,noise,2,cifar100_s00_ema_restore_ABA_noise_v2,0.5937,0.588,0.005700000000000038,0.5886,0.5886,0.005099999999999993,-0.0006000000000000449,0.2855,2.258317157745361,0.09094496891871094,37.73778439999978,2.264365881304198,1.7910602681244476,0.0017214680600416245,0.03513491898775101,sha256:198f619b34368df0e3686b9b6f5181f310f6eace6008784ca184c1b7f639c642
cifar100,0,ema_restore,A-B-A,rotation,1,cifar100_s00_ema_restore_ABA_rotation_v1,0.5937,0.588,0.005700000000000038,0.588,0.5885,0.005700000000000038,0.0,0.2149,2.0857173072814943,0.09094496891871094,43.8786283999998,2.086171735691119,1.54878291751765,0.0014972957956333516,0.02807438187301159,sha256:c53cbfe7c22943d2ff6b9da15b40fbc873e69cf23eff5f67fe73fea94f3ad180
cifar100,0,ema_restore,A-B-A,rotation,2,cifar100_s00_ema_restore_ABA_rotation_v2,0.5937,0.588,0.005700000000000038,0.5874,0.5878,0.006299999999999972,0.0005999999999999339,0.251,2.0277595558166506,0.09094496891871094,44.50844429999961,2.0310584548153456,1.5537044141865983,0.0015046878988984264,0.027460860088467598,sha256:6f01f6641a5a1e0215240c134479a466b6210925f0413bc0a409e898385b6d4e
cifar100,0,ema_restore,A-B-C-A,blur,1,cifar100_s00_ema_restore_ABCA_blur_v1,0.5937,0.588,0.005700000000000038,0.5885,0.5882,0.005199999999999982,-0.000500000000000056,0.42235,1.7839941720962524,0.09094496891871094,63.58047859999988,1.7894951731343813,1.5163155484803115,0.0014548027656583376,0.03610388934612274,sha256:c529337679f03e4ceef18a61be67076d413c6d1859b810b141011461c12b7c02
cifar100,0,ema_restore,A-B-C-A,blur,2,cifar100_s00_ema_restore_ABCA_blur_v2,0.5937,0.588,0.005700000000000038,0.5886,0.5886,0.005099999999999993,-0.0006000000000000449,0.3649,1.9338288230895997,0.09094496891871094,63.98065200000019,1.938466346716579,1.57439378620703,0.0015096034437618395,0.03606550768017769,sha256:ecf7f477aba7dee147d8ee13d5688d50451aeb6213f187a9be3dd4215c383425
cifar100,0,ema_restore,A-B-C-A,brightness,1,cifar100_s00_ema_restore_ABCA_brightness_v1,0.5937,0.588,0.005700000000000038,0.5888,0.589,0.0049000000000000155,-0.0008000000000000229,0.47575,1.6114347249984742,0.09094496891871094,61.351813199999924,1.6182916202122652,1.4071869963332067,0.0013588532868808111,0.033397454768419266,sha256:cadba8b1fa0ac9516e650fe8109e0288b0f01a2e7fa89b596d366d6881bbde38
cifar100,0,ema_restore,A-B-C-A,brightness,2,cifar100_s00_ema_restore_ABCA_brightness_v2,0.5937,0.588,0.005700000000000038,0.5883,0.5888,0.00539999999999996,-0.000300000000000078,0.45385,1.6490115852355958,0.09094496891871094,61.771363700000165,1.6557533816446233,1.415342542189586,0.0013685045591437647,0.03243160620331764,sha256:d55f0abccb5e28c89ebe788e1e37930c3ed4cdeafd78067be176e364cd7e042c
cifar100,0,ema_restore,A-B-C-A,contrast,1,cifar100_s00_ema_restore_ABCA_contrast_v1,0.5937,0.588,0.005700000000000038,0.5888,0.5888,0.0049000000000000155,-0.0008000000000000229,0.47455,1.6069090381622315,0.09094496891871094,54.95203470000024,1.6139557572859753,1.4125826479513435,0.0013646853474687927,0.033263128250837326,sha256:f639ca0c16322994daf33cef4baa1339a726f1fe5874a184f7581ef5201bc4c0
cifar100,0,ema_restore,A-B-C-A,contrast,2,cifar100_s00_ema_restore_ABCA_contrast_v2,0.5937,0.588,0.005700000000000038,0.5889,0.5888,0.0048000000000000265,-0.0009000000000000119,0.4548,1.6366156873703004,0.09094496891871094,47.092146700000285,1.6440251605420173,1.4295729089386855,0.0013838291110742035,0.0320686474442482,sha256:016aa9f23b6bd528ecfc21020daf2c62c55f922625476bd15263f134516d83b3
cifar100,0,ema_restore,A-B-C-A,noise,1,cifar100_s00_ema_restore_ABCA_noise_v1,0.5937,0.588,0.005700000000000038,0.5886,0.589,0.005099999999999993,-0.0006000000000000449,0.3998,1.8521263885498047,0.09094496891871094,53.698864100000264,1.8583812977694258,1.5645075923279872,0.0015047603114390204,0.036293379962444305,sha256:45ff9af42a2a9b81f0f5db06ee53d657386308d15ac260646d2454beb2bea3d4
cifar100,0,ema_restore,A-B-C-A,noise,2,cifar100_s00_ema_restore_ABCA_noise_v2,0.5937,0.588,0.005700000000000038,0.5886,0.5889,0.005099999999999993,-0.0006000000000000449,0.31175,2.086950152015686,0.09094496891871094,51.330533899999864,2.093280000022695,1.6503582015822205,0.0015880321734584868,0.03677287697792053,sha256:9c6e98bcf486e125552b29be206d6207e2b148992522b5915312532eb772a5b8
cifar100,0,ema_restore,A-B-C-A,rotation,1,cifar100_s00_ema_restore_ABCA_rotation_v1,0.5937,0.588,0.005700000000000038,0.5888,0.5887,0.0049000000000000155,-0.0008000000000000229,0.29045,1.9862001440048218,0.09094496891871094,56.684935700000096,1.9897259126735638,1.5345720618585996,0.0014784031568236555,0.03536404296755791,sha256:211ca2ba074807015588c205b671f9305fa4a091e7ea2e0cd42752b5f271cec7
cifar100,0,ema_restore,A-B-C-A,rotation,2,cifar100_s00_ema_restore_ABCA_rotation_v2,0.5937,0.588,0.005700000000000038,0.5881,0.5884,0.005600000000000049,-9.999999999998899e-05,0.29405,1.972195976638794,0.09094496891871094,46.17452009999988,1.977155491521087,1.5327168944515759,0.0014790408924823227,0.034390006214380264,sha256:0ccd590437d678bc315dec720f8cb7bfa50995973466a1e534013f5f1f385b75
cifar100,0,periodic_reset,A-B-A,blur,1,cifar100_s00_periodic_reset_ABA_blur_v1,0.5937,0.588,0.005700000000000038,0.5883,0.5879,0.00539999999999996,-0.000300000000000078,0.478,1.6898559242248534,0.09094496891871094,40.164072399999895,1.6943831730492507,1.5186880178089384,0.0019581459677789972,0.006465379148721695,sha256:b0a092d1e4f5d76565c1a7500b619c9abeae055668d7b7d230cbbce9f5fd1c0b
cifar100,0,periodic_reset,A-B-A,blur,2,cifar100_s00_periodic_reset_ABA_blur_v2,0.5937,0.588,0.005700000000000038,0.5882,0.5882,0.00550000000000006,-0.00019999999999997797,0.3901,1.9629703746795655,0.09094496891871094,34.29755530000011,1.965832400925552,1.6466013374207895,0.0021585371342334376,0.007363203912973404,sha256:ed2c4a3145e540702883c8a26e745f2f70a95cb6f08929854565a5345d80fe4a
cifar100,0,periodic_reset,A-B-A,brightness,1,cifar100_s00_periodic_reset_ABA_brightness_v1,0.5937,0.588,0.005700000000000038,0.5878,0.5879,0.005900000000000016,0.00019999999999997797,0.585,1.3382948724746704,0.09094496891871094,39.797804599999836,1.3454295985306366,1.2958402905283095,0.0016036702885846548,0.005640186369419098,sha256:93d662f96b9921db6412fc0ce58c111ac6ffdb5486302a4cc3c16e2bcfd036aa
cifar100,0,periodic_reset,A-B-A,brightness,2,cifar100_s00_periodic_reset_ABA_brightness_v2,0.5937,0.588,0.005700000000000038,0.588,0.5878,0.005700000000000038,0.0,0.5707,1.3835966609954835,0.09094496891871094,30.558445699999993,1.3904785204537307,1.3207832921909382,0.001636598310786995,0.005723948590457439,sha256:8e9272625b6a495899aea64919f68e2ad57f2276b0f2ab913c3e8d1662311807
cifar100,0,periodic_reset,A-B-A,contrast,1,cifar100_s00_periodic_reset_ABA_contrast_v1,0.5937,0.588,0.005700000000000038,0.5879,0.5876,0.005800000000000027,9.999999999998899e-05,0.5835,1.3291135070800781,0.09094496891871094,40.98689569999988,1.3366517628295511,1.3065593589710285,0.0016163104269771448,0.005980012938380241,sha256:248424aa3e0d1aa3194e5634003243d174b3506f6362f9338d890e4d7e9cfb94
cifar100,0,periodic_reset,A-B-A,contrast,2,cifar100_s00_periodic_reset_ABA_contrast_v2,0.5937,0.588,0.005700000000000038,0.5879,0.5879,0.005800000000000027,9.999999999998899e-05,0.5719,1.3584748027801514,0.09094496891871094,44.95871880000004,1.3667473793029785,1.3493562408640414,0.0016666835769303615,0.006161959376186132,sha256:636349cfb9fbc50c0e9cb7a6675b1258003e685f367bd33b81a5fc8cdd23614f
cifar100,0,periodic_reset,A-B-A,noise,1,cifar100_s00_periodic_reset_ABA_noise_v1,0.5937,0.588,0.005700000000000038,0.588,0.5883,0.005700000000000038,0.0,0.4327,1.8256802452087402,0.09094496891871094,43.450300499999685,1.8316259565232675,1.6151067365573932,0.0020491892863890226,0.006829306948930025,sha256:ad11bb0f748fac7d6c96ea62fc891650cdec6970e342111004018899a2101141
cifar100,0,periodic_reset,A-B-A,noise,2,cifar100_s00_periodic_reset_ABA_noise_v2,0.5937,0.588,0.005700000000000038,0.588,0.5879,0.005700000000000038,0.0,0.2846,2.2686172119140626,0.09094496891871094,45.27162820000012,2.27466470078577,1.7944217014916335,0.0022939475654046746,0.007023165002465248,sha256:e76916d773bd97b1f76995b9fa21b65460d48cedef36f3caf63e9f4ff676ba74
cifar100,0,periodic_reset,A-B-A,rotation,1,cifar100_s00_periodic_reset_ABA_rotation_v1,0.5937,0.588,0.005700000000000038,0.5884,0.5882,0.005299999999999971,-0.00040000000000006697,0.2142,2.091954486465454,0.09094496891871094,37.38042349999978,2.09252259852011,1.5513095569007005,0.0019650444656586913,0.006525589153170586,sha256:818dbbb1d37c9c608ee60b3091a172bfd1f3ff31da39199ac27bb79b1f2f92f6
cifar100,0,periodic_reset,A-B-A,rotation,2,cifar100_s00_periodic_reset_ABA_rotation_v2,0.5937,0.588,0.005700000000000038,0.5881,0.5879,0.005600000000000049,-9.999999999998899e-05,0.2509,2.03357819480896,0.09094496891871094,43.64680439999984,2.036998724635643,1.5562762912315657,0.0019594276975250886,0.0065808724611997604,sha256:326ffd57703bc0ec7ee92b82f56105ad16a33c482d1eb1eebe9f9b90594e28f3
cifar100,0,periodic_reset,A-B-C-A,blur,1,cifar100_s00_periodic_reset_ABCA_blur_v1,0.5937,0.588,0.005700000000000038,0.588,0.588,0.005700000000000038,0.0,0.4215,1.7937923295974731,0.09094496891871094,53.60973620000004,1.7993785452239122,1.5218833224682868,0.0019702581310043514,0.005561246536672115,sha256:fdaa896cb8532dbb1e808a96a72e1e93253087a59b23522ac915d6ac9b63c515
cifar100,0,periodic_reset,A-B-C-A,blur,2,cifar100_s00_periodic_reset_ABCA_blur_v2,0.5937,0.588,0.005700000000000038,0.5881,0.588,0.005600000000000049,-9.999999999998899e-05,0.3634,1.9450317041397094,0.09094496891871094,45.98324509999975,1.9497836134101771,1.581699403780925,0.002068847750867658,0.00542882876470685,sha256:b876e57805403853236bd4673e96b0ff48bd2bb350a6fafe76585f5d7dacbc8f
cifar100,0,periodic_reset,A-B-C-A,brightness,1,cifar100_s00_periodic_reset_ABCA_brightness_v1,0.5937,0.588,0.005700000000000038,0.588,0.588,0.005700000000000038,0.0,0.475,1.6180124133110045,0.09094496891871094,54.3169726000001,1.6249023608014554,1.4104648647429068,0.0017877975522976699,0.005561246536672115,sha256:c1be8be4a628473c698618ce969387ef2cc3ef55faadeb9a2d695ab833c5f4fb
cifar100,0,periodic_reset,A-B-C-A,brightness,2,cifar100_s00_periodic_reset_ABCA_brightness_v2,0.5937,0.588,0.005700000000000038,0.5881,0.588,0.005600000000000049,-9.999999999998899e-05,0.4537,1.655346390724182,0.09094496891871094,51.5147222999999,1.6621081995058664,1.4187823368024222,0.0017975033054576266,0.00542882876470685,sha256:2044b17a93cfaa82742a1dd3c1235bbb68be6360f103f90bd5e5dff4f5f7f083
cifar100,0,periodic_reset,A-B-C-A,contrast,1,cifar100_s00_periodic_reset_ABCA_contrast_v1,0.5937,0.588,0.005700000000000038,0.588,0.588,0.005700000000000038,0.0,0.47425,1.6134230756759644,0.09094496891871094,59.88903140000002,1.620514773115327,1.4158276462856727,0.0017962684225632892,0.005561246536672115,sha256:cd93d3ffcb91b1b9fa02d70210a1d9e73cef1c2cd2f3337696e91ff0c6259df5
cifar100,0,periodic_reset,A-B-C-A,contrast,2,cifar100_s00_periodic_reset_ABCA_contrast_v2,0.5937,0.588,0.005700000000000038,0.5881,0.588,0.005600000000000049,-9.999999999998899e-05,0.45435,1.642786163520813,0.09094496891871094,60.13704659999985,1.6502433230605307,1.4330772153938873,0.0018153181586921497,0.00542882876470685,sha256:99d7788b82dee0a28373f2dab2840378b814efe24ff75b856b678726bae1563e
cifar100,0,periodic_reset,A-B-C-A,noise,1,cifar100_s00_periodic_reset_ABCA_noise_v1,0.5937,0.588,0.005700000000000038,0.588,0.588,0.005700000000000038,0.0,0.39885,1.8617063760757446,0.09094496891871094,57.84405130000005,1.8680018020581595,1.5700900222681746,0.0020180831308170117,0.005561246536672115,sha256:1233ce5967cadd749fb955ed845efd2d46c428cbfcdd494744d33ad04ec4ca05
cifar100,0,periodic_reset,A-B-C-A,noise,2,cifar100_s00_periodic_reset_ABCA_noise_v2,0.5937,0.588,0.005700000000000038,0.5881,0.588,0.005600000000000049,-9.999999999998899e-05,0.31065,2.0978550647735594,0.09094496891871094,57.01147149999997,2.104199705999109,1.6555997819840154,0.00213440082145006,0.00542882876470685,sha256:d7f61f2d2526c0baafbc2b23a108e20578beb63f901b8915914b1fe96a94e22b
cifar100,0,periodic_reset,A-B-C-A,rotation,1,cifar100_s00_periodic_reset_ABCA_rotation_v1,0.5937,0.588,0.005700000000000038,0.588,0.588,0.005700000000000038,0.0,0.2896,1.9948399459838868,0.09094496891871094,53.030188499999895,1.9984466116639632,1.5382011977932122,0.001974088455921723,0.005561246536672115,sha256:257c7ac5adbd531e411e7d825639e84951e0046bd11a611ff2f97abee291b6dd
cifar100,0,periodic_reset,A-B-C-A,rotation,2,cifar100_s00_periodic_reset_ABCA_rotation_v2,0.5937,0.588,0.005700000000000038,0.5881,0.588,0.005600000000000049,-9.999999999998899e-05,0.2938,1.980334097480774,0.09094496891871094,47.566983100000016,1.9853652753407443,1.5365250767031802,0.0019643415676288403,0.00542882876470685,sha256:9909343f11269c852470dd3370150c07ca8f95dd3dc293cf104d71033c4b9210
cifar100,0,source,A-B-A,blur,1,cifar100_s00_source_ABA_blur_v1,0.5937,0.5937,0.0,0.5937,0.5937,0.0,0.0,0.32,2.2276681995391847,0.09094496891871094,3.950638799999979,2.230110962179643,0.0,0.0,0.0,sha256:a0ce2310407d15bed51eed0de84be94cd5720b2bef9c760524052b1e52b3f741
cifar100,0,source,A-B-A,blur,2,cifar100_s00_source_ABA_blur_v2,0.5937,0.5937,0.0,0.5937,0.5937,0.0,0.0,0.1764,2.4171873191833497,0.09094496891871094,14.843687400000135,2.4143662241440786,0.0,0.0,0.0,sha256:7ea104a4b99a8bdc70f73148c64e4c988f8d73462cf3a2478865705a87c2c4c8
cifar100,0,source,A-B-A,brightness,1,cifar100_s00_source_ABA_brightness_v1,0.5937,0.5937,0.0,0.5937,0.5937,0.0,0.0,0.5805,1.6111747314453124,0.09094496891871094,14.376493700000083,1.6125416997112805,0.0,0.0,0.0,sha256:fe035fcb51ba8f49a1a44fe9d2a273c602059c54942a2caecfcaeac020672ef2
cifar100,0,source,A-B-A,brightness,2,cifar100_s00_source_ABA_brightness_v2,0.5937,0.5937,0.0,0.5937,0.5937,0.0,0.0,0.5364,1.8279205318450928,0.09094496891871094,12.836660900000197,1.8319734666920915,0.0,0.0,0.0,sha256:aee717d06ab1fbe9d0a25b35cda4ebc4892be544989387a206b473cdae5ff1dc
cifar100,0,source,A-B-A,contrast,1,cifar100_s00_source_ABA_contrast_v1,0.5937,0.5937,0.0,0.5937,0.5937,0.0,0.0,0.5802,1.572375220298767,0.09094496891871094,13.08304679999992,1.5758580075034612,0.0,0.0,0.0,sha256:8e7047226c0d5b73e02933e44222547fc562a25b25001c4606b425f1aff0708d
cifar100,0,source,A-B-A,contrast,2,cifar100_s00_source_ABA_contrast_v2,0.5937,0.5937,0.0,0.5937,0.5937,0.0,0.0,0.492,1.8124338943481446,0.09094496891871094,12.640982399999984,1.8189232575742504,0.0,0.0,0.0,sha256:dc7e9af9bd9130a6e4fdd17e740dc3dc3e51511c899b8f77fadd557ede03a38b
cifar100,0,source,A-B-A,noise,1,cifar100_s00_source_ABA_noise_v1,0.5937,0.5937,0.0,0.5937,0.5937,0.0,0.0,0.2824,2.2525230346679685,0.09094496891871094,18.73881389999997,2.251333556597746,0.0,0.0,0.0,sha256:0639dd169a95dc5298ae4ddad27300920dd8f6dfbd9b3d7a9d33f48983731cec
cifar100,0,source,A-B-A,noise,2,cifar100_s00_source_ABA_noise_v2,0.5937,0.5937,0.0,0.5937,0.5937,0.0,0.0,0.0976,2.365166472625732,0.09094496891871094,17.233782699999892,2.3653118459484244,0.0,0.0,0.0,sha256:9c60e93dc71f611d1d139323aa992ea771b35ad97afa0ebcdf69d5a9415d03c8
cifar100,0,source,A-B-A,rotation,1,cifar100_s00_source_ABA_rotation_v1,0.5937,0.5937,0.0,0.5937,0.5937,0.0,0.0,0.2165,2.5328895347595215,0.09094496891871094,14.881562999999915,2.5310986283459243,0.0,0.0,0.0,sha256:3d8f7f28a79dc02c0e50317b04e954cb131bf2dd5f25d87fe51fcc01a9c41fa5
cifar100,0,source,A-B-A,rotation,2,cifar100_s00_source_ABA_rotation_v2,0.5937,0.5937,0.0,0.5937,0.5937,0.0,0.0,0.2513,2.443896890258789,0.09094496891871094,14.798973800000113,2.442499703998807,0.0,0.0,0.0,sha256:ce02f65446f5a2bb6d7e939ffdea01dc313e5c3c59b4061d9b88eab7ac177b9f
cifar100,0,source,A-B-C-A,blur,1,cifar100_s00_source_ABCA_blur_v1,0.5937,0.5937,0.0,0.5937,0.5937,0.0,0.0,0.31945,2.2729595796585085,0.09094496891871094,21.822786699999824,2.2741935660567463,0.0,0.0,0.0,sha256:95e6210184171eb10a219dbb672568b00b226df75ea6b590e5cf61565c4002f6
cifar100,0,source,A-B-C-A,blur,2,cifar100_s00_source_ABCA_blur_v2,0.5937,0.5937,0.0,0.5937,0.5937,0.0,0.0,0.2428,2.342330568122864,0.09094496891871094,21.06011139999987,2.3427063996278785,0.0,0.0,0.0,sha256:685f70ade7b93344051cd5b439eb65e2e5cf31c6cb02df3e3e3efffd7034f479
cifar100,0,source,A-B-C-A,brightness,1,cifar100_s00_source_ABCA_brightness_v1,0.5937,0.5937,0.0,0.5937,0.5937,0.0,0.0,0.4497,1.9647128456115723,0.09094496891871094,23.88465139999994,1.9654089348225654,0.0,0.0,0.0,sha256:5cacd58825a2c1373bfd3288f25fbb26377a5e1066854291d459594813e06e22
cifar100,0,source,A-B-C-A,brightness,2,cifar100_s00_source_ABCA_brightness_v2,0.5937,0.5937,0.0,0.5937,0.5937,0.0,0.0,0.4228,2.0476971744537353,0.09094496891871094,23.631025099999988,2.051510020901885,0.0,0.0,0.0,sha256:b3f296d6cb8ac2307c93dd662efc6b5875eb57ec7d5583885fe2c898e5aad151
cifar100,0,source,A-B-C-A,contrast,1,cifar100_s00_source_ABCA_contrast_v1,0.5937,0.5937,0.0,0.5937,0.5937,0.0,0.0,0.44955,1.9453130900382996,0.09094496891871094,15.700427900000022,1.9470670887186556,0.0,0.0,0.0,sha256:a1c901bdf7c00871dd438e355cafe2325adc62c589bb789ef8fd4720d01a7a30
cifar100,0,source,A-B-C-A,contrast,2,cifar100_s00_source_ABCA_contrast_v2,0.5937,0.5937,0.0,0.5937,0.5937,0.0,0.0,0.4006,2.0399538557052614,0.09094496891871094,24.149154400000043,2.0449849163429645,0.0,0.0,0.0,sha256:0bf85f3702764eebceaeeb4c6e28b292934e39d547db0a9dd3094f1bb6ddc9e0
cifar100,0,source,A-B-C-A,noise,1,cifar100_s00_source_ABCA_noise_v1,0.5937,0.5937,0.0,0.5937,0.5937,0.0,0.0,0.30065,2.2853869972229,0.09094496891871094,5.893029200000001,2.2848048632657982,0.0,0.0,0.0,sha256:8b467e23aeb54ac63b1ca3be0f3da267370e5d19358ff4d8c32b15a8db77d82a
cifar100,0,source,A-B-C-A,noise,2,cifar100_s00_source_ABCA_noise_v2,0.5937,0.5937,0.0,0.5937,0.5937,0.0,0.0,0.2034,2.316320144844055,0.09094496891871094,24.718334700000014,2.318179210530052,0.0,0.0,0.0,sha256:f9746370504806432cd63b9cb2abd461a00c1387f1f35470e62263192a9c74ea
cifar100,0,source,A-B-C-A,rotation,1,cifar100_s00_source_ABCA_rotation_v1,0.5937,0.5937,0.0,0.5937,0.5937,0.0,0.0,0.2677,2.4255702472686766,0.09094496891871094,19.119995300000028,2.424687399139887,0.0,0.0,0.0,sha256:70eb7bcbf70ad7652680b49f7aef3dd5567de0027768475079e7c65a0e24b015
cifar100,0,source,A-B-C-A,rotation,2,cifar100_s00_source_ABCA_rotation_v2,0.5937,0.5937,0.0,0.5937,0.5937,0.0,0.0,0.28025,2.3556853536605833,0.09094496891871094,12.95483339999987,2.356773139555243,0.0,0.0,0.0,sha256:8b255182871184797fbd22831a16121e2abfa451199c5f308e94aa736564bbff
cifar100,0,tent,A-B-A,blur,1,cifar100_s00_tent_ABA_blur_v1,0.5937,0.588,0.005700000000000038,0.588,0.5883,0.005700000000000038,0.0,0.4792,1.6787759231567383,0.09094496891871094,56.294321299999865,1.6831207064133655,1.5111867672280421,0.0015111868328686001,0.046003904193639755,sha256:50f7bf0be7d93c59c1004de16d6a4be40d82d28fbea07840eb5953f11a9ce0ef
cifar100,0,tent,A-B-A,blur,2,cifar100_s00_tent_ABA_blur_v2,0.5937,0.588,0.005700000000000038,0.5879,0.588,0.005800000000000027,9.999999999998899e-05,0.3925,1.946695188522339,0.09094496891871094,47.47010720000003,1.9492629419399212,1.6355954438825198,0.001635596228327272,0.05527126044034958,sha256:ecd1f13d0621fd97c04e7d091095fb4daece6edd77bc1b8b5c2e03220fe11cc9
cifar100,0,tent,A-B-A,brightness,1,cifar100_s00_tent_ABA_brightness_v1,0.5937,0.588,0.005700000000000038,0.5883,0.5885,0.00539999999999996,-0.000300000000000078,0.585,1.334278360557556,0.09094496891871094,53.799841600000036,1.3413808843757533,1.2926672998862931,0.0012926673030339275,0.02891923487186432,sha256:ca846cfbcd5a2b2fc3d23d9fd858d69d073f89613d24b3d60202c760040ead1e
cifar100,0,tent,A-B-A,brightness,2,cifar100_s00_tent_ABA_brightness_v2,0.5937,0.588,0.005700000000000038,0.5882,0.5885,0.00550000000000006,-0.00019999999999997797,0.5704,1.379455184173584,0.09094496891871094,28.992856999999958,1.3863042608092102,1.3173705837394618,0.0013173702128726659,0.02939729392528534,sha256:8d4f3a2d930e3fe4cfe0ef98e4b53180b9c11a547f887ae09a52d8bb55586f0b
cifar100,0,tent,A-B-A,contrast,1,cifar100_s00_tent_ABA_contrast_v1,0.5937,0.588,0.005700000000000038,0.5882,0.5883,0.00550000000000006,-0.00019999999999997797,0.583,1.3251117790222169,0.09094496891871094,56.898514200000136,1.3325869176961198,1.3032461963122404,0.0013032447520195496,0.02902531623840332,sha256:0beb459c555dffbc6d9d028ff79b76949278a5407c49a6f25a9f6c21b4f640fa
cifar100,0,tent,A-B-A,contrast,2,cifar100_s00_tent_ABA_contrast_v2,0.5937,0.588,0.005700000000000038,0.5883,0.588,0.00539999999999996,-0.000300000000000078,0.5718,1.35430477104187,0.09094496891871094,56.708163700000114,1.3624595675287368,1.346311711057832,0.0013463118915222113,0.029813289642333984,sha256:9f78dc33f03214e053f6481579afb99d4a6a3f520ddf57cf4c7140e5117250d7
cifar100,0,tent,A-B-A,noise,1,cifar100_s00_tent_ABA_noise_v1,0.5937,0.588,0.005700000000000038,0.5886,0.5882,0.005099999999999993,-0.0006000000000000449,0.4336,1.8157715488433839,0.09094496891871094,53.53298110000014,1.8216401911989044,1.60782791089408,0.0016078278392883418,0.043936412781476974,sha256:4456723bc702dfbcc4998a832131b780a2ffd46a8d3ec5d045eaa4eaa28352cf
cifar100,0,tent,A-B-A,noise,2,cifar100_s00_tent_ABA_noise_v2,0.5937,0.588,0.005700000000000038,0.5885,0.5885,0.005199999999999982,-0.000500000000000056,0.2858,2.255096551513672,0.09094496891871094,53.66561839999986,2.261132943479321,1.78981938543199,0.0017898187713249576,0.050961412489414215,sha256:45052673337db13737e7abeccf1273dc782be5d416e598fcc67760fad5025113
cifar100,0,tent,A-B-A,rotation,1,cifar100_s00_tent_ABA_rotation_v1,0.5937,0.588,0.005700000000000038,0.5882,0.5887,0.00550000000000006,-0.00019999999999997797,0.2151,2.0837574722290038,0.09094496891871094,57.1530287999999,2.0841426245773893,1.5480510645274874,0.0015480520522009723,0.04055769369006157,sha256:9547d392021895805d58ad6c926bf99b9bf6690d08628c27907c3c570ad03a1b
cifar100,0,tent,A-B-A,rotation,2,cifar100_s00_tent_ABA_rotation_v2,0.5937,0.588,0.005700000000000038,0.5876,0.588,0.006099999999999994,0.00039999999999995595,0.2514,2.025944605255127,0.09094496891871094,56.54091430000017,2.0291720900354506,1.553270723246321,0.0015532701685906777,0.03940418362617493,sha256:e45dd0ffeb986e8fda3552db2c965cd0f4fe06ea7e0e8be29d99331568afda94
cifar100,0,tent,A-B-C-A,blur,1,cifar100_s00_tent_ABCA_blur_v1,0.5937,0.588,0.005700000000000038,0.5878,0.5884,0.005900000000000016,0.00019999999999997797,0.42245,1.7790827770233155,0.09094496891871094,43.3278992999999,1.7844889141336273,1.5130268456060676,0.001513026994387796,0.07262835651636124,sha256:566ac4ae61f27e6cc9d8a4c8b28ddefe98feab7f0cf392201a96f0855551bee4
cifar100,0,tent,A-B-C-A,blur,2,cifar100_s00_tent_ABCA_blur_v2,0.5937,0.588,0.005700000000000038,0.5879,0.5881,0.005800000000000027,9.999999999998899e-05,0.3644,1.9286232957839966,0.09094496891871094,60.71609629999989,1.9331260640409929,1.5715759683258925,0.0015715765295243715,0.07703423500061035,sha256:97646e9ce526d34c422db56df322a55c7d851675d05eec14b7194bbd54acfaba
cifar100,0,tent,A-B-C-A,brightness,1,cifar100_s00_tent_ABCA_brightness_v1,0.5937,0.588,0.005700000000000038,0.5888,0.5888,0.0049000000000000155,-0.0008000000000000229,0.47575,1.607804032611847,0.09094496891871094,51.820261099999925,1.6146138544324078,1.405101356627066,0.001405101542101725,0.060956768691539764,sha256:b9516fe8f8f778f208ef246f50243c82ad8e057e2e2652bad019dc624ac22216
cifar100,0,tent,A-B-C-A,brightness,2,cifar100_s00_tent_ABCA_brightness_v2,0.5937,0.588,0.005700000000000038,0.5895,0.5888,0.0041999999999999815,-0.0015000000000000568,0.4538,1.6454712898254396,0.09094496891871094,66.9563639999999,1.6521643837795983,1.4133019907565056,0.0014133020672546345,0.06012224406003952,sha256:7dafc7c966bc097f84f2ec6973ace6516028a3240b333b6532085d04732a7c07
cifar100,0,tent,A-B-C-A,contrast,1,cifar100_s00_tent_ABCA_contrast_v1,0.5937,0.588,0.005700000000000038,0.5888,0.589,0.0049000000000000155,-0.0008000000000000229,0.4747,1.6033453735351562,0.09094496891871094,63.22521789999996,1.6103394635115997,1.4104623123060298,0.0014104615871888832,0.060699351131916046,sha256:3a052813e3056f5023f7e471d265e7a47c83104e9ccdfe6b7cace0f70940e3c3
cifar100,0,tent,A-B-C-A,contrast,2,cifar100_s00_tent_ABCA_contrast_v2,0.5937,0.588,0.005700000000000038,0.5891,0.5887,0.0046000000000000485,-0.0010999999999999899,0.4549,1.6332742282867432,0.09094496891871094,62.761007800000016,1.6406284223628949,1.4279586182364934,0.0014279590097338527,0.05933082476258278,sha256:d9622b4f5930a89c930d392d9ff2c8be81d4ebc3c97ad7cd5dd7081a2c257036
cifar100,0,tent,A-B-C-A,noise,1,cifar100_s00_tent_ABCA_noise_v1,0.5937,0.588,0.005700000000000038,0.5889,0.5888,0.0048000000000000265,-0.0009000000000000119,0.40025,1.8469949699401855,0.09094496891871094,63.234810599999946,1.8531870638267904,1.5610187996791889,0.0015610192741762517,0.0726723000407219,sha256:847e774a0044d758bf377277622fdf1cf3411df463f5a1a07f78954d0f26f57f
cifar100,0,tent,A-B-C-A,noise,2,cifar100_s00_tent_ABCA_noise_v2,0.5937,0.588,0.005700000000000038,0.5891,0.5885,0.0046000000000000485,-0.0010999999999999899,0.312,2.081320636558533,0.09094496891871094,60.697383200000104,2.087579288060152,1.647023216078553,0.0016470227524626388,0.07712937891483307,sha256:403ebb5f9e8f99e24718e5b4c4619f9612441617313252bbb378e4d667a2887c
cifar100,0,tent,A-B-C-A,rotation,1,cifar100_s00_tent_ABCA_rotation_v1,0.5937,0.588,0.005700000000000038,0.5885,0.5891,0.005199999999999982,-0.000500000000000056,0.2906,1.9816186113357543,0.09094496891871094,61.86084329999994,1.985064200962646,1.5320732895332048,0.0015320735158328015,0.06923805177211761,sha256:ae700ca2844fe9071d221b5e62b8a9028cefb527d082e70b601f07270c3038dd
cifar100,0,tent,A-B-C-A,rotation,2,cifar100_s00_tent_ABCA_rotation_v2,0.5937,0.588,0.005700000000000038,0.589,0.5887,0.0047000000000000375,-0.0010000000000000009,0.29445,1.9677728015899658,0.09094496891871094,62.254290399999945,1.9726512997965269,1.5306966493401346,0.0015306960801664692,0.06771613657474518,sha256:5c793d2affc1c3e89b5de460f0214c5f6b5cd4ddfeb07837ac4bfc845ada6aa5
cifar100,1,anchor,A-B-A,blur,1,cifar100_s01_anchor_ABA_blur_v1,0.6036,0.595,0.008600000000000052,0.5951,0.5955,0.008500000000000063,-9.999999999998899e-05,0.4924,1.6587814804077148,0.09156690962910652,19.559662600000138,1.6640606816810897,1.4984205146379108,0.0014984202969088396,0.04347020760178566,sha256:af5cfbd1db4a26e041f7da14c1f346c20d9687ced631594590dd03659e84f873
cifar100,1,anchor,A-B-A,blur,2,cifar100_s01_anchor_ABA_blur_v2,0.6036,0.595,0.008600000000000052,0.5954,0.5959,0.008199999999999985,-0.00040000000000006697,0.4169,1.8829955055236816,0.09156690962910652,57.03916860000027,1.8890904233425478,1.5965136108519156,0.0015965136109933823,0.05030719190835953,sha256:c21e36b310f3823189eec0658ffa52be51793cab9cc18d35e6f30664be2ab0ae
cifar100,1,anchor,A-B-A,brightness,1,cifar100_s01_anchor_ABA_brightness_v1,0.6036,0.595,0.008600000000000052,0.5947,0.5946,0.008900000000000019,0.00029999999999996696,0.5908,1.329221900177002,0.09156690962910652,27.612936999999874,1.330495466159869,1.298154678525804,0.001298155082990946,0.02877739444375038,sha256:ee7fdffe2a5d4506206252a2f83ae92bc33450a9c79a7f6361ba7359e2e08e4b
cifar100,1,anchor,A-B-A,brightness,2,cifar100_s01_anchor_ABA_brightness_v2,0.6036,0.595,0.008600000000000052,0.5947,0.5947,0.008900000000000019,0.00029999999999996696,0.5782,1.379560182952881,0.09156690962910652,47.569715200000246,1.3811101204232326,1.3270261151881158,0.0013270256834552634,0.029871774837374687,sha256:51c4de1896cc8554a3cc07a36657102d9fe882c4c5ac0520e9761d3ddf14fa49
cifar100,1,anchor,A-B-A,contrast,1,cifar100_s01_anchor_ABA_contrast_v1,0.6036,0.595,0.008600000000000052,0.5949,0.5947,0.008700000000000041,9.999999999998899e-05,0.5927,1.3180158851623536,0.09156690962910652,47.35709319999978,1.3197454530981523,1.3031945605821247,0.0013031951988799661,0.028487933799624443,sha256:60a0cf5d5f7e88976f287212b826bbba20deb12688e167eb23448fd0f064a2af
cifar100,1,anchor,A-B-A,contrast,2,cifar100_s01_anchor_ABA_contrast_v2,0.6036,0.595,0.008600000000000052,0.5944,0.5944,0.009199999999999986,0.0005999999999999339,0.5782,1.3479542449951172,0.09156690962910652,47.06996819999995,1.350888240186474,1.345095620879644,0.0013450962503122378,0.02933337353169918,sha256:6c698b1b49c16be56aaaa469d4beef1fcb8cdcb68b709d2282fdb461a8ebefd9
cifar100,1,anchor,A-B-A,noise,1,cifar100_s01_anchor_ABA_noise_v1,0.6036,0.595,0.008600000000000052,0.5953,0.5961,0.008299999999999974,-0.000300000000000078,0.4405,1.8332201847076417,0.09156690962910652,54.372809399999824,1.8368638346466837,1.6230255184294302,0.0016230261144876668,0.04561007022857666,sha256:da1100b5fb6220cdd122fcf0a6d93e51d3046ec39a33d7ab9f116835b1529fb9
cifar100,1,anchor,A-B-A,noise,2,cifar100_s01_anchor_ABA_noise_v2,0.6036,0.595,0.008600000000000052,0.595,0.5958,0.008600000000000052,0.0,0.2899,2.2681416526794433,0.09156690962910652,47.282110600000124,2.272187673592869,1.800926087777826,0.0018009267912446698,0.05168846249580383,sha256:338055b2ce78e3dfa19fd4e0826f811093db8d8156f2b4c81a09700080589847
cifar100,1,anchor,A-B-A,rotation,1,cifar100_s01_anchor_ABA_rotation_v1,0.6036,0.595,0.008600000000000052,0.5943,0.5946,0.009299999999999975,0.0006999999999999229,0.2169,2.0802719604492186,0.09156690962910652,55.968690400000014,2.084812862963616,1.5776106179515017,0.001577610071878173,0.041208431124687195,sha256:70edecc15ffcc64c6e65d1587519396140481ee129f5dc94a2c4b0b89ae90014
cifar100,1,anchor,A-B-A,rotation,2,cifar100_s01_anchor_ABA_rotation_v2,0.6036,0.595,0.008600000000000052,0.5944,0.5951,0.009199999999999986,0.0005999999999999339,0.2483,2.0266582000732423,0.09156690962910652,55.57955720000018,2.0268090359772306,1.5461005017727236,0.0015461005895292456,0.03919625282287598,sha256:5e1412127a0b405924b48bf95febb916a3ab9c7e4e9d0b948861f193ff3cb091
cifar100,1,anchor,A-B-C-A,blur,1,cifar100_s01_anchor_ABCA_blur_v1,0.6036,0.595,0.008600000000000052,0.5957,0.5958,0.007900000000000018,-0.0007000000000000339,0.428,1.7686162996292114,0.09156690962910652,68.93800150000061,1.7722642059567608,1.5190559135207646,0.0015190556332987698,0.0700453519821167,sha256:06435f7a34bb11d5e7099f335c33cdeb3f773e15ee4b0117dbbb6be388225d41
cifar100,1,anchor,A-B-C-A,blur,2,cifar100_s01_anchor_ABCA_blur_v2,0.6036,0.595,0.008600000000000052,0.5957,0.5961,0.007900000000000018,-0.0007000000000000339,0.3782,1.9137414066314697,0.09156690962910652,68.56005199999981,1.9196308489087262,1.5619203071051007,0.0015619200730955676,0.07356171309947968,sha256:004b39156940847e4bd2d1236294bd5f52b35425549259e96680a17e3db7c45a
cifar100,1,anchor,A-B-C-A,brightness,1,cifar100_s01_anchor_ABCA_brightness_v1,0.6036,0.595,0.008600000000000052,0.5947,0.5952,0.008900000000000019,0.00029999999999996696,0.4771,1.6045770147323608,0.09156690962910652,72.1140777999999,1.606249091745932,1.41957762346992,0.0014195780039918196,0.0602266900241375,sha256:a0eadea3fdbcc9978c374e6b31d42ec856de7e512b44e1c8a71039b32f0ba741
cifar100,1,anchor,A-B-C-A,brightness,2,cifar100_s01_anchor_ABCA_brightness_v2,0.6036,0.595,0.008600000000000052,0.5949,0.5948,0.008700000000000041,9.999999999998899e-05,0.45915,1.662842037963867,0.09156690962910652,71.94202700000005,1.666456409647495,1.4274082229107241,0.001427407628455777,0.05946106091141701,sha256:d4f3e8a2624dd9ccbbf5a33c276dd70fb88a2c0e2d14279ba3fb9db94120b693
cifar100,1,anchor,A-B-C-A,contrast,1,cifar100_s01_anchor_ABCA_contrast_v1,0.6036,0.595,0.008600000000000052,0.5947,0.5953,0.008900000000000019,0.00029999999999996696,0.4781,1.599076654434204,0.09156690962910652,65.15986560000056,1.6009767719461947,1.4219677931145778,0.0014219679029752747,0.05984121561050415,sha256:4659927739a4af840bbd6763cec5c710c67570db3d8148818a1126649112a2c6
cifar100,1,anchor,A-B-C-A,contrast,2,cifar100_s01_anchor_ABCA_contrast_v2,0.6036,0.595,0.008600000000000052,0.5949,0.5955,0.008700000000000041,9.999999999998899e-05,0.45905,1.6473695178985597,0.09156690962910652,36.827123899999606,1.65166036463991,1.4363816176788717,0.001436382118771678,0.05834886431694031,sha256:2cc5f1d71108c87b53ae644b44f64ca53191b49ac63ae2e3a1b105e28ecf0c76
cifar100,1,anchor,A-B-C-A,noise,1,cifar100_s01_anchor_ABCA_noise_v1,0.6036,0.595,0.008600000000000052,0.5949,0.5955,0.008700000000000041,9.999999999998899e-05,0.40195,1.8558352275848389,0.09156690962910652,48.359551000000465,1.8586567700663699,1.5805725130853774,0.001580572536781053,0.07147175818681717,sha256:43363e3889daaedbf5dfe2ac6a836508c0aed513f13c3772f5bcc67d1dcbbdf8
cifar100,1,anchor,A-B-C-A,noise,2,cifar100_s01_anchor_ABCA_noise_v2,0.6036,0.595,0.008600000000000052,0.5959,0.5961,0.00770000000000004,-0.0009000000000000119,0.3146,2.1054439775466918,0.09156690962910652,71.24955279999995,2.1103292801712135,1.6626641078840327,0.001662664127217818,0.07631742209196091,sha256:985af27ac52ac3000d81db841db7ad8af79d8f640ef874e61737207d6ce5ebcf
cifar100,1,anchor,A-B-C-A,rotation,1,cifar100_s01_anchor_ABCA_rotation_v1,0.6036,0.595,0.008600000000000052,0.5945,0.5952,0.009099999999999997,0.0004999999999999449,0.28995,1.979266331100464,0.09156690962910652,65.92578999999932,1.9825714736045161,1.5586950658242913,0.0015586947991300516,0.06883246451616287,sha256:dc471279ddf0292fd15a7b103cc8944acd94b3e51e038b1551678718e0a94869
cifar100,1,anchor,A-B-C-A,rotation,2,cifar100_s01_anchor_ABCA_rotation_v2,0.6036,0.595,0.008600000000000052,0.5941,0.5945,0.009500000000000064,0.0009000000000000119,0.2939,1.9855049173355102,0.09156690962910652,38.30889180000031,1.9884276450434817,1.5367222413232056,0.0015367219287937483,0.06672307848930359,sha256:e0171108a6b517449f0061071af76a1998af726213574c20ba50249571f4ffdd
cifar100,1,ema_restore,A-B-A,blur,1,cifar100_s01_ema_restore_ABA_blur_v1,0.6036,0.595,0.008600000000000052,0.5946,0.595,0.009000000000000008,0.00039999999999995595,0.4921,1.6611558975219727,0.09156690962910652,47.48982469999919,1.6664384286614913,1.500053277498559,0.00143944473253398,0.029973367229104042,sha256:40a639a03d94babeaf4d360a4cd7978e37eede3e7355fe863b5948827712a2ba
cifar100,1,ema_restore,A-B-A,blur,2,cifar100_s01_ema_restore_ABA_blur_v2,0.6036,0.595,0.008600000000000052,0.595,0.5949,0.008600000000000052,0.0,0.4162,1.8861885833740235,0.09156690962910652,44.3798840999998,1.8923167986205862,1.5983000601394266,0.0015240319167511374,0.03463813289999962,sha256:cfcbf43cd15dacde5d208cb1ad6d67b30468173aa8a05279730bbcd3d026d827
cifar100,1,ema_restore,A-B-A,brightness,1,cifar100_s01_ema_restore_ABA_brightness_v1,0.6036,0.595,0.008600000000000052,0.5947,0.5946,0.008900000000000019,0.00029999999999996696,0.5907,1.3301548162460328,0.09156690962910652,49.84493629999997,1.3314575107791755,1.2987927122961116,0.0012658952390539307,0.020118670538067818,sha256:13fc546a0424b05885667b3531f98ebbe44beef589f5fafab0411ad048e81e73
cifar100,1,ema_restore,A-B-A,brightness,2,cifar100_s01_ema_restore_ABA_brightness_v2,0.6036,0.595,0.008600000000000052,0.5949,0.5945,0.008700000000000041,9.999999999998899e-05,0.578,1.3805818599700928,0.09156690962910652,38.57895319999989,1.3821609819991678,1.3279111506063728,0.0012934038627751266,0.02085801586508751,sha256:1c54797f20866d474860276e5c1e2a36c760461b36dcc6eb9a7a89efddc1c9cc
cifar100,1,ema_restore,A-B-A,contrast,1,cifar100_s01_ema_restore_ABA_contrast_v1,0.6036,0.595,0.008600000000000052,0.5947,0.5947,0.008900000000000019,0.00029999999999996696,0.5928,1.3189279176712037,0.09156690962910652,45.89426860000003,1.3206815402719039,1.3038300562508498,0.001271468236500138,0.019912423565983772,sha256:3b9f9b51c67703e5022bf7e6cc4458b8f26580928153e08b57e86b0c4bbf8fab
cifar100,1,ema_restore,A-B-A,contrast,2,cifar100_s01_ema_restore_ABA_contrast_v2,0.6036,0.595,0.008600000000000052,0.5948,0.5946,0.00880000000000003,0.00019999999999997797,0.5784,1.3489232814788819,0.09156690962910652,50.200944600000184,1.3518797295002998,1.3458016854298265,0.0013125361859963477,0.02046315185725689,sha256:979420cc5a774d2f5cedddb86a2449e03241b6dc919d1217225d060f9cc7f315
cifar100,1,ema_restore,A-B-A,noise,1,cifar100_s01_ema_restore_ABA_noise_v1,0.6036,0.595,0.008600000000000052,0.595,0.5956,0.008600000000000052,0.0,0.4398,1.8357919227600097,0.09156690962910652,52.5955754000006,1.839492047889323,1.624400902398025,0.001563120556735917,0.031550854444503784,sha256:c276ee01f656484dbb3bbebe1fa8de8c6ac0f729963427bbbe76a5bdaaa12cfc
cifar100,1,ema_restore,A-B-A,noise,2,cifar100_s01_ema_restore_ABA_noise_v2,0.6036,0.595,0.008600000000000052,0.5957,0.5958,0.007900000000000018,-0.0007000000000000339,0.2885,2.27143876953125,0.09156690962910652,52.89338310000039,2.2755772071548654,1.8027311095708534,0.001732520619112574,0.035696618258953094,sha256:ee3122d2685992947a3aa882202c27481938dd185f8650a870f75ce18a924802
cifar100,1,ema_restore,A-B-A,rotation,1,cifar100_s01_ema_restore_ABA_rotation_v1,0.6036,0.595,0.008600000000000052,0.5948,0.5942,0.00880000000000003,0.00019999999999997797,0.2168,2.0822951065063475,0.09156690962910652,13.98979220000001,2.086907018589068,1.5786025735396374,0.0015263278965684998,0.028517508879303932,sha256:a60fbcd20a7dc25122192c71d9693eb21c8e654b907cc9a95727311dacef1763
cifar100,1,ema_restore,A-B-A,rotation,2,cifar100_s01_ema_restore_ABA_rotation_v2,0.6036,0.595,0.008600000000000052,0.5942,0.5945,0.009400000000000075,0.0008000000000000229,0.2487,2.028482894897461,0.09156690962910652,49.09773580000001,2.028691643401037,1.5463952505135838,0.0014976087966462291,0.02728722058236599,sha256:d5da2de67b81fdd5631574179bd363d456ee5ca635b1d9c709bc341484b71384
cifar100,1,ema_restore,A-B-C-A,blur,1,cifar100_s01_ema_restore_ABCA_blur_v1,0.6036,0.595,0.008600000000000052,0.5943,0.5947,0.009299999999999975,0.0006999999999999229,0.4276,1.7731863540649415,0.09156690962910652,60.55267659999936,1.7768630000609387,1.5213615004020402,0.001462708470482332,0.03533320873975754,sha256:2e6d02c483b62d5fcf62b024b87759f6d0027eae3e0d1a5c438319044e353919
cifar100,1,ema_restore,A-B-C-A,blur,2,cifar100_s01_ema_restore_ABCA_blur_v2,0.6036,0.595,0.008600000000000052,0.5952,0.5948,0.008400000000000074,-0.00019999999999997797,0.37795,1.9186526065826417,0.09156690962910652,37.204422000000704,1.924539003945604,1.5639479492284074,0.0015026999289712197,0.035137999802827835,sha256:9bcb54016b67fcdeada1d6a00153b58ff760c51d4843d25c9017078f58264ea6
cifar100,1,ema_restore,A-B-C-A,brightness,1,cifar100_s01_ema_restore_ABCA_brightness_v1,0.6036,0.595,0.008600000000000052,0.5945,0.5945,0.009099999999999997,0.0004999999999999449,0.477,1.608043527507782,0.09156690962910652,52.58377930000006,1.6097358842439289,1.4208342387706419,0.001373537193506343,0.03305947035551071,sha256:17f95cbcf4362c590e73dd0887ce699dc08f15649494af9fc968499558cb810b
cifar100,1,ema_restore,A-B-C-A,brightness,2,cifar100_s01_ema_restore_ABCA_brightness_v2,0.6036,0.595,0.008600000000000052,0.5952,0.5945,0.008400000000000074,-0.00019999999999997797,0.4589,1.6662529136657716,0.09156690962910652,33.90253829999983,1.6698601917375493,1.4287752026244054,0.001382578855462938,0.03209120035171509,sha256:391f7fa1fc4716c2bc0f948058dced1913e01e6e6c239d70e309c225c12b9cd1
cifar100,1,ema_restore,A-B-C-A,contrast,1,cifar100_s01_ema_restore_ABCA_contrast_v1,0.6036,0.595,0.008600000000000052,0.5945,0.5946,0.009099999999999997,0.0004999999999999449,0.4781,1.6024759974479674,0.09156690962910652,65.41443380000055,1.6043945256667802,1.423387660255915,0.0013765000341801987,0.032933734357357025,sha256:0e966cf1c331af26e13d03d0c3e3fe83139de6be49385672d1c8f18145c7d4c1
cifar100,1,ema_restore,A-B-C-A,contrast,2,cifar100_s01_ema_restore_ABCA_contrast_v2,0.6036,0.595,0.008600000000000052,0.5952,0.5947,0.008400000000000074,-0.00019999999999997797,0.45905,1.6505979501724244,0.09156690962910652,65.24083960000007,1.6548885182489323,1.4377602459509162,0.001392854567723278,0.03169957175850868,sha256:cdb04f1ebb66266e1e52c7fe2cd1a20fcd64080d8387c187f0c7126067c79b3c
cifar100,1,ema_restore,A-B-C-A,noise,1,cifar100_s01_ema_restore_ABCA_noise_v1,0.6036,0.595,0.008600000000000052,0.5949,0.5944,0.008700000000000041,9.999999999998899e-05,0.40145,1.8605164527893066,0.09156690962910652,65.21136509999997,1.8633987277368955,1.5832084047643444,0.0015251925436166834,0.035485681146383286,sha256:9c2e0c4de039c175dbd8ce4cd48355a4a6dea3da7670cca9884c2ac5d28e3a1c
cifar100,1,ema_restore,A-B-C-A,noise,2,cifar100_s01_ema_restore_ABCA_noise_v2,0.6036,0.595,0.008600000000000052,0.5958,0.5951,0.007800000000000029,-0.0008000000000000229,0.31425,2.1108722103118898,0.09156690962910652,65.11713650000002,2.115771056730536,1.6653716639627385,0.001604748887593469,0.0361517108976841,sha256:c3dfd60bfb0098e31ca17fa6d05296404013b39468850fe8894057f8f32c7f96
cifar100,1,ema_restore,A-B-C-A,rotation,1,cifar100_s01_ema_restore_ABCA_rotation_v1,0.6036,0.595,0.008600000000000052,0.5948,0.5946,0.00880000000000003,0.00019999999999997797,0.28995,1.983697122192383,0.09156690962910652,57.36277969999992,1.987047618702997,1.5607164788849746,0.001505293941590935,0.03507910296320915,sha256:fb6a9da0a5ecfa6191e23b91355bdaaffa3beba5b6fc064a6f411dd4e421d634
cifar100,1,ema_restore,A-B-C-A,rotation,2,cifar100_s01_ema_restore_ABCA_rotation_v2,0.6036,0.595,0.008600000000000052,0.5951,0.5944,0.008500000000000063,-9.999999999998899e-05,0.29385,1.9897734910964966,0.09156690962910652,63.562395099999776,1.9927016700370401,1.5380274359183976,0.0014853478369562404,0.033884044736623764,sha256:884bf2d6d140db7b874d8d3d0a8848d7d9f6a144b573561f477a3dfb32a5b480
cifar100,1,periodic_reset,A-B-A,blur,1,cifar100_s01_periodic_reset_ABA_blur_v1,0.6036,0.595,0.008600000000000052,0.5949,0.5947,0.008700000000000041,9.999999999998899e-05,0.4914,1.6687476753234862,0.09156690962910652,31.92003249999925,1.6740020981317834,1.5054117229920398,0.0019318001548158405,0.006159133277833462,sha256:f3d8cf7e0fcfeebda0ca9c20380935cb18775982e92bccb17fd4e31f209a41d8
cifar100,1,periodic_reset,A-B-A,blur,2,cifar100_s01_periodic_reset_ABA_blur_v2,0.6036,0.595,0.008600000000000052,0.5948,0.5945,0.00880000000000003,0.00019999999999997797,0.4148,1.8964923595428467,0.09156690962910652,44.825357700000495,1.9026306037661396,1.6037980725493612,0.0020875862764218184,0.006395104806870222,sha256:b47d8e8b13f18d58d09808f414bbc0a92b4478d569859e4ab9b25455a9d8dce1
cifar100,1,periodic_reset,A-B-A,brightness,1,cifar100_s01_periodic_reset_ABA_brightness_v1,0.6036,0.595,0.008600000000000052,0.5949,0.5946,0.008700000000000041,9.999999999998899e-05,0.5909,1.333098098373413,0.09156690962910652,12.896511899999496,1.3344588159005852,1.3013950178894815,0.0016090745280225632,0.006029058247804642,sha256:8d45bec6a91293cef76e91e2848ecccf1beee0315f6003f3b76df37e665f77ad
cifar100,1,periodic_reset,A-B-A,brightness,2,cifar100_s01_periodic_reset_ABA_brightness_v2,0.6036,0.595,0.008600000000000052,0.5948,0.5946,0.00880000000000003,0.00019999999999997797,0.5775,1.3837899438858032,0.09156690962910652,50.35677400000077,1.3854197671141806,1.3302689594558523,0.0016461360147458654,0.0060365572571754456,sha256:474b72fd02f916d99ec3397642f08c7557293bd4dcca7fff2b1891c9ee06292e
cifar100,1,periodic_reset,A-B-A,contrast,1,cifar100_s01_periodic_reset_ABA_contrast_v1,0.6036,0.595,0.008600000000000052,0.5947,0.5945,0.008900000000000019,0.00029999999999996696,0.5927,1.3218195625305176,0.09156690962910652,49.85331110000061,1.3236221678649323,1.3062051957166647,0.0016117075257757797,0.005908300634473562,sha256:b461578ef4dd5986b4792b2d72f4e515ea7f78daaa172061832b30c3ef26d671
cifar100,1,periodic_reset,A-B-A,contrast,2,cifar100_s01_periodic_reset_ABA_contrast_v2,0.6036,0.595,0.008600000000000052,0.595,0.5946,0.008600000000000052,0.0,0.5778,1.3520043926239014,0.09156690962910652,47.63009079999938,1.355008502549763,1.3483486613140832,0.0016655276449915918,0.005830808077007532,sha256:5e8335463ee94b1782f917f9a41d3ad0e2d83a7a483546629d050659aadbc4cd
cifar100,1,periodic_reset,A-B-A,noise,1,cifar100_s01_periodic_reset_ABA_noise_v1,0.6036,0.595,0.008600000000000052,0.5948,0.5947,0.00880000000000003,0.00019999999999997797,0.4385,1.8439323333740234,0.09156690962910652,50.11114330000055,1.8477040182186077,1.6292618286760547,0.002079078382399829,0.0067383465357124805,sha256:150c78c8d80266c05c16d52704391c69059908a138bbc3fbb4e1a49d119b60be
cifar100,1,periodic_reset,A-B-A,noise,2,cifar100_s01_periodic_reset_ABA_noise_v2,0.6036,0.595,0.008600000000000052,0.5948,0.5944,0.00880000000000003,0.00019999999999997797,0.2864,2.2818736358642577,0.09156690962910652,43.871824599999854,2.286148527000524,1.8077589771415614,0.0023153529154679065,0.007519812788814306,sha256:3d214cf3ca2d5e4fed0ef9de7122543f289d8c860be5928faf6375521bb2c882
cifar100,1,periodic_reset,A-B-A,rotation,1,cifar100_s01_periodic_reset_ABA_rotation_v1,0.6036,0.595,0.008600000000000052,0.5948,0.5944,0.00880000000000003,0.00019999999999997797,0.2163,2.088745199966431,0.09156690962910652,49.77805840000019,2.0934740516203867,1.5804674082164523,0.001997953260175978,0.006391263101249933,sha256:dba257d8e9e90d9f0e253cb327f83870ec20ac063328e0ebf157357b99e14e6b
cifar100,1,periodic_reset,A-B-A,rotation,2,cifar100_s01_periodic_reset_ABA_rotation_v2,0.6036,0.595,0.008600000000000052,0.5943,0.5944,0.009299999999999975,0.0006999999999999229,0.2483,2.034263998413086,0.09156690962910652,48.55569279999963,2.034575503083724,1.54861940462378,0.0019504156146387132,0.0065122186206281185,sha256:e918cce181341f6b8c665fd055de2c74fd2291f3c3424246740f053fc69fcbcb
cifar100,1,periodic_reset,A-B-C-A,blur,1,cifar100_s01_periodic_reset_ABCA_blur_v1,0.6036,0.595,0.008600000000000052,0.5951,0.5946,0.008500000000000063,-9.999999999998899e-05,0.4267,1.782305135345459,0.09156690962910652,57.15886060000048,1.7859617886663992,1.5264813703826712,0.0019718527578736975,0.005730734672397375,sha256:efe900a14bcf8481d99102e002a3aa830af4c726a3ec0e2cb80721dbbef05f1b
cifar100,1,periodic_reset,A-B-C-A,blur,2,cifar100_s01_periodic_reset_ABCA_blur_v2,0.6036,0.595,0.008600000000000052,0.5949,0.5949,0.008700000000000041,9.999999999998899e-05,0.37705,1.9288745349884033,0.09156690962910652,63.90161650000027,1.934727754773973,1.568586420409287,0.002036737723871358,0.005711636506021023,sha256:a76589249521186ff44aa0d08ffdd2a037869909842021ca0f9cdc052dd93ee9
cifar100,1,periodic_reset,A-B-C-A,brightness,1,cifar100_s01_periodic_reset_ABCA_brightness_v1,0.6036,0.595,0.008600000000000052,0.5951,0.5946,0.008500000000000063,-9.999999999998899e-05,0.47645,1.6144781694412231,0.09156690962910652,64.79119640000044,1.6161879942386965,1.4244758577286443,0.001809666684793332,0.005730734672397375,sha256:17a984801c36a6ec3c590414a2c126d2a0e7fb96e490b80e751a8ec7f5e5f134
cifar100,1,periodic_reset,A-B-C-A,brightness,2,cifar100_s01_periodic_reset_ABCA_brightness_v2,0.6036,0.595,0.008600000000000052,0.5949,0.5949,0.008700000000000041,9.999999999998899e-05,0.45845,1.672522750377655,0.09156690962910652,64.6850061999994,1.6761217660541776,1.4318024742452404,0.0018137433047441742,0.005711636506021023,sha256:b9ba35dc77446560a7294bdc31ed4202a4e4ca2f8689d3b904a530a3ce634a8d
cifar100,1,periodic_reset,A-B-C-A,contrast,1,cifar100_s01_periodic_reset_ABCA_contrast_v1,0.6036,0.595,0.008600000000000052,0.5951,0.5946,0.008500000000000063,-9.999999999998899e-05,0.47735,1.6088398643493653,0.09156690962910652,59.59813759999997,1.6107706223862082,1.4268849522252627,0.0018102188949779714,0.005730734672397375,sha256:74893a7606191dc5c1d650549fe009e55233953df248a51afc703f74c8e51fc3
cifar100,1,periodic_reset,A-B-C-A,contrast,2,cifar100_s01_periodic_reset_ABCA_contrast_v2,0.6036,0.595,0.008600000000000052,0.5949,0.5949,0.008700000000000041,9.999999999998899e-05,0.45855,1.6566319988250733,0.09156690962910652,36.81937569999991,1.6609181354317484,1.4408469056781334,0.0018221369098659747,0.005711636506021023,sha256:14359e6cd75d51973e0595e6367ebfb6e543297abf795454ef33a01154991f7b
cifar100,1,periodic_reset,A-B-C-A,noise,1,cifar100_s01_periodic_reset_ABCA_noise_v1,0.6036,0.595,0.008600000000000052,0.5951,0.5946,0.008500000000000063,-9.999999999998899e-05,0.40025,1.8698969615936278,0.09156690962910652,51.53267060000053,1.8728122515014456,1.588421184050886,0.0020491577783611284,0.005730734672397375,sha256:e1dad363597320c6a978c7ce6a97119705db8e69db49ca4da07feafbdc8f74d5
cifar100,1,periodic_reset,A-B-C-A,noise,2,cifar100_s01_periodic_reset_ABCA_noise_v2,0.6036,0.595,0.008600000000000052,0.5949,0.5949,0.008700000000000041,9.999999999998899e-05,0.31285,2.121564690208435,0.09156690962910652,32.41173379999964,2.126486238799518,1.6705500807943223,0.0021577394483434154,0.005711636506021023,sha256:07149c820261dc7bc132f94b770f99c936510edde412fa91dec61a4879b95deb
cifar100,1,periodic_reset,A-B-C-A,rotation,1,cifar100_s01_periodic_reset_ABCA_rotation_v1,0.6036,0.595,0.008600000000000052,0.5951,0.5946,0.008500000000000063,-9.999999999998899e-05,0.28915,1.9923017614364624,0.09156690962910652,61.997731500000555,1.9956956528410126,1.5640068982220903,0.0020063984866513385,0.005730734672397375,sha256:f92c931d843bed40f1fb1c590daf78f76236d48aeb60189211befa57dd50fcb9
cifar100,1,periodic_reset,A-B-C-A,rotation,2,cifar100_s01_periodic_reset_ABCA_rotation_v2,0.6036,0.595,0.008600000000000052,0.5949,0.5949,0.008700000000000041,9.999999999998899e-05,0.2938,1.9977622388839722,0.09156690962910652,55.883113400000184,2.0007020680210257,1.5409806747979755,0.0019688936196491594,0.005711636506021023,sha256:db8fc6fe9ae70440eb1b002b1ca6cbd682765f34f8bb0b1cfa5bceed6457e289
cifar100,1,source,A-B-A,blur,1,cifar100_s01_source_ABA_blur_v1,0.6036,0.6036,0.0,0.6036,0.6036,0.0,0.0,0.3283,2.284181463623047,0.09156690962910652,7.8537593000000925,2.2850601461869253,0.0,0.0,0.0,sha256:33fc48f8c04d34977164889c3c4a55a4c35530d8d401786d43466f800634417a
cifar100,1,source,A-B-A,blur,2,cifar100_s01_source_ABA_blur_v2,0.6036,0.6036,0.0,0.6036,0.6036,0.0,0.0,0.1805,2.5509345962524415,0.09156690962910652,17.095282000000225,2.551907986025267,0.0,0.0,0.0,sha256:9593c0af641d0f94735263e0f3221eb0fa7b2791fb3c3fda58a2dfab4dc51526
cifar100,1,source,A-B-A,brightness,1,cifar100_s01_source_ABA_brightness_v1,0.6036,0.6036,0.0,0.6036,0.6036,0.0,0.0,0.5911,1.5971428716659546,0.09156690962910652,4.279766299999665,1.5948087535326994,0.0,0.0,0.0,sha256:ee92a74ffd2f890937d4de0d57105dc8d20f8650048107a68137d54b2e805dbf
cifar100,1,source,A-B-A,brightness,2,cifar100_s01_source_ABA_brightness_v2,0.6036,0.6036,0.0,0.6036,0.6036,0.0,0.0,0.5389,1.8311177423477172,0.09156690962910652,15.464738300000135,1.832107169718682,0.0,0.0,0.0,sha256:44ea193e755a0d2f548c783ea04a506065e2738e9a0bedd5503527b47c57a87f
cifar100,1,source,A-B-A,contrast,1,cifar100_s01_source_ABA_contrast_v1,0.6036,0.6036,0.0,0.6036,0.6036,0.0,0.0,0.5818,1.559602406692505,0.09156690962910652,15.467069900000297,1.5572603020486953,0.0,0.0,0.0,sha256:4eedb805d35e8093147352dc49e9a2780b188de48d419a2927b785d1a340dffb
cifar100,1,source,A-B-A,contrast,2,cifar100_s01_source_ABA_contrast_v2,0.6036,0.6036,0.0,0.6036,0.6036,0.0,0.0,0.5016,1.8132737394332885,0.09156690962910652,13.023970600000212,1.8129952979993216,0.0,0.0,0.0,sha256:b832e792a6f4ac6cf8812b5c4e8b305b2b2fa8aabe767cdf86495cbc5ddbb4e2
cifar100,1,source,A-B-A,noise,1,cifar100_s01_source_ABA_noise_v1,0.6036,0.6036,0.0,0.6036,0.6036,0.0,0.0,0.2828,2.2351414840698243,0.09156690962910652,15.43905440000026,2.2345402814164945,0.0,0.0,0.0,sha256:79775190eb65c123745313a20b8a7d35a11072b1874981b0626f255f39e2da9b
cifar100,1,source,A-B-A,noise,2,cifar100_s01_source_ABA_noise_v2,0.6036,0.6036,0.0,0.6036,0.6036,0.0,0.0,0.0988,2.316350112915039,0.09156690962910652,13.528238299999884,2.3190651966046683,0.0,0.0,0.0,sha256:54876a9995217a01e55db171366596063fdc516d727aa7ac68304f2c24c86956
cifar100,1,source,A-B-A,rotation,1,cifar100_s01_source_ABA_rotation_v1,0.6036,0.6036,0.0,0.6036,0.6036,0.0,0.0,0.2156,2.5191884494781496,0.09156690962910652,16.567881599999964,2.520333585859854,0.0,0.0,0.0,sha256:b0921997faeaac936d16af3e48299034fc852d29ba4ad5c98854c54d7215fc5d
cifar100,1,source,A-B-A,rotation,2,cifar100_s01_source_ABA_rotation_v2,0.6036,0.6036,0.0,0.6036,0.6036,0.0,0.0,0.2404,2.4306197010040282,0.09156690962910652,13.954030599999896,2.425928251652778,0.0,0.0,0.0,sha256:04bd226f64a25296c3fc117966741560b002f64a886919ba2c1f14fe2c8a167e
cifar100,1,source,A-B-C-A,blur,1,cifar100_s01_source_ABCA_blur_v1,0.6036,0.6036,0.0,0.6036,0.6036,0.0,0.0,0.3275,2.294356785392761,0.09156690962910652,20.412519299999985,2.2943619761285903,0.0,0.0,0.0,sha256:c911e853b09fc839278e43794f06a09ca2dc75e9bc4cdb07b49c8e4b0ef02a87
cifar100,1,source,A-B-C-A,blur,2,cifar100_s01_source_ABCA_blur_v2,0.6036,0.6036,0.0,0.6036,0.6036,0.0,0.0,0.2457,2.410904286956787,0.09156690962910652,20.126843000000008,2.413189761246307,0.0,0.0,0.0,sha256:9bf722fb26f985ec17935c16ef1f83bc20a91a50296916d5563caede2c2257d9
cifar100,1,source,A-B-C-A,brightness,1,cifar100_s01_source_ABCA_brightness_v1,0.6036,0.6036,0.0,0.6036,0.6036,0.0,0.0,0.4589,1.950837489414215,0.09156690962910652,21.775934199999938,1.9492362798014773,0.0,0.0,0.0,sha256:8e10acac263862343afbe56bbbe44d9327ad5f83225cf404c665c30613492348
cifar100,1,source,A-B-C-A,brightness,2,cifar100_s01_source_ABCA_brightness_v2,0.6036,0.6036,0.0,0.6036,0.6036,0.0,0.0,0.4249,2.050995860004425,0.09156690962910652,19.431633699999566,2.0532893530930143,0.0,0.0,0.0,sha256:6248a5ecea23527bf923bb0b84cfa0f4d2a72e5e5b858412061932d4f593163d
cifar100,1,source,A-B-C-A,contrast,1,cifar100_s01_source_ABCA_contrast_v1,0.6036,0.6036,0.0,0.6036,0.6036,0.0,0.0,0.45425,1.9320672569274902,0.09156690962910652,17.726403400000436,1.9304620540594752,0.0,0.0,0.0,sha256:22b3db23fe2ab6f8ca3ebce48d6843fcdd52f2dc06c074dde86bca3a07bdf951
cifar100,1,source,A-B-C-A,contrast,2,cifar100_s01_source_ABCA_contrast_v2,0.6036,0.6036,0.0,0.6036,0.6036,0.0,0.0,0.40625,2.042073858547211,0.09156690962910652,6.779448799999955,2.043733417233334,0.0,0.0,0.0,sha256:4cec564ddbd9573e0672ce6295a6ab3bafbee7632c2d4650bf30fc17b1ea7412
cifar100,1,source,A-B-C-A,noise,1,cifar100_s01_source_ABCA_noise_v1,0.6036,0.6036,0.0,0.6036,0.6036,0.0,0.0,0.30475,2.26983679561615,0.09156690962910652,13.557113800000025,2.269102043743375,0.0,0.0,0.0,sha256:93f758c859e21407ebf8acc9d13c6e0222ed621329440887eded9a873eb94915
cifar100,1,source,A-B-C-A,noise,2,cifar100_s01_source_ABCA_noise_v2,0.6036,0.6036,0.0,0.6036,0.6036,0.0,0.0,0.20485,2.293612045288086,0.09156690962910652,22.421256700000413,2.2967683665360075,0.0,0.0,0.0,sha256:ef2df82d86f7da5543356f74ddb77b3b970e4b32b2e5dbc06114cf1800767e4b
cifar100,1,source,A-B-C-A,rotation,1,cifar100_s01_source_ABCA_rotation_v1,0.6036,0.6036,0.0,0.6036,0.6036,0.0,0.0,0.27115,2.4118602783203125,0.09156690962910652,19.963600099999894,2.4119986959650546,0.0,0.0,0.0,sha256:8817725089638c9f22622eaaa6b71fea9476f8e089cb89a966c9d35cc2288317
cifar100,1,source,A-B-C-A,rotation,2,cifar100_s01_source_ABCA_rotation_v2,0.6036,0.6036,0.0,0.6036,0.6036,0.0,0.0,0.27565,2.3507468393325808,0.09156690962910652,7.22455489999993,2.3501998940600624,0.0,0.0,0.0,sha256:d98d54939d570465865ed38373e47a28858cbfe8a802a82d04e82b77e8c778f7
cifar100,1,tent,A-B-A,blur,1,cifar100_s01_tent_ABA_blur_v1,0.6036,0.595,0.008600000000000052,0.5951,0.5954,0.008500000000000063,-9.999999999998899e-05,0.4923,1.658779473876953,0.09156690962910652,51.40361389999998,1.6640595424024365,1.4983838932423652,0.0014983850893788512,0.04347097501158714,sha256:58bc996c545044d1c0f9129b82605b04b83aff47414a27b34f8a521b394e5ed5
cifar100,1,tent,A-B-A,blur,2,cifar100_s01_tent_ABA_blur_v2,0.6036,0.595,0.008600000000000052,0.5954,0.5959,0.008199999999999985,-0.00040000000000006697,0.4171,1.8829983932495118,0.09156690962910652,50.92890989999978,1.889095819449123,1.5965649312055563,0.0015965653259212835,0.05030742660164833,sha256:1ca7acf7b411f97c1043982ed651632cd8e4d4ae3406853ea907f35c169c1d75
cifar100,1,tent,A-B-A,brightness,1,cifar100_s01_tent_ABA_brightness_v1,0.6036,0.595,0.008600000000000052,0.5946,0.5946,0.009000000000000008,0.00039999999999995595,0.5908,1.3292153411865235,0.09156690962910652,52.29006019999997,1.3304896928087067,1.2981648762014848,0.0012981648574571444,0.028780292719602585,sha256:4a76154bdcb964eac3754576af57373123a4906007060ecfeeea1ee6cdb2ca3e
cifar100,1,tent,A-B-A,brightness,2,cifar100_s01_tent_ABA_brightness_v2,0.6036,0.595,0.008600000000000052,0.5947,0.5947,0.008900000000000019,0.00029999999999996696,0.5782,1.379554845046997,0.09156690962910652,46.415671199999906,1.3811027898064143,1.326986300794384,0.0013269874226018974,0.02987140603363514,sha256:0f9b58bb88b9c280510818db11db531e55c7679b0ef4623b44fca3a67a752334
cifar100,1,tent,A-B-A,contrast,1,cifar100_s01_tent_ABA_contrast_v1,0.6036,0.595,0.008600000000000052,0.5949,0.5947,0.008700000000000041,9.999999999998899e-05,0.5928,1.3180123867034912,0.09156690962910652,24.86516449999999,1.3197436543959606,1.3032409495945219,0.0013032415587030633,0.028486035764217377,sha256:1358c5affa6da52b2502d41a52165bcf3362b41ae9d8157c3e389847e5ee9ed2
cifar100,1,tent,A-B-A,contrast,2,cifar100_s01_tent_ABA_contrast_v2,0.6036,0.595,0.008600000000000052,0.5946,0.5943,0.009000000000000008,0.00039999999999995595,0.5782,1.3479572275161744,0.09156690962910652,50.861869999999726,1.3508924004397815,1.3451454503626763,0.0013451454350489039,0.02933516725897789,sha256:c8b59e97d3b96df8352a36e55c119184a9d2e712f97527f925bc8a4b3fdfba66
cifar100,1,tent,A-B-A,noise,1,cifar100_s01_tent_ABA_noise_v1,0.6036,0.595,0.008600000000000052,0.5954,0.5961,0.008199999999999985,-0.00040000000000006697,0.4405,1.8332256225585937,0.09156690962910652,53.91338990000031,1.8368707834919797,1.6229842674883106,0.0016229844156982777,0.04560277611017227,sha256:0a23ae80f015cb507f845d22003095416547d46b1ce5849c0f39b9529dc35c7e
cifar100,1,tent,A-B-A,noise,2,cifar100_s01_tent_ABA_noise_v2,0.6036,0.595,0.008600000000000052,0.595,0.5957,0.008600000000000052,0.0,0.2899,2.268148616027832,0.09156690962910652,52.65585569999985,2.2721941953972924,1.8008476918256735,0.0018008483921566718,0.0516696497797966,sha256:b7a865cfabecb935bb2a7b65a2276330c7bca18df384690b571419cf8f770d7d
cifar100,1,tent,A-B-A,rotation,1,cifar100_s01_tent_ABA_rotation_v1,0.6036,0.595,0.008600000000000052,0.5944,0.5946,0.009199999999999986,0.0005999999999999339,0.2168,2.080267533493042,0.09156690962910652,22.264321700000437,2.0848085669022574,1.5776012758665447,0.0015776009870622355,0.04121142625808716,sha256:a189f5b9b11c749986c3d864c4ad25c55a972363c5046ea57f14eed88a227f61
cifar100,1,tent,A-B-A,rotation,2,cifar100_s01_tent_ABA_rotation_v2,0.6036,0.595,0.008600000000000052,0.5942,0.595,0.009400000000000075,0.0008000000000000229,0.2482,2.0266506099700927,0.09156690962910652,56.96865939999998,2.026801516738119,1.5461534804935697,0.0015461537264924072,0.03920275717973709,sha256:caafd1a95cddc80f38ea5df81d042c1ad69f72547cbeb566cf2b9e62d3d9ebdf
cifar100,1,tent,A-B-C-A,blur,1,cifar100_s01_tent_ABCA_blur_v1,0.6036,0.595,0.008600000000000052,0.5955,0.5958,0.008099999999999996,-0.000500000000000056,0.4279,1.7686179672241211,0.09156690962910652,67.1167289,1.77226658259766,1.519032501721684,0.0015190334576535734,0.07004346698522568,sha256:b322ed507a0d748af5df8aaaab5125fe62fb99e5c6be7d4474089ae96af6508c
cifar100,1,tent,A-B-C-A,blur,2,cifar100_s01_tent_ABCA_blur_v2,0.6036,0.595,0.008600000000000052,0.5957,0.5961,0.007900000000000018,-0.0007000000000000339,0.3783,1.9137417907714844,0.09156690962910652,40.81170459999976,1.919632102869734,1.561931697628166,0.0015619318730410046,0.07356797158718109,sha256:96702ffc084342dc271f965134ab3b39acffbd1eec243093f5bd7ecbc3f36db3
cifar100,1,tent,A-B-C-A,brightness,1,cifar100_s01_tent_ABCA_brightness_v1,0.6036,0.595,0.008600000000000052,0.5946,0.5954,0.009000000000000008,0.00039999999999995595,0.4771,1.604573419570923,0.09156690962910652,58.714519499999824,1.6062460579449618,1.4195570025262954,0.0014195568561907622,0.060228317975997925,sha256:8fa463388f3b9e738aadbe358ee1bcd9c2faa4b3956f04a69995d8558f92febf
cifar100,1,tent,A-B-C-A,brightness,2,cifar100_s01_tent_ABCA_brightness_v2,0.6036,0.595,0.008600000000000052,0.5949,0.5948,0.008700000000000041,9.999999999998899e-05,0.45915,1.662838237953186,0.09156690962910652,29.89494969999987,1.6664511108700233,1.4274105535277837,0.0014274110892327808,0.05946764722466469,sha256:814bae36ee2710be9e854d3b492c7e63e2fd9a19c7e13a3bedf0cf3b88404c90
cifar100,1,tent,A-B-C-A,contrast,1,cifar100_s01_tent_ABCA_contrast_v1,0.6036,0.595,0.008600000000000052,0.5948,0.5955,0.00880000000000003,0.00019999999999997797,0.47815,1.5990713193893433,0.09156690962910652,68.98063630000024,1.600972072987617,1.4220013988168934,0.0014220019389839867,0.05984001234173775,sha256:8bc1cf664219a8ec71b7519b10f50c2786906b74df9c0d705f9c88c52237b980
cifar100,1,tent,A-B-C-A,contrast,2,cifar100_s01_tent_ABCA_contrast_v2,0.6036,0.595,0.008600000000000052,0.5949,0.5954,0.008700000000000041,9.999999999998899e-05,0.459,1.6473716576576234,0.09156690962910652,69.78634020000027,1.6516633184650276,1.4364093647727483,0.0014364095095285698,0.05836303159594536,sha256:2fc01adc0a967c0de9047005867e8e2eb7bc5133df03cfb04f50c874999affdd
cifar100,1,tent,A-B-C-A,noise,1,cifar100_s01_tent_ABCA_noise_v1,0.6036,0.595,0.008600000000000052,0.5949,0.5955,0.008700000000000041,9.999999999998899e-05,0.40195,1.8558348388671875,0.09156690962910652,68.83420979999983,1.8586586857143836,1.5805756623231912,0.0015805755694738672,0.07146061956882477,sha256:8115761f1a24c1ee8b4abf711f20400f8aaf36c8a17edbc9618f77f4307690f6
cifar100,1,tent,A-B-C-A,noise,2,cifar100_s01_tent_ABCA_noise_v2,0.6036,0.595,0.008600000000000052,0.5959,0.596,0.00770000000000004,-0.0009000000000000119,0.3146,2.105449759674072,0.09156690962910652,68.05140200000005,2.1103357468979267,1.662622738488113,0.0016626229324036195,0.07630913704633713,sha256:453d5e6d94b54c20898a0a5dbd2091e92a0bd0b59cfca26d7e8c2ff0d195bcaf
cifar100,1,tent,A-B-C-A,rotation,1,cifar100_s01_tent_ABCA_rotation_v1,0.6036,0.595,0.008600000000000052,0.5945,0.595,0.009099999999999997,0.0004999999999999449,0.2899,1.979260471343994,0.09156690962910652,64.56418089999988,1.9825658028638815,1.5587105690678464,0.0015587104230977689,0.06884448230266571,sha256:2223bf9da752aee368528513c76dd0f5ab4dc8fcae46ccae3d142a94ea35307c
cifar100,1,tent,A-B-C-A,rotation,2,cifar100_s01_tent_ABCA_rotation_v2,0.6036,0.595,0.008600000000000052,0.5941,0.5944,0.009500000000000064,0.0009000000000000119,0.2938,1.9855025735855103,0.09156690962910652,63.70868010000004,1.9884249575530426,1.5367355429673497,0.0015367356952739573,0.06673059612512589,sha256:4e0d43545ee7cc780f9c8f892ac37315b1ee1974d73a70abd97f770b0f30ffb3
cifar100,2,anchor,A-B-A,blur,1,cifar100_s02_anchor_ABA_blur_v1,0.6065,0.5987,0.007800000000000029,0.6,0.6012,0.006500000000000061,-0.0012999999999999678,0.505,1.6764629493713379,0.09144109724983573,43.854021699999976,1.6790691176547279,1.4872352518612826,0.001487235018476561,0.0434858538210392,sha256:3281ebd25e5cce52e8050c837ca2fc67986da5652cf95efd4aa7c07634e69a4c
cifar100,2,anchor,A-B-A,blur,2,cifar100_s02_anchor_ABA_blur_v2,0.6065,0.5987,0.007800000000000029,0.5996,0.601,0.006900000000000017,-0.0009000000000000119,0.4207,1.9276824062347413,0.09144109724983573,55.76638869999988,1.9307391492626336,1.626686094682428,0.0016266862136795175,0.05392395704984665,sha256:2a19a65bd24873fcbbfdb8944f44854b0c6f39ec296a8206e7b49b394008ecda
cifar100,2,anchor,A-B-A,brightness,1,cifar100_s02_anchor_ABA_brightness_v1,0.6065,0.5987,0.007800000000000029,0.5986,0.5998,0.007900000000000018,9.999999999998899e-05,0.5961,1.3519880268096924,0.09144109724983573,24.633990000000267,1.3533949037141437,1.2998324210130716,0.0012998322991630699,0.02876870147883892,sha256:52b143169b5bc45a718e8d3b4dbb995f2f5d8ea1a38a9950b8aa7f9df61c306d
cifar100,2,anchor,A-B-A,brightness,2,cifar100_s02_anchor_ABA_brightness_v2,0.6065,0.5987,0.007800000000000029,0.599,0.5998,0.007500000000000062,-0.00029999999999996696,0.58,1.4018916885375976,0.09144109724983573,55.76883010000074,1.4033516222917581,1.3264474612248094,0.001326447836111618,0.030004478991031647,sha256:b60fc760433455d0b59717c7106ec3b9e82140be8501b20850a5af1ef2e1a853
cifar100,2,anchor,A-B-A,contrast,1,cifar100_s02_anchor_ABA_contrast_v1,0.6065,0.5987,0.007800000000000029,0.5985,0.5998,0.008000000000000007,0.00019999999999997797,0.5974,1.3380390319824218,0.09144109724983573,56.33398920000036,1.3399078151847743,1.307681195343597,0.001307681446034414,0.0284370556473732,sha256:703cc4bbee7f53e86dc0703cf330a60b32ba8e70fd2787d665fcf6a2d3fc8734
cifar100,2,anchor,A-B-A,contrast,2,cifar100_s02_anchor_ABA_contrast_v2,0.6065,0.5987,0.007800000000000029,0.5987,0.5996,0.007800000000000029,0.0,0.5823,1.362337099647522,0.09144109724983573,51.23708420000003,1.3657259111162983,1.3480898519105549,0.0013480897229518505,0.0291491337120533,sha256:65f52ad98bb2c1137e25cdde59a46f4724f02c5f386b0bc1d5b5ce254da06490
cifar100,2,anchor,A-B-A,noise,1,cifar100_s02_anchor_ABA_noise_v1,0.6065,0.5987,0.007800000000000029,0.5998,0.6006,0.006700000000000039,-0.0010999999999999899,0.4544,1.825195457458496,0.09144109724983573,52.043645700000525,1.8267058798029452,1.6138135798369782,0.001613814413217427,0.04460323229432106,sha256:22bf07dd141fe480d71bcbdb6ee80f36e3616b45f3a2312253fc91bfce136075
cifar100,2,anchor,A-B-A,noise,2,cifar100_s02_anchor_ABA_noise_v2,0.6065,0.5987,0.007800000000000029,0.6007,0.601,0.005800000000000027,-0.0020000000000000018,0.3005,2.264772451019287,0.09144109724983573,47.41863849999936,2.266391159612921,1.7801531673986701,0.0017801534643844712,0.05051640421152115,sha256:01cdb9c08f13556a7dcc8e9391906f522da89d887a82ac7b9d12867c12fb7fc0
cifar100,2,anchor,A-B-A,rotation,1,cifar100_s02_anchor_ABA_rotation_v1,0.6065,0.5987,0.007800000000000029,0.5987,0.5996,0.007800000000000029,0.0,0.2233,2.0962831153869628,0.09144109724983573,56.21945969999979,2.100540908077095,1.5441411627998836,0.0015441417941658557,0.04060075432062149,sha256:f309d6d2bd2be55beb9e8ea77b4844c8854703f1f2d2d2645dea43b7ea16dcae
cifar100,2,anchor,A-B-A,rotation,2,cifar100_s02_anchor_ABA_rotation_v2,0.6065,0.5987,0.007800000000000029,0.5991,0.5997,0.007400000000000073,-0.00039999999999995595,0.2553,2.039926788330078,0.09144109724983573,48.61079100000006,2.0445745443995995,1.539843041685563,0.0015398423906557168,0.03871336579322815,sha256:2142c003459a104144841548669c23a5e7f290078fc05085bdb46b06c618505d
cifar100,2,anchor,A-B-C-A,blur,1,cifar100_s02_anchor_ABCA_blur_v1,0.6065,0.5987,0.007800000000000029,0.6,0.601,0.006500000000000061,-0.0012999999999999678,0.43205,1.7949966651916505,0.09144109724983573,66.90470149999965,1.7983549599406086,1.4973238223715672,0.0014973240558211278,0.06937878578901291,sha256:2bf3c0cb370974b465057f73713ffa86200f8662446a0de66f3894591a002a56
cifar100,2,anchor,A-B-C-A,blur,2,cifar100_s02_anchor_ABCA_blur_v2,0.6065,0.5987,0.007800000000000029,0.6,0.6012,0.006500000000000061,-0.0012999999999999678,0.37855,1.938930961036682,0.09144109724983573,64.2448218999998,1.9442201558547685,1.5720414451405973,0.0015720413987454075,0.07547763735055923,sha256:e5625267abe49eb0c4389f75ad7901b176fecabc193293047fb394d52692cc4c
cifar100,2,anchor,A-B-C-A,brightness,1,cifar100_s02_anchor_ABCA_brightness_v1,0.6065,0.5987,0.007800000000000029,0.5993,0.6002,0.007199999999999984,-0.0006000000000000449,0.47815,1.6335227865219115,0.09144109724983573,71.47232449999956,1.6363309629355804,1.404090806653228,0.0014040907675435743,0.05925528332591057,sha256:0d050fbdd2b93c143ae1d26c2dd211d201ae3b548aed60acc2a9afe6f67ce51e
cifar100,2,anchor,A-B-C-A,brightness,2,cifar100_s02_anchor_ABCA_brightness_v2,0.6065,0.5987,0.007800000000000029,0.5992,0.6002,0.007300000000000084,-0.0004999999999999449,0.45895,1.6766170906066895,0.09144109724983573,65.51990159999968,1.6810589538344853,1.422533380834362,0.0014225334965010893,0.05962691456079483,sha256:126dcac08598656a85730ddb45e9a2217cf6552f1cacd2747ba0b0681490cc00
cifar100,2,anchor,A-B-C-A,contrast,1,cifar100_s02_anchor_ABCA_contrast_v1,0.6065,0.5987,0.007800000000000029,0.5991,0.6007,0.007400000000000073,-0.00039999999999995595,0.4785,1.626691674041748,0.09144109724983573,61.754471100000046,1.6297314257561406,1.4081609588635118,0.001408161353791439,0.05873542279005051,sha256:307bd0af33c55e8c83f50061f65c7e3511313b71e0e35e700c8fcd2d53e9c3ca
cifar100,2,anchor,A-B-C-A,contrast,2,cifar100_s02_anchor_ABCA_contrast_v2,0.6065,0.5987,0.007800000000000029,0.5994,0.6002,0.007099999999999995,-0.0007000000000000339,0.45995,1.6571991543769837,0.09144109724983573,53.75314879999951,1.6626038317438923,1.433657996262176,0.001433657869089489,0.05826455354690552,sha256:60871a7b6e710cbac14878ccd4a0f79c4c3e0cf6ef2008c74c8ca72998868bbb
cifar100,2,anchor,A-B-C-A,noise,1,cifar100_s02_anchor_ABCA_noise_v1,0.6065,0.5987,0.007800000000000029,0.6006,0.6012,0.005900000000000016,-0.0019000000000000128,0.407,1.8690065055847167,0.09144109724983573,51.37180420000004,1.871862310397474,1.5593674975105478,0.0015593678668388933,0.07074635475873947,sha256:6a2455ccd27ad16781803e69cc2c8d202bc3bad76f83569e5ffeb35a4b23142e
cifar100,2,anchor,A-B-C-A,noise,2,cifar100_s02_anchor_ABCA_noise_v2,0.6065,0.5987,0.007800000000000029,0.5998,0.6012,0.006700000000000039,-0.0010999999999999899,0.31925,2.1068668111801148,0.09144109724983573,69.07912550000037,2.1113962282108356,1.6474915712694578,0.0016474916284338018,0.07455366849899292,sha256:86f0c0da81edbba0a156ddcf1e460a2c71552c181dae47ddd54c57fad7011bc5
cifar100,2,anchor,A-B-C-A,rotation,1,cifar100_s02_anchor_ABCA_rotation_v1,0.6065,0.5987,0.007800000000000029,0.5992,0.6005,0.007300000000000084,-0.0004999999999999449,0.29125,2.0049682662963866,0.09144109724983573,63.23792709999998,2.0091911493977412,1.5255055653898022,0.0015255060928131016,0.06738892197608948,sha256:bd799249fb68072982b51874c313a37b4f396d8f5716aaa0cf54b49b00657592
cifar100,2,anchor,A-B-C-A,rotation,2,cifar100_s02_anchor_ABCA_rotation_v2,0.6065,0.5987,0.007800000000000029,0.5998,0.6,0.006700000000000039,-0.0010999999999999899,0.29625,1.9950312313079834,0.09144109724983573,51.65872099999979,2.001063186911088,1.5289775525467306,0.0015289774216133865,0.06582595407962799,sha256:f3f11dfecdcb02772c20e5a3a5ec7d90d97a4d9ec74e1f3f076e87570a5cfa73
cifar100,2,ema_restore,A-B-A,blur,1,cifar100_s02_ema_restore_ABA_blur_v1,0.6065,0.5987,0.007800000000000029,0.5993,0.6003,0.007199999999999984,-0.0006000000000000449,0.5046,1.6787986429214476,0.09144109724983573,37.458555799999885,1.6814638783660116,1.4884801982324334,0.001428191616388533,0.029972730204463005,sha256:b92404ab2f5ae47064bfbb7f43bfc6b061cd07e27c41776bfb317443f95bf90f
cifar100,2,ema_restore,A-B-A,blur,2,cifar100_s02_ema_restore_ABA_blur_v2,0.6065,0.5987,0.007800000000000029,0.5993,0.6,0.007199999999999984,-0.0006000000000000449,0.4199,1.9313503967285157,0.09144109724983573,35.490915000000314,1.9345004950897604,1.6287909580182425,0.0015462460276328875,0.03712489455938339,sha256:d20e95d3a846298427d092d14c22d6a55f933bab267432ada46a17b6327cc2d8
cifar100,2,ema_restore,A-B-A,brightness,1,cifar100_s02_ema_restore_ABA_brightness_v1,0.6065,0.5987,0.007800000000000029,0.5989,0.5994,0.007600000000000051,-0.00019999999999997797,0.5961,1.3529217128753661,0.09144109724983573,36.91389600000002,1.3543470268008075,1.300622672974309,0.0012676459604497009,0.019926058128476143,sha256:749bedf9f716848a34ad2499a99514f4855c3078fc95fcc6a05d71d153e5fa49
cifar100,2,ema_restore,A-B-A,brightness,2,cifar100_s02_ema_restore_ABA_brightness_v2,0.6065,0.5987,0.007800000000000029,0.5987,0.5995,0.007800000000000029,0.0,0.5796,1.4029132286071777,0.09144109724983573,35.63494230000015,1.4043931825251519,1.3274905877777292,0.0012925358981342066,0.02078549936413765,sha256:ada892b5a8ce37392998519421df76af612ec6356fba1b9af94e35488de19ff9
cifar100,2,ema_restore,A-B-A,contrast,1,cifar100_s02_ema_restore_ABA_contrast_v1,0.6065,0.5987,0.007800000000000029,0.5983,0.5996,0.008199999999999985,0.00039999999999995595,0.5977,1.3389471927642822,0.09144109724983573,38.66161269999975,1.340831091132345,1.3086380430414706,0.0012763582665143134,0.01972457952797413,sha256:616ae862254da28313e25c141367ecd29b8cce90459adc3ca81e871883879079
cifar100,2,ema_restore,A-B-A,contrast,2,cifar100_s02_ema_restore_ABA_contrast_v2,0.6065,0.5987,0.007800000000000029,0.5984,0.5994,0.008099999999999996,0.00029999999999996696,0.5821,1.3632933101654052,0.09144109724983573,37.268203200000244,1.3667024072212508,1.3490333074255834,0.0013160868312078941,0.020266616716980934,sha256:9989f9014f7c4b92485dbedd15116a7f22e48487cc53269d899c346a2861f023
cifar100,2,ema_restore,A-B-A,noise,1,cifar100_s02_ema_restore_ABA_noise_v1,0.6065,0.5987,0.007800000000000029,0.5998,0.5999,0.006700000000000039,-0.0010999999999999899,0.4541,1.827651287841797,0.09144109724983573,42.247523699999874,1.829178524922721,1.6152262536785271,0.0015552622248430417,0.030708376318216324,sha256:a2f52331cdb70f4883a268de05369c2c2be80c4e004d9170056723666f79418e
cifar100,2,ema_restore,A-B-A,noise,2,cifar100_s02_ema_restore_ABA_noise_v2,0.6065,0.5987,0.007800000000000029,0.5997,0.5999,0.006800000000000028,-0.0010000000000000009,0.3003,2.267944565963745,0.09144109724983573,37.79693640000005,2.269570214838921,1.7821192409418807,0.0017129628538873189,0.03484877943992615,sha256:771e361be36764a76929da3e920cfb50acdd67a321493ca98e1b963b43008c32
cifar100,2,ema_restore,A-B-A,rotation,1,cifar100_s02_ema_restore_ABA_rotation_v1,0.6065,0.5987,0.007800000000000029,0.599,0.5989,0.007500000000000062,-0.00029999999999996696,0.2233,2.098243643188477,0.09144109724983573,36.772067300000344,2.1025874358189256,1.5447522100014022,0.0014930025606616577,0.02820674329996109,sha256:f6ef23303be62fb9b93bac5604ff84c233515621336cace1562e088dff620ab4
cifar100,2,ema_restore,A-B-A,rotation,2,cifar100_s02_ema_restore_ABA_rotation_v2,0.6065,0.5987,0.007800000000000029,0.5992,0.5994,0.007300000000000084,-0.0004999999999999449,0.2552,2.0417215675354004,0.09144109724983573,37.39844970000013,2.0464426248888428,1.5402372456804108,0.0014923824707659173,0.027069181203842163,sha256:3dfb013378221e1e6b1f059b763360e55d84f21ebdf7bfc19efccce3434a17b8
cifar100,2,ema_restore,A-B-C-A,blur,1,cifar100_s02_ema_restore_ABCA_blur_v1,0.6065,0.5987,0.007800000000000029,0.5989,0.6001,0.007600000000000051,-0.00019999999999997797,0.4316,1.7994203495979308,0.09144109724983573,58.87731939999958,1.802839245977281,1.4993109476717212,0.001441243042744979,0.034941092133522034,sha256:ac2ffc8084e035feb5f7c51b236a27b5c4d89df6084addcddd96e030c78d39e9
cifar100,2,ema_restore,A-B-C-A,blur,2,cifar100_s02_ema_restore_ABCA_blur_v2,0.6065,0.5987,0.007800000000000029,0.5996,0.5993,0.006900000000000017,-0.0009000000000000119,0.37855,1.9438696184158326,0.09144109724983573,53.26263190000009,1.9491863605342334,1.5746096470687962,0.0015109691642154056,0.03582419827580452,sha256:d5ea769ccfd2969450a42c58b9321f2f20eb3f202d75c8e05c99c85f95208f27
cifar100,2,ema_restore,A-B-C-A,brightness,1,cifar100_s02_ema_restore_ABCA_brightness_v1,0.6065,0.5987,0.007800000000000029,0.5988,0.5997,0.00770000000000004,-9.999999999998899e-05,0.4776,1.6368626453399657,0.09144109724983573,55.324882900000375,1.6396759952170938,1.4057475969761233,0.0013587095029062675,0.032628148794174194,sha256:e45771947b9197ccaf0e4f3c1c42ce0062491e8eb7e3349595022b1715e6529a
cifar100,2,ema_restore,A-B-C-A,brightness,2,cifar100_s02_ema_restore_ABCA_brightness_v2,0.6065,0.5987,0.007800000000000029,0.5995,0.5995,0.007000000000000006,-0.0008000000000000229,0.4587,1.6799792135238647,0.09144109724983573,52.34619889999976,1.6844420221787464,1.4242684486546093,0.0013775510302320405,0.032552219927310944,sha256:b62011f402788cb0997c08aeb253c53190a2dcb02b0ac3f3f24f61142c2bd8be
cifar100,2,ema_restore,A-B-C-A,contrast,1,cifar100_s02_ema_restore_ABCA_contrast_v1,0.6065,0.5987,0.007800000000000029,0.5988,0.5997,0.00770000000000004,-9.999999999998899e-05,0.4784,1.6299360477447509,0.09144109724983573,47.8471013999997,1.632980534547492,1.4098383195792572,0.0013633880814348785,0.03245679661631584,sha256:a860870d3e57bc65669606d024e3db976a666b4ac4d0c9e77b9fcf1fcd7803fa
cifar100,2,ema_restore,A-B-C-A,contrast,2,cifar100_s02_ema_restore_ABCA_contrast_v2,0.6065,0.5987,0.007800000000000029,0.5994,0.5997,0.007099999999999995,-0.0007000000000000339,0.45995,1.6603301233291625,0.09144109724983573,58.97644349999973,1.665755591060542,1.435258941559852,0.0013901408926784238,0.0321725495159626,sha256:08727eb5717d9c819b0f4d19f25cf5aa48ed65320d2fae0123da08a9ec4b05fd
cifar100,2,ema_restore,A-B-C-A,noise,1,cifar100_s02_ema_restore_ABCA_noise_v1,0.6065,0.5987,0.007800000000000029,0.5994,0.6005,0.007099999999999995,-0.0007000000000000339,0.40675,1.8736680948257447,0.09144109724983573,50.51181120000001,1.876534056814411,1.56198274108428,0.0015036045806482434,0.03535303473472595,sha256:f3d19332188daded56a65f92ddc4d232fa6cb0ce5d28ec72d63f9418b0525883
cifar100,2,ema_restore,A-B-C-A,noise,2,cifar100_s02_ema_restore_ABCA_noise_v2,0.6065,0.5987,0.007800000000000029,0.5992,0.5999,0.007300000000000084,-0.0004999999999999449,0.3192,2.111895240020752,0.09144109724983573,55.65615650000018,2.1164386521411847,1.6507315824303446,0.0015909314159999449,0.03594962880015373,sha256:0e7e5ec99d5db222f8ff252eec71c34b8676d8574184004aef769c755551d7a7
cifar100,2,ema_restore,A-B-C-A,rotation,1,cifar100_s02_ema_restore_ABCA_rotation_v1,0.6065,0.5987,0.007800000000000029,0.5989,0.5996,0.007600000000000051,-0.00019999999999997797,0.2912,2.009148558807373,0.09144109724983573,45.50143490000028,2.0134215219111384,1.5275182422203353,0.0014728664396967315,0.0345311239361763,sha256:5ade6f48c4dab90fa8592f006eb556f8deb92c60b7cc3a9fd62e2ec6ffe41a31
cifar100,2,ema_restore,A-B-C-A,rotation,2,cifar100_s02_ema_restore_ABCA_rotation_v2,0.6065,0.5987,0.007800000000000029,0.5995,0.5998,0.007000000000000006,-0.0008000000000000229,0.29635,1.9990761388778686,0.09144109724983573,56.068104400000266,2.0051625959480863,1.5305377516565444,0.001478569137073959,0.03407304733991623,sha256:59c46c6123d5bb9e19176fd46a6af2cbd51298f8a3a21ece5b2f0c7c7b45773d
cifar100,2,periodic_reset,A-B-A,blur,1,cifar100_s02_periodic_reset_ABA_blur_v1,0.6065,0.5987,0.007800000000000029,0.5988,0.599,0.00770000000000004,-9.999999999998899e-05,0.5031,1.686254301071167,0.09144109724983573,35.73352199999954,1.6890031552012963,1.4936343235305594,0.0019184133506533277,0.006269698031246662,sha256:f053f09752266a5f762cf978906648118a4cc8abcabf0d7c569c58e018d70f10
cifar100,2,periodic_reset,A-B-A,blur,2,cifar100_s02_periodic_reset_ABA_blur_v2,0.6065,0.5987,0.007800000000000029,0.5986,0.5988,0.007900000000000018,9.999999999998899e-05,0.4185,1.9431595249176026,0.09144109724983573,34.13614289999987,1.9464502515672129,1.6359810602815845,0.0021438706471714414,0.007094729226082563,sha256:87d594d214e2bff8a3b59252fb8a9db811f5288f77b4bb44295c411df388f05b
cifar100,2,periodic_reset,A-B-A,brightness,1,cifar100_s02_periodic_reset_ABA_brightness_v1,0.6065,0.5987,0.007800000000000029,0.5987,0.5987,0.007800000000000029,0.0,0.5961,1.3559186790466309,0.09144109724983573,27.53174460000082,1.3573722084866295,1.3030206583723236,0.001613492887361046,0.0056944782845675945,sha256:1451058d6c68a9fad8fbb8e5063d9d9f0f6a95587eb0c107d2093c1cecb6ff48
cifar100,2,periodic_reset,A-B-A,brightness,2,cifar100_s02_periodic_reset_ABA_brightness_v2,0.6065,0.5987,0.007800000000000029,0.5988,0.5989,0.00770000000000004,-9.999999999998899e-05,0.5794,1.4062355545043945,0.09144109724983573,39.089342499999475,1.4077372339707386,1.3297463142419164,0.0016503304514232315,0.005694215651601553,sha256:90d94814d1aa88a2c968d3846e5b2e555d616ccee7c20a246169c336fde73829
cifar100,2,periodic_reset,A-B-A,contrast,1,cifar100_s02_periodic_reset_ABA_contrast_v1,0.6065,0.5987,0.007800000000000029,0.5987,0.5989,0.007800000000000029,0.0,0.5976,1.3418563396453858,0.09144109724983573,44.05488830000013,1.343764923795869,1.3112541527687749,0.0016261815267343876,0.005729469005018473,sha256:adcf067346274784f018677d4cf017c1320e5eabdf65161202107fd192f30140
cifar100,2,periodic_reset,A-B-A,contrast,2,cifar100_s02_periodic_reset_ABA_contrast_v2,0.6065,0.5987,0.007800000000000029,0.5987,0.5989,0.007800000000000029,0.0,0.5821,1.3663528499603272,0.09144109724983573,39.97590650000075,1.3697926937779294,1.3513983608801154,0.0016727562746198118,0.005686566699296236,sha256:c9901cfed79aeac1211c51e1dd4ca1660dcdfeff7e173a880eb381188358176d
cifar100,2,periodic_reset,A-B-A,noise,1,cifar100_s02_periodic_reset_ABA_noise_v1,0.6065,0.5987,0.007800000000000029,0.5987,0.5988,0.007800000000000029,0.0,0.453,1.835534450340271,0.09144109724983573,44.26643960000001,1.837064236025267,1.620311106307597,0.002062284660266264,0.006911585107445717,sha256:9c98c0ebc18a0429b1a15cc56cc2d3d07232a7b19ed321367f45a55e40209261
cifar100,2,periodic_reset,A-B-A,noise,2,cifar100_s02_periodic_reset_ABA_noise_v2,0.6065,0.5987,0.007800000000000029,0.5986,0.5988,0.007900000000000018,9.999999999998899e-05,0.2979,2.2781236434936525,0.09144109724983573,39.65386789999957,2.2797238856931274,1.7868545930596846,0.002290084610304123,0.00731431320309639,sha256:63109047f78adcd21916cd35fc4b1f3b58efaa8e2622f3727c6d05876f42c49a
cifar100,2,periodic_reset,A-B-A,rotation,1,cifar100_s02_periodic_reset_ABA_rotation_v1,0.6065,0.5987,0.007800000000000029,0.5987,0.5991,0.007800000000000029,0.0,0.2231,2.1045290214538572,0.09144109724983573,40.038893999999345,2.109006601043894,1.5467562509488455,0.001957353627415303,0.006340771447867155,sha256:b9ccac53f91681e6f7e0ae177bae03446aba475f678501257e8ae08ce6bde0cb
cifar100,2,periodic_reset,A-B-A,rotation,2,cifar100_s02_periodic_reset_ABA_rotation_v2,0.6065,0.5987,0.007800000000000029,0.599,0.5987,0.007500000000000062,-0.00029999999999996696,0.2544,2.0473170326232912,0.09144109724983573,41.07085900000038,2.052169288261027,1.5421538217158257,0.0019330790198608479,0.006695576012134552,sha256:3a6e4d33fdc99647b50099fc9548613ef01c40e738e6cc69ab303228e69f401c
cifar100,2,periodic_reset,A-B-C-A,blur,1,cifar100_s02_periodic_reset_ABCA_blur_v1,0.6065,0.5987,0.007800000000000029,0.5987,0.5987,0.007800000000000029,0.0,0.4303,1.8082969390869141,0.09144109724983573,55.84772770000018,1.8117430602447897,1.5038227355932887,0.001944845291060879,0.005711408331990242,sha256:d8bc2988d44b8eac8a0f787f0ab3b279f05fc023c19b5eda193e9e9f4d99597d
cifar100,2,periodic_reset,A-B-C-A,blur,2,cifar100_s02_periodic_reset_ABCA_blur_v2,0.6065,0.5987,0.007800000000000029,0.5986,0.599,0.007900000000000018,9.999999999998899e-05,0.3774,1.9547386144638061,0.09144109724983573,55.12830789999953,1.960138214539878,1.579996476445017,0.0020697373304445345,0.006032148841768503,sha256:3d76d126a4ba67570341103ac48ba33d1d82a31f8f50bf256497010fcaefca96
cifar100,2,periodic_reset,A-B-C-A,brightness,1,cifar100_s02_periodic_reset_ABCA_brightness_v1,0.6065,0.5987,0.007800000000000029,0.5987,0.5987,0.007800000000000029,0.0,0.4768,1.643129894065857,0.09144109724983573,55.222118199999386,1.6459283443945874,1.40851668994638,0.0017887444281066427,0.005711408331990242,sha256:89b7f2d96b3aed721ced7d314be3a3926a431269b1dd4d8e039d2c2c891531ec
cifar100,2,periodic_reset,A-B-C-A,brightness,2,cifar100_s02_periodic_reset_ABCA_brightness_v2,0.6065,0.5987,0.007800000000000029,0.5986,0.599,0.007900000000000018,9.999999999998899e-05,0.45785,1.6862809535980225,0.09144109724983573,54.75879689999965,1.6907859821862812,1.4269041517112828,0.0018141032226053598,0.006032148841768503,sha256:1088448deccdce859a61c624b20d4c856f8b75c1bb484964832f112c765ba78b
cifar100,2,periodic_reset,A-B-C-A,contrast,1,cifar100_s02_periodic_reset_ABCA_contrast_v1,0.6065,0.5987,0.007800000000000029,0.5987,0.5987,0.007800000000000029,0.0,0.47755,1.6360978881835937,0.09144109724983573,52.89596720000009,1.639123875129072,1.412634162208702,0.0017953102080493317,0.005711408331990242,sha256:52fe71b3986f96498397e3a7415e7533f1293ac0ac17fb250078e0f56b468242
cifar100,2,periodic_reset,A-B-C-A,contrast,2,cifar100_s02_periodic_reset_ABCA_contrast_v2,0.6065,0.5987,0.007800000000000029,0.5986,0.599,0.007900000000000018,9.999999999998899e-05,0.4592,1.6663404008865357,0.09144109724983573,56.457816099999945,1.6718145027945313,1.4377191941949385,0.0018252677231131097,0.006032148841768503,sha256:d6b8f8b4810e85bce0fe883a947d693abf2e949326546b93aab908818a3542b6
cifar100,2,periodic_reset,A-B-C-A,noise,1,cifar100_s02_periodic_reset_ABCA_noise_v1,0.6065,0.5987,0.007800000000000029,0.5987,0.5987,0.007800000000000029,0.0,0.40525,1.8829348118782043,0.09144109724983573,53.15920389999974,1.8857714232010176,1.5671562590176547,0.0020208435222989866,0.005711408331990242,sha256:9991e98ca6708e95711df14f0c031f97e1b17f60efa82b9914e3ba35cacfc931
cifar100,2,periodic_reset,A-B-C-A,noise,2,cifar100_s02_periodic_reset_ABCA_noise_v2,0.6065,0.5987,0.007800000000000029,0.5986,0.599,0.007900000000000018,9.999999999998899e-05,0.3171,2.1222225826263426,0.09144109724983573,56.3559110999995,2.1267769193347497,1.6554504663129397,0.002144234084017292,0.006032148841768503,sha256:f31b67f84fd85525b8bdefaea9e728f19b9a8229b6261620b040f3a054abb2d3
cifar100,2,periodic_reset,A-B-C-A,rotation,1,cifar100_s02_periodic_reset_ABCA_rotation_v1,0.6065,0.5987,0.007800000000000029,0.5987,0.5987,0.007800000000000029,0.0,0.2903,2.017434662437439,0.09144109724983573,52.85137470000063,2.021745142302936,1.5303838630265827,0.0019647652611926294,0.005711408331990242,sha256:b9dfaf06fbc22cb02a0dd1d4dfbddb5e901fc5356bf0d1c1648080572a6d27e0
cifar100,2,periodic_reset,A-B-C-A,rotation,2,cifar100_s02_periodic_reset_ABCA_rotation_v2,0.6065,0.5987,0.007800000000000029,0.5986,0.599,0.007900000000000018,9.999999999998899e-05,0.29535,2.0068198783874514,0.09144109724983573,39.68369940000048,2.013000215156169,1.5330868461464024,0.0019618152306250095,0.006032148841768503,sha256:dc761926f503d4620eca1f13c937c4a50a05767d838d8908ad2798398bcac2f5
cifar100,2,source,A-B-A,blur,1,cifar100_s02_source_ABA_blur_v1,0.6065,0.6065,0.0,0.6065,0.6065,0.0,0.0,0.3267,2.265968102645874,0.09144109724983573,4.047611599999982,2.2671205303337,0.0,0.0,0.0,sha256:672435b5bd3f5c3d73ad29505ad3f2d5c978c22296f7a1a40b44dbd1f9d18a08
cifar100,2,source,A-B-A,blur,2,cifar100_s02_source_ABA_blur_v2,0.6065,0.6065,0.0,0.6065,0.6065,0.0,0.0,0.1687,2.392386632537842,0.09144109724983573,12.073773499999334,2.388644133942037,0.0,0.0,0.0,sha256:d2e4181a7e396e3273e93c6d7492460b248a3153326e9641af8afeb0fcc4ba46
cifar100,2,source,A-B-A,brightness,1,cifar100_s02_source_ABA_brightness_v1,0.6065,0.6065,0.0,0.6065,0.6065,0.0,0.0,0.5942,1.6275857963562013,0.09144109724983573,8.742089600000327,1.6241519209704822,0.0,0.0,0.0,sha256:afb1eeb2ed872260e5e20ed935c459b5d9ead13fb5ee94219289a8ca49146a2d
cifar100,2,source,A-B-A,brightness,2,cifar100_s02_source_ABA_brightness_v2,0.6065,0.6065,0.0,0.6065,0.6065,0.0,0.0,0.5474,1.8497534091949464,0.09144109724983573,9.77750240000023,1.8483418452588818,0.0,0.0,0.0,sha256:332a930348111d7fc9c086ca74c7df0ea2d53c06ee4cacd3621b6286f50bd94e
cifar100,2,source,A-B-A,contrast,1,cifar100_s02_source_ABA_contrast_v1,0.6065,0.6065,0.0,0.6065,0.6065,0.0,0.0,0.5859,1.5921025085449219,0.09144109724983573,9.177962299999308,1.5917115513282487,0.0,0.0,0.0,sha256:7bbdd3fb35ef0ab72da694b63aac1d2af1d728ced7d84d1e71561ab1a9d54cbd
cifar100,2,source,A-B-A,contrast,2,cifar100_s02_source_ABA_contrast_v2,0.6065,0.6065,0.0,0.6065,0.6065,0.0,0.0,0.502,1.8499743835449218,0.09144109724983573,4.124567199999547,1.8503566240962548,0.0,0.0,0.0,sha256:cdce0deba5c20b63b25d7e8a31be0b380c322e2e08df79b3d01b02e01504f60e
cifar100,2,source,A-B-A,noise,1,cifar100_s02_source_ABA_noise_v1,0.6065,0.6065,0.0,0.6065,0.6065,0.0,0.0,0.278,2.260468069076538,0.09144109724983573,7.181070399999953,2.257746267922317,0.0,0.0,0.0,sha256:74f7340873bef10bc726a034e6fd1d4e98a8e99eca2fae68b4bde98a2bc7af9d
cifar100,2,source,A-B-A,noise,2,cifar100_s02_source_ABA_noise_v2,0.6065,0.6065,0.0,0.6065,0.6065,0.0,0.0,0.0893,2.2230416061401366,0.09144109724983573,3.934990299999299,2.228357580643666,0.0,0.0,0.0,sha256:79c7fc308c70fa3d0cfb6ee5a7d73997d41aea465b7851d9003082fabd5ff76c
cifar100,2,source,A-B-A,rotation,1,cifar100_s02_source_ABA_rotation_v1,0.6065,0.6065,0.0,0.6065,0.6065,0.0,0.0,0.225,2.5462035041809084,0.09144109724983573,12.304776299999503,2.544588535646849,0.0,0.0,0.0,sha256:234cbd1bef3af7bfdd9cd46ccdfd39129775d620350493a9e18decade19a79fb
cifar100,2,source,A-B-A,rotation,2,cifar100_s02_source_ABA_rotation_v2,0.6065,0.6065,0.0,0.6065,0.6065,0.0,0.0,0.2494,2.456114289855957,0.09144109724983573,9.897823599999356,2.455208214023445,0.0,0.0,0.0,sha256:e385169fc8dcc445717f512a0b1827ef1a868b7cc910dfa0a7801da7026fd1d3
cifar100,2,source,A-B-C-A,blur,1,cifar100_s02_source_ABCA_blur_v1,0.6065,0.6065,0.0,0.6065,0.6065,0.0,0.0,0.32265,2.2927666984558104,0.09144109724983573,11.266232699999819,2.2932838276971745,0.0,0.0,0.0,sha256:af316f1d5daabe5321055625a69b99acccf84c2cadf0631575a8efcadbd32411
cifar100,2,source,A-B-C-A,blur,2,cifar100_s02_source_ABCA_blur_v2,0.6065,0.6065,0.0,0.6065,0.6065,0.0,0.0,0.24125,2.3470221296310423,0.09144109724983573,14.055573700000423,2.3483244950258277,0.0,0.0,0.0,sha256:e597cc3563bf4ea2993f445f6b26d33a847f92e9ea53847aaa6afc2f11e61ed6
cifar100,2,source,A-B-C-A,brightness,1,cifar100_s02_source_ABCA_brightness_v1,0.6065,0.6065,0.0,0.6065,0.6065,0.0,0.0,0.4564,1.973575545310974,0.09144109724983573,17.916718899999978,1.9717995230155656,0.0,0.0,0.0,sha256:f2ea8880997eac2b6835de061cbdd1859d9711fabf5e5fbb2a8203e14d4d1936
cifar100,2,source,A-B-C-A,brightness,2,cifar100_s02_source_ABCA_brightness_v2,0.6065,0.6065,0.0,0.6065,0.6065,0.0,0.0,0.4306,2.075705517959595,0.09144109724983573,15.052838300000076,2.0781733506842506,0.0,0.0,0.0,sha256:dbb3346fdfacc4bcdab5a533b10ac0d1bfd86e6c3f110f9bfc5844dcdf32dc4b
cifar100,2,source,A-B-C-A,contrast,1,cifar100_s02_source_ABCA_contrast_v1,0.6065,0.6065,0.0,0.6065,0.6065,0.0,0.0,0.45225,1.9558339014053345,0.09144109724983573,11.633810100000119,1.9555793381944488,0.0,0.0,0.0,sha256:4ed356991a7ddb2db6a23444a6df9b1f5d4576165e36db631b2dd06fd0024c98
cifar100,2,source,A-B-C-A,contrast,2,cifar100_s02_source_ABCA_contrast_v2,0.6065,0.6065,0.0,0.6065,0.6065,0.0,0.0,0.4079,2.0758160051345826,0.09144109724983573,5.845913699999983,2.0791807401029367,0.0,0.0,0.0,sha256:90e2d72c6b1547c126d7465d3e095d62f93527a313df2756174d7a66574ef815
cifar100,2,source,A-B-C-A,noise,1,cifar100_s02_source_ABCA_noise_v1,0.6065,0.6065,0.0,0.6065,0.6065,0.0,0.0,0.2983,2.2900166816711427,0.09144109724983573,6.889113199999883,2.288596696491483,0.0,0.0,0.0,sha256:10f31f3539f57dd398cbc8035c1d7a5d4dc996de4c0726a3891fc5ba2e3526bd
cifar100,2,source,A-B-C-A,noise,2,cifar100_s02_source_ABCA_noise_v2,0.6065,0.6065,0.0,0.6065,0.6065,0.0,0.0,0.20155,2.26234961643219,0.09144109724983573,14.228813800000353,2.2681812183766423,0.0,0.0,0.0,sha256:c5b7ea6843bd7f35824e4919fdcc2b24827695bff143532ee0df2632f3f65fd2
cifar100,2,source,A-B-C-A,rotation,1,cifar100_s02_source_ABCA_rotation_v1,0.6065,0.6065,0.0,0.6065,0.6065,0.0,0.0,0.2718,2.4328843992233278,0.09144109724983573,13.064929299999676,2.432017830353749,0.0,0.0,0.0,sha256:118360a800cdd817afe295f2e0995ee2f90ede8dce51db5ed5c50a8f6a38b6f0
cifar100,2,source,A-B-C-A,rotation,2,cifar100_s02_source_ABCA_rotation_v2,0.6065,0.6065,0.0,0.6065,0.6065,0.0,0.0,0.2816,2.3788859582901,0.09144109724983573,6.064380700000584,2.381606535066532,0.0,0.0,0.0,sha256:dc219390006253a83d90bddccd02b9dafa966b67c100fd4c4079f56bcb7305b3
cifar100,2,tent,A-B-A,blur,1,cifar100_s02_tent_ABA_blur_v1,0.6065,0.5987,0.007800000000000029,0.5998,0.6012,0.006700000000000039,-0.0010999999999999899,0.5049,1.676467361831665,0.09144109724983573,52.77796339999986,1.67907209486901,1.4872885323777985,0.0014872884030064828,0.043483104556798935,sha256:086836f7d788f82a062cfbfb82c35d069114b2f3a79395d2062dfabe8a709339
cifar100,2,tent,A-B-A,blur,2,cifar100_s02_tent_ABA_blur_v2,0.6065,0.5987,0.007800000000000029,0.5995,0.6011,0.007000000000000006,-0.0008000000000000229,0.4207,1.9276895225524902,0.09144109724983573,48.06415190000007,1.9307455926001826,1.6266534479358528,0.0016266534995004723,0.053919900208711624,sha256:dbb99d10418249347bcbc1773eaaabcf46c4e6677a81ceedafc1bb36f6edef5a
cifar100,2,tent,A-B-A,brightness,1,cifar100_s02_tent_ABA_brightness_v1,0.6065,0.5987,0.007800000000000029,0.5986,0.5998,0.007900000000000018,9.999999999998899e-05,0.5962,1.351993193435669,0.09144109724983573,47.952638099999604,1.35339664356618,1.2999838364275196,0.0012999841091635672,0.02876986935734749,sha256:b292de4aeac1f2a4de1100bd40bf1649224e474ded439ab297c5fe8589d52ab9
cifar100,2,tent,A-B-A,brightness,2,cifar100_s02_tent_ABA_brightness_v2,0.6065,0.5987,0.007800000000000029,0.5989,0.6001,0.007600000000000051,-0.00019999999999997797,0.5797,1.4018866012573241,0.09144109724983573,44.31579950000014,1.4033472145660013,1.3264543874354302,0.0013264542536904351,0.03000231459736824,sha256:b268ab44a3b8d72045c996bc46980c57686c987b7c98976bc1e3089ae9e39aaf
cifar100,2,tent,A-B-A,contrast,1,cifar100_s02_tent_ABA_contrast_v1,0.6065,0.5987,0.007800000000000029,0.5987,0.5998,0.007800000000000029,0.0,0.5974,1.3380310535430908,0.09144109724983573,15.609667199999421,1.3398993996125232,1.307707403279558,0.001307707324128928,0.028445642441511154,sha256:7457dbcfbfa6989288a7ec385fa8674661578e14ddca293021c5c662d35afba3
cifar100,2,tent,A-B-A,contrast,2,cifar100_s02_tent_ABA_contrast_v2,0.6065,0.5987,0.007800000000000029,0.5988,0.5997,0.00770000000000004,-9.999999999998899e-05,0.5822,1.362342811203003,0.09144109724983573,52.11698949999936,1.365730029118212,1.3480621666847905,0.0013480624272429113,0.029148265719413757,sha256:0181e8e540a0ebfa9e50b2759da15436c9e2533d186377d0d817e301a1a8e1a1
cifar100,2,tent,A-B-A,noise,1,cifar100_s02_tent_ABA_noise_v1,0.6065,0.5987,0.007800000000000029,0.5997,0.6006,0.006800000000000028,-0.0010000000000000009,0.4547,1.8252057472229004,0.09144109724983573,31.835858599999483,1.8267168530934974,1.6138225144977811,0.0016138232799388374,0.04458994045853615,sha256:57bb8c9bf9fda2a70d32dd5e525cde7a5a2eb9f9eeb3edc03987432ee42e744f
cifar100,2,tent,A-B-A,noise,2,cifar100_s02_tent_ABA_noise_v2,0.6065,0.5987,0.007800000000000029,0.6006,0.6011,0.005900000000000016,-0.0019000000000000128,0.3004,2.2647690353393553,0.09144109724983573,48.619157899999664,2.2663890228995793,1.7800171495992927,0.0017800175443385975,0.050516705960035324,sha256:1bf01de2f55c5e4898c1b9336b8ed7ec7e746dfde5582edc110697d3658903df
cifar100,2,tent,A-B-A,rotation,1,cifar100_s02_tent_ABA_rotation_v1,0.6065,0.5987,0.007800000000000029,0.5986,0.5996,0.007900000000000018,9.999999999998899e-05,0.2233,2.0962798706054686,0.09144109724983573,37.134366399999635,2.1005383594126643,1.5442483696756484,0.001544248765110498,0.04060516133904457,sha256:6603e6145ea0701813d091b20b1bf6908f0cf0ad2e0eed60ad09e64287d5052c
cifar100,2,tent,A-B-A,rotation,2,cifar100_s02_tent_ABA_rotation_v2,0.6065,0.5987,0.007800000000000029,0.5991,0.5997,0.007400000000000073,-0.00039999999999995595,0.2552,2.039924678039551,0.09144109724983573,38.65547460000016,2.0445728694336323,1.5399504356746432,0.0015399507851092309,0.03870638087391853,sha256:1c353622fda2f1f6cca374d751b5b878f41312ce03e981a3186cc5630d045db2
cifar100,2,tent,A-B-C-A,blur,1,cifar100_s02_tent_ABCA_blur_v1,0.6065,0.5987,0.007800000000000029,0.6,0.601,0.006500000000000061,-0.0012999999999999678,0.43195,1.795005411529541,0.09144109724983573,66.31626059999962,1.7983627696580524,1.4973486307301098,0.0014973487697624236,0.06937015801668167,sha256:483f563bc21869a9b1d25f85ebe50a3a42f88843c05ef730bb4ef961a3132446
cifar100,2,tent,A-B-C-A,blur,2,cifar100_s02_tent_ABCA_blur_v2,0.6065,0.5987,0.007800000000000029,0.5999,0.6012,0.00660000000000005,-0.0011999999999999789,0.3786,1.9389337432861329,0.09144109724983573,53.58460980000018,1.944221617300299,1.5719939070411875,0.0015719943875859527,0.07546946406364441,sha256:d53e6e23aadc5f3a4d4cd90a36efe567aff8f90ff3e621da8630cd73c94a995e
cifar100,2,tent,A-B-C-A,brightness,1,cifar100_s02_tent_ABCA_brightness_v1,0.6065,0.5987,0.007800000000000029,0.5991,0.6003,0.007400000000000073,-0.00039999999999995595,0.4783,1.6335301448822022,0.09144109724983573,63.23678989999917,1.636336416383333,1.4041143995297105,0.0014041141095524064,0.059254709631204605,sha256:847ce71c8d77d2b03082004f15cf7c5951c44f4a9105030a1b6957cf137b837b
cifar100,2,tent,A-B-C-A,brightness,2,cifar100_s02_tent_ABCA_brightness_v2,0.6065,0.5987,0.007800000000000029,0.5992,0.6002,0.007300000000000084,-0.0004999999999999449,0.4588,1.6766106300354005,0.09144109724983573,31.781684000000496,1.6810519785820683,1.4225100603284715,0.0014225099747116336,0.05962711200118065,sha256:4393429265618fa6bb1b40ccd60751a00c2f6bd53bf73723af541b788ce096a8
cifar100,2,tent,A-B-C-A,contrast,1,cifar100_s02_tent_ABCA_contrast_v1,0.6065,0.5987,0.007800000000000029,0.5991,0.6007,0.007400000000000073,-0.00039999999999995595,0.4785,1.6266845476150513,0.09144109724983573,54.56087849999949,1.6297237669365316,1.4081996822658973,0.0014082002748228328,0.0587322972714901,sha256:e82bb143d19668f4a5afd9a5d8c3bce4534fc44ce57fec82cb0043546d67b10c
cifar100,2,tent,A-B-C-A,contrast,2,cifar100_s02_tent_ABCA_contrast_v2,0.6065,0.5987,0.007800000000000029,0.5994,0.6004,0.007099999999999995,-0.0007000000000000339,0.4599,1.6571978914260865,0.09144109724983573,66.46450729999924,1.6626024646095083,1.4336194916616511,0.0014336196001312588,0.05827543884515762,sha256:564b0f8748b56c7b695f358b87c236dc8a73bf809ad091ddc897363ef394508d
cifar100,2,tent,A-B-C-A,noise,1,cifar100_s02_tent_ABCA_noise_v1,0.6065,0.5987,0.007800000000000029,0.6006,0.6014,0.005900000000000016,-0.0019000000000000128,0.40725,1.8690105014801026,0.09144109724983573,67.33974060000037,1.8718672892715358,1.5593545187877704,0.0015593551687271441,0.07073873281478882,sha256:a87523d8d825ec49f1683db5b8e5e1f1b5876c5beb94602fbbd6edf75a879cc2
cifar100,2,tent,A-B-C-A,noise,2,cifar100_s02_tent_ABCA_noise_v2,0.6065,0.5987,0.007800000000000029,0.5998,0.6012,0.006700000000000039,-0.0010999999999999899,0.3193,2.1068660736083986,0.09144109724983573,65.20295569999962,2.111396625072141,1.6474516127682939,0.001647452058276468,0.07456181943416595,sha256:0c25a45b81320278cd7ff09d15d5e3ba17b7ad7bd11247f34e3f7fc0415f0523
cifar100,2,tent,A-B-C-A,rotation,1,cifar100_s02_tent_ABCA_rotation_v1,0.6065,0.5987,0.007800000000000029,0.5992,0.6004,0.007300000000000084,-0.0004999999999999449,0.2913,2.004970584487915,0.09144109724983573,35.934467800000675,2.0091931276683566,1.5255833856667145,0.0015255839702425689,0.06739681214094162,sha256:27611506e640278db626bd377a90ba0becc475376454364c5c0fd5c3e215d053
cifar100,2,tent,A-B-C-A,rotation,2,cifar100_s02_tent_ABCA_rotation_v2,0.6065,0.5987,0.007800000000000029,0.5997,0.5999,0.006800000000000028,-0.0010000000000000009,0.29615,1.995028352355957,0.09144109724983573,61.512280299999475,2.0010606276838083,1.5290190464333644,0.0015290190916673481,0.06582571566104889,sha256:a1339f9a4565d6433a6b1634353910c821bdff13cfbe16fbfac4d5e7cf65040c
cifar100,3,anchor,A-B-A,blur,1,cifar100_s03_anchor_ABA_blur_v1,0.6008,0.5952,0.005600000000000049,0.5963,0.5966,0.0044999999999999485,-0.001100000000000101,0.488,1.6746825523376465,0.08552194204740227,36.10953530000006,1.6796920737133751,1.5250842888143998,0.0015250835376143267,0.04529329016804695,sha256:0fbc9ae07feceeae7d21dc3f7c6adca1a72ea68219d4805c35aced588d7bc76d
cifar100,3,anchor,A-B-A,blur,2,cifar100_s03_anchor_ABA_blur_v2,0.6008,0.5952,0.005600000000000049,0.5949,0.5966,0.005900000000000016,0.00029999999999996696,0.4062,1.9123300765991211,0.08552194204740227,36.32687879999958,1.9190108097052272,1.6405306586736366,0.0016405307776235704,0.052801523357629776,sha256:aaf7e9a48d520195f4f960013e80b813fe219dd847c5ebfdf5f75050bc439d05
cifar100,3,anchor,A-B-A,brightness,1,cifar100_s03_anchor_ABA_brightness_v1,0.6008,0.5952,0.005600000000000049,0.5959,0.5971,0.0049000000000000155,-0.0007000000000000339,0.5899,1.3364876678466797,0.08552194204740227,36.611132400000315,1.3413767150685758,1.2894595740716668,0.001289459360952053,0.02885880134999752,sha256:76179bc3e7e43eb2a5f9072573c0853260e32b62e655ce3a0e4e53c320cb4e24
cifar100,3,anchor,A-B-A,brightness,2,cifar100_s03_anchor_ABA_brightness_v2,0.6008,0.5952,0.005600000000000049,0.5961,0.5973,0.0047000000000000375,-0.0009000000000000119,0.5727,1.3792112243652344,0.08552194204740227,36.840478000000076,1.3842281359660475,1.3245343739473368,0.0013245347580766375,0.02999948151409626,sha256:acf0f84894cc48c0a8e8615be2bddf20ad711ffeff256952315f232adff1ac48
cifar100,3,anchor,A-B-A,contrast,1,cifar100_s03_anchor_ABA_contrast_v1,0.6008,0.5952,0.005600000000000049,0.5961,0.5967,0.0047000000000000375,-0.0009000000000000119,0.5922,1.3221292888641358,0.08552194204740227,36.542782599999555,1.3276772212378587,1.2987286772909044,0.0012987292109387396,0.028691332787275314,sha256:845adc94896a477da53f87d96f9d4cc21d7a245d25641da930e059c1a1fa8f19
cifar100,3,anchor,A-B-A,contrast,2,cifar100_s03_anchor_ABA_contrast_v2,0.6008,0.5952,0.005600000000000049,0.596,0.5969,0.0048000000000000265,-0.0008000000000000229,0.5763,1.350473399543762,0.08552194204740227,37.091165300000284,1.3554211447510538,1.3433765429484694,0.0013433767812727373,0.029412172734737396,sha256:5aa30e577f5da0d96477b6cd54e2a94b549ad0ae873a6dd530baa3c5256e1e1b
cifar100,3,anchor,A-B-A,noise,1,cifar100_s03_anchor_ABA_noise_v1,0.6008,0.5952,0.005600000000000049,0.5958,0.5967,0.0050000000000000044,-0.0006000000000000449,0.4406,1.8145353958129882,0.08552194204740227,35.94530140000006,1.817590897596335,1.627801104436947,0.0016278016625585247,0.04520722106099129,sha256:f38a84a6f1ddb47c9770d0462a15cf50a7121ada0a034427dc85e8da7334af3c
cifar100,3,anchor,A-B-A,noise,2,cifar100_s03_anchor_ABA_noise_v2,0.6008,0.5952,0.005600000000000049,0.5956,0.5969,0.005199999999999982,-0.00040000000000006697,0.2924,2.2434955917358397,0.08552194204740227,36.566367000000355,2.2443045513539372,1.796555238434031,0.0017965559381991625,0.05050215870141983,sha256:8f7dda3ba8a1188e2530500dd0d5d48f75b676dedcc980e283ea75cac3fac97f
cifar100,3,anchor,A-B-A,rotation,1,cifar100_s03_anchor_ABA_rotation_v1,0.6008,0.5952,0.005600000000000049,0.5964,0.5969,0.0043999999999999595,-0.0012000000000000899,0.2169,2.0777860569000244,0.08552194204740227,35.44953799999985,2.082967257197899,1.565527236914333,0.0015655260391627685,0.040254127234220505,sha256:6ba59e2fc424b9a27dc50be60599c030280986c566e877c213a900575a6e3e2d
cifar100,3,anchor,A-B-A,rotation,2,cifar100_s03_anchor_ABA_rotation_v2,0.6008,0.5952,0.005600000000000049,0.5963,0.5961,0.0044999999999999485,-0.001100000000000101,0.2552,2.0220699394226074,0.08552194204740227,35.96126579999964,2.0228857133961933,1.5382633541203752,0.0015382629559858691,0.03811517357826233,sha256:24122a7eba87826eb106331eeaa247bfa9dadbd67ff128b7cc6dd2e2eaaf929d
cifar100,3,anchor,A-B-C-A,blur,1,cifar100_s03_anchor_ABCA_blur_v1,0.6008,0.5952,0.005600000000000049,0.597,0.5975,0.0038000000000000256,-0.0018000000000000238,0.41785,1.7909291023254394,0.08552194204740227,53.653586299999915,1.7957218757158593,1.5338151990612852,0.0015338149991570205,0.0708245262503624,sha256:93c600a492004953a1118cc025ef97b1be869fee8ae6f845cf8bd62ded1bc64b
cifar100,3,anchor,A-B-C-A,blur,2,cifar100_s03_anchor_ABCA_blur_v2,0.6008,0.5952,0.005600000000000049,0.5966,0.5971,0.0041999999999999815,-0.0014000000000000679,0.3694,1.928253113746643,0.08552194204740227,52.891770899999756,1.9341986103902888,1.5874968978423107,0.0015874970947463017,0.07460349798202515,sha256:4e84f812451cd0ebe1c94b4787761951f294268d3e95195a87e009d4cad40587
cifar100,3,anchor,A-B-C-A,brightness,1,cifar100_s03_anchor_ABCA_brightness_v1,0.6008,0.5952,0.005600000000000049,0.5977,0.5983,0.0030999999999999917,-0.0025000000000000577,0.4689,1.622351135635376,0.08552194204740227,55.0585616999997,1.6271084713030466,1.416767210900029,0.0014167674389797486,0.06047526001930237,sha256:f6eac2d8edddede4c7aa3291b0b395aa39a46f264ee8ec9e18712c05723385ce
cifar100,3,anchor,A-B-C-A,brightness,2,cifar100_s03_anchor_ABCA_brightness_v2,0.6008,0.5952,0.005600000000000049,0.5978,0.5991,0.0030000000000000027,-0.0026000000000000467,0.45275,1.6617412561416627,0.08552194204740227,54.54823940000006,1.6668811712083937,1.4300666330735894,0.0014300668896529587,0.06064485013484955,sha256:e88620901074c9f42e75f4e0281cf6bb31c5ce1353a5affb0b27ec5de71ad96e
cifar100,3,anchor,A-B-C-A,contrast,1,cifar100_s03_anchor_ABCA_contrast_v1,0.6008,0.5952,0.005600000000000049,0.5972,0.5978,0.0036000000000000476,-0.0020000000000000018,0.47005,1.6152835821151734,0.08552194204740227,57.791405300000406,1.6203686987297445,1.4214099834236917,0.0014214104666268523,0.060107529163360596,sha256:a545c2a7119bcfdb4f8839ce6d84624b7ce2a0d46e4dec133e9d1cdf0b7cf8fd
cifar100,3,anchor,A-B-C-A,contrast,2,cifar100_s03_anchor_ABCA_contrast_v2,0.6008,0.5952,0.005600000000000049,0.5974,0.5988,0.0033999999999999586,-0.0022000000000000908,0.45455,1.647862004184723,0.08552194204740227,58.13709330000074,1.6529753789117065,1.4395077794413023,0.0014395078185863227,0.05901941657066345,sha256:346dedd8e686b67af0832fc80b215208f3a63baeb6a73d9b408bf6d1547bf983
cifar100,3,anchor,A-B-C-A,noise,1,cifar100_s03_anchor_ABCA_noise_v1,0.6008,0.5952,0.005600000000000049,0.5966,0.5973,0.0041999999999999815,-0.0014000000000000679,0.39375,1.8601771606445312,0.08552194204740227,57.293712400000004,1.8640193320527862,1.583733735205252,0.0015837340888307913,0.07224610447883606,sha256:58cad9551ded980fa16e1082f3d50709524ccc20bdbb8c10cb3a08fd3ae54fb3
cifar100,3,anchor,A-B-C-A,noise,2,cifar100_s03_anchor_ABCA_noise_v2,0.6008,0.5952,0.005600000000000049,0.597,0.598,0.0038000000000000256,-0.0018000000000000238,0.31235,2.0924726383209227,0.08552194204740227,57.56867059999968,2.0954791066012803,1.664804004415681,0.0016648042696539925,0.075955331325531,sha256:6093ed12df51eeaf50a0027cef8c375735513659bedcea783464402744fa963c
cifar100,3,anchor,A-B-C-A,rotation,1,cifar100_s03_anchor_ABCA_rotation_v1,0.6008,0.5952,0.005600000000000049,0.5977,0.5979,0.0030999999999999917,-0.0025000000000000577,0.28185,1.9919657781600952,0.08552194204740227,56.53923729999951,1.99690376580516,1.5539093983324268,0.0015539091774498266,0.06889086216688156,sha256:435043767c7cd9bc2617774f8c73178a4fd7cb1800a709842403f3cefad50baa
cifar100,3,anchor,A-B-C-A,rotation,2,cifar100_s03_anchor_ABCA_rotation_v2,0.6008,0.5952,0.005600000000000049,0.5968,0.598,0.0040000000000000036,-0.0016000000000000458,0.29385,1.9823326210021972,0.08552194204740227,56.605486599999495,1.9854100972791262,1.5363449137422103,0.0015363447468350582,0.06681707501411438,sha256:b214d71215f60ee11e39e2ad79dc21c2de64a6dd85f3435605a4aa2bd4dd0c9d
cifar100,3,ema_restore,A-B-A,blur,1,cifar100_s03_ema_restore_ABA_blur_v1,0.6008,0.5952,0.005600000000000049,0.5959,0.597,0.0049000000000000155,-0.0007000000000000339,0.4874,1.6772205245971679,0.08552194204740227,45.05520819999947,1.682295305819451,1.5265132973465738,0.0014631397185163408,0.03135641664266586,sha256:4fee6bacecabc287526637d27122a0a34a420318e3b6df4af8bd85d71b92394a
cifar100,3,ema_restore,A-B-A,blur,2,cifar100_s03_ema_restore_ABA_blur_v2,0.6008,0.5952,0.005600000000000049,0.5956,0.5964,0.005199999999999982,-0.00040000000000006697,0.4058,1.9158152900695802,0.08552194204740227,45.57205880000038,1.9225995706606516,1.6422759747203393,0.0015634425187813518,0.036507003009319305,sha256:69e712d991eecec6b070abaa1949030ffa489ab551bcd8915f3bf3ae9bfc3499
cifar100,3,ema_restore,A-B-A,brightness,1,cifar100_s03_ema_restore_ABA_brightness_v1,0.6008,0.5952,0.005600000000000049,0.5961,0.5971,0.0047000000000000375,-0.0009000000000000119,0.59,1.3374422775268555,0.08552194204740227,46.55020060000061,1.3423549962949148,1.290543581866011,0.0012571407199094566,0.02011568285524845,sha256:d507f3a876ee1fd29df057478b15b8a02123455a8516f1e38f0fb84949a6c283
cifar100,3,ema_restore,A-B-A,brightness,2,cifar100_s03_ema_restore_ABA_brightness_v2,0.6008,0.5952,0.005600000000000049,0.596,0.5968,0.0048000000000000265,-0.0008000000000000229,0.5727,1.380228854370117,0.08552194204740227,46.70869439999933,1.3852735561660574,1.3254266117192521,0.0012904966421000941,0.020975762978196144,sha256:6ce2281d70149c5d4c835761ef86aa1f0e12ee0e769b590e42ac119259e493b6
cifar100,3,ema_restore,A-B-A,contrast,1,cifar100_s03_ema_restore_ABA_contrast_v1,0.6008,0.5952,0.005600000000000049,0.5962,0.5968,0.0046000000000000485,-0.0010000000000000009,0.5921,1.3230710594177246,0.08552194204740227,35.5373086999989,1.32864019387885,1.2993775772143015,0.001266446515705578,0.01991317793726921,sha256:f9e738d377d93ed2c5bf99334a7943415024319772ac6c6aed9efca4a6b6c871
cifar100,3,ema_restore,A-B-A,contrast,2,cifar100_s03_ema_restore_ABA_contrast_v2,0.6008,0.5952,0.005600000000000049,0.5963,0.5969,0.0044999999999999485,-0.001100000000000101,0.5759,1.3514614915847778,0.08552194204740227,35.384064599998965,1.356423189368429,1.3441443337669856,0.0013105601611653273,0.02036639116704464,sha256:ed563f20659303517a721ab01c0f7b7089743583a039aecb42208fbc73477142
cifar100,3,ema_restore,A-B-A,noise,1,cifar100_s03_ema_restore_ABA_noise_v1,0.6008,0.5952,0.005600000000000049,0.5961,0.5967,0.0047000000000000375,-0.0009000000000000119,0.4399,1.8170490467071534,0.08552194204740227,37.012952199999745,1.820163304292703,1.6298157655740086,0.001569489450370775,0.031304731965065,sha256:f074135542de837ccd242ed9905c3ed132cd7d11bc5dea5faeb76b3b9e0f0a36
cifar100,3,ema_restore,A-B-A,noise,2,cifar100_s03_ema_restore_ABA_noise_v2,0.6008,0.5952,0.005600000000000049,0.5955,0.5964,0.005299999999999971,-0.000300000000000078,0.2916,2.2466839160919188,0.08552194204740227,35.28864479999993,2.247544708131235,1.7983551538443263,0.0017304502006125035,0.034789636731147766,sha256:f6b33cf6ff71d9d9caa3d1da797fd6be79b918b95cf37aeeac7361fada9784ed
cifar100,3,ema_restore,A-B-A,rotation,1,cifar100_s03_ema_restore_ABA_rotation_v1,0.6008,0.5952,0.005600000000000049,0.5962,0.5968,0.0046000000000000485,-0.0010000000000000009,0.2169,2.079721908569336,0.08552194204740227,34.66919959999905,2.0849451369877103,1.5658672670774822,0.001514910908911047,0.027959618717432022,sha256:b837344b485a0f2ccb47c8268177a118f86174a72cf601041026165e5030e8ef
cifar100,3,ema_restore,A-B-A,rotation,2,cifar100_s03_ema_restore_ABA_rotation_v2,0.6008,0.5952,0.005600000000000049,0.5958,0.5966,0.0050000000000000044,-0.0006000000000000449,0.255,2.023777722167969,0.08552194204740227,34.67984550000074,2.0246366428423532,1.5389734295350086,0.0014921846045063266,0.02628342993557453,sha256:2b159a0ae61da6772d4f66e3b70735eef50e193881b3bb33f24741c40c3e7ad2
cifar100,3,ema_restore,A-B-C-A,blur,1,cifar100_s03_ema_restore_ABCA_blur_v1,0.6008,0.5952,0.005600000000000049,0.5966,0.5973,0.0041999999999999815,-0.0014000000000000679,0.4176,1.7954963687896728,0.08552194204740227,54.1532900000002,1.8003605694710454,1.5365900684006606,0.0014777743011489038,0.035589441657066345,sha256:803eddb91b2bedb444d0aa21d6ddf552d0ff327c4fc35bd0bdd9c6374995d894
cifar100,3,ema_restore,A-B-C-A,blur,2,cifar100_s03_ema_restore_ABCA_blur_v2,0.6008,0.5952,0.005600000000000049,0.5959,0.5975,0.0049000000000000155,-0.0007000000000000339,0.3692,1.9329816282272339,0.08552194204740227,54.17310670000006,1.9390572596199904,1.589632364013527,0.001528045833051865,0.03578352928161621,sha256:f4175eec10290bccc99bc12d8f1f12f1cec9923f93bb64dc47ae5c293441552e
cifar100,3,ema_restore,A-B-C-A,brightness,1,cifar100_s03_ema_restore_ABCA_brightness_v1,0.6008,0.5952,0.005600000000000049,0.5968,0.5975,0.0040000000000000036,-0.0016000000000000458,0.46945,1.62588648147583,0.08552194204740227,54.04157139999916,1.6306782379935059,1.4188429351094403,0.00137125898986654,0.033350784331560135,sha256:4dbe192b3b7732b5f3d4fd17d509d61740d7bf3a354d12591a51a71985442be4
cifar100,3,ema_restore,A-B-C-A,brightness,2,cifar100_s03_ema_restore_ABCA_brightness_v2,0.6008,0.5952,0.005600000000000049,0.5966,0.5979,0.0041999999999999815,-0.0014000000000000679,0.4528,1.6652313255310058,0.08552194204740227,53.983258000000205,1.6704458383065235,1.4314043227630326,0.0013841577102665942,0.03308653086423874,sha256:1e2198ac37a5822f9429d84f0f2d1760c07cac2e35a4b5afb68b44408940306b
cifar100,3,ema_restore,A-B-C-A,contrast,1,cifar100_s03_ema_restore_ABCA_contrast_v1,0.6008,0.5952,0.005600000000000049,0.5965,0.5974,0.0042999999999999705,-0.0013000000000000789,0.47035,1.618743375015259,0.08552194204740227,55.90927700000066,1.6238615746739544,1.4233452904073498,0.0013761370887838398,0.033239249140024185,sha256:2a2ed34c41bbeb55f5775d364d2bca038eb41f73fdf8d42339e2c195ea2aade2
cifar100,3,ema_restore,A-B-C-A,contrast,2,cifar100_s03_ema_restore_ABCA_contrast_v2,0.6008,0.5952,0.005600000000000049,0.5963,0.5981,0.0044999999999999485,-0.001100000000000101,0.45445,1.6510716507911682,0.08552194204740227,58.95079389999955,1.6562454496757895,1.440973932984509,0.0013952854500576572,0.03252571076154709,sha256:75e921784cec475cfae7f3105e482afbb36992947d8d9b232a88f9dbcb3e734e
cifar100,3,ema_restore,A-B-C-A,noise,1,cifar100_s03_ema_restore_ABCA_noise_v1,0.6008,0.5952,0.005600000000000049,0.596,0.5969,0.0048000000000000265,-0.0008000000000000229,0.394,1.8651272672653199,0.08552194204740227,60.601837299998806,1.8690219234816636,1.5876989191091513,0.0015289287651665037,0.03613206744194031,sha256:b88cd9c0866bf6ac14dabd5c2b56923f8897a5b930eec45598c534e3fd268942
cifar100,3,ema_restore,A-B-C-A,noise,2,cifar100_s03_ema_restore_ABCA_noise_v2,0.6008,0.5952,0.005600000000000049,0.5967,0.5976,0.0040999999999999925,-0.0015000000000000568,0.31225,2.097759660720825,0.08552194204740227,62.73726920000081,2.1008780440197716,1.6671566495412513,0.0016068506888644416,0.036645494401454926,sha256:7ca4de3874c3cf3f1edc259450ecc08daf5a7c2b28a73a73415ac73d61647b02
cifar100,3,ema_restore,A-B-C-A,rotation,1,cifar100_s03_ema_restore_ABCA_rotation_v1,0.6008,0.5952,0.005600000000000049,0.5964,0.5976,0.0043999999999999595,-0.0012000000000000899,0.2824,1.9965242244720458,0.08552194204740227,53.196849899999506,2.001485080658635,1.5561042699632766,0.0015006362470868927,0.03539217635989189,sha256:de916a37c84e1bcbc365864eb82a947c2112ab019d46ff565ae1be9acfa6ea27
cifar100,3,ema_restore,A-B-C-A,rotation,2,cifar100_s03_ema_restore_ABCA_rotation_v2,0.6008,0.5952,0.005600000000000049,0.596,0.5979,0.0048000000000000265,-0.0008000000000000229,0.29395,1.9866036348342895,0.08552194204740227,54.721378499998536,1.9897393086288548,1.538003588024574,0.001485140712731341,0.03456126153469086,sha256:689727abf63d200d811b7386bd97824d951d42a6a4a8dca46e3ccc5145d14b22
cifar100,3,periodic_reset,A-B-A,blur,1,cifar100_s03_periodic_reset_ABA_blur_v1,0.6008,0.5952,0.005600000000000049,0.596,0.5962,0.0048000000000000265,-0.0008000000000000229,0.4859,1.6853524028778075,0.08552194204740227,33.58233560000008,1.6905181287210198,1.5314159091514876,0.0019630971438357537,0.006833522580564022,sha256:9d6a75e0793c638b97699ecdbb4feced65063046a5ace8bdec734876361335b5
cifar100,3,periodic_reset,A-B-A,blur,2,cifar100_s03_periodic_reset_ABA_blur_v2,0.6008,0.5952,0.005600000000000049,0.5958,0.5962,0.0050000000000000044,-0.0006000000000000449,0.4032,1.9270739959716796,0.08552194204740227,35.64736140000059,1.934005458143693,1.6475950932200951,0.002143689877754431,0.0070607648231089115,sha256:77b02622976cc8ca9523cc4a0f74c2277c9250cbf680e2641b525790c27f46ee
cifar100,3,periodic_reset,A-B-A,brightness,1,cifar100_s03_periodic_reset_ABA_brightness_v1,0.6008,0.5952,0.005600000000000049,0.5955,0.5961,0.005299999999999971,-0.000300000000000078,0.5895,1.3404745679855348,0.08552194204740227,36.80211150000105,1.3454227704036086,1.2933594395842734,0.0016023448868831502,0.005402727518230677,sha256:2e65e7ddaccd84f5d3789cdf585a3b07b82787b165d8f62c3fbb61504dfe1529
cifar100,3,periodic_reset,A-B-A,brightness,2,cifar100_s03_periodic_reset_ABA_brightness_v2,0.6008,0.5952,0.005600000000000049,0.5955,0.5961,0.005299999999999971,-0.000300000000000078,0.5727,1.3835149364471435,0.08552194204740227,40.68850790000033,1.388608439059197,1.3286339527443995,0.0016497890243919778,0.005654760170727968,sha256:748f9170699004db06621708b4f11ce47bcd28d4562a3455b972160b87353736
cifar100,3,periodic_reset,A-B-A,contrast,1,cifar100_s03_periodic_reset_ABA_contrast_v1,0.6008,0.5952,0.005600000000000049,0.5956,0.5961,0.005199999999999982,-0.00040000000000006697,0.5921,1.326063367652893,0.08552194204740227,36.8620581999985,1.3316615442686444,1.3020825386047363,0.0016138643995988406,0.005295296665281057,sha256:aef15c4024e97a802c266506ed8fd14a85fb9ce237de1dfe527ac09db604eb4b
cifar100,3,periodic_reset,A-B-A,contrast,2,cifar100_s03_periodic_reset_ABA_contrast_v2,0.6008,0.5952,0.005600000000000049,0.5955,0.5961,0.005299999999999971,-0.000300000000000078,0.5756,1.3546067680358886,0.08552194204740227,36.862723400001414,1.3595830775514435,1.3462840726103964,0.0016698760505105498,0.005445332266390324,sha256:e49f74ead1ac21cae6b1de83130717216666cdc1451ed46dfbcadc5bf3913379
cifar100,3,periodic_reset,A-B-A,noise,1,cifar100_s03_periodic_reset_ABA_noise_v1,0.6008,0.5952,0.005600000000000049,0.5954,0.5961,0.00539999999999996,-0.000200000000000089,0.4387,1.8249834823608397,0.08552194204740227,36.75178649999907,1.8282016138487225,1.635265982603725,0.002081578261442954,0.007093808148056269,sha256:ce6656a056d84d087aa2f16d8a022b83e6c8a5bedaa459cc5525092e31bef56a
cifar100,3,periodic_reset,A-B-A,noise,2,cifar100_s03_periodic_reset_ABA_noise_v2,0.6008,0.5952,0.005600000000000049,0.5953,0.5962,0.005499999999999949,-0.00010000000000010001,0.2903,2.2566988540649415,0.08552194204740227,36.549023900000975,2.2576162241682223,1.8016385096537917,0.002299882518717005,0.007173113524913788,sha256:b684d40f7ef42620f8e22a0a3f5a9f9acd702bc8dac883f35c19f86cfae37918
cifar100,3,periodic_reset,A-B-A,rotation,1,cifar100_s03_periodic_reset_ABA_rotation_v1,0.6008,0.5952,0.005600000000000049,0.5951,0.5963,0.005700000000000038,9.999999999998899e-05,0.2162,2.0859304527282716,0.08552194204740227,35.732381600000735,2.091215530528298,1.567720790452595,0.001980659252775338,0.0064895059913396835,sha256:24dad0f84b01f66b0ca7af7cc861d11565e101a8bed0a73966d9e6cd871c5d96
cifar100,3,periodic_reset,A-B-A,rotation,2,cifar100_s03_periodic_reset_ABA_rotation_v2,0.6008,0.5952,0.005600000000000049,0.596,0.5961,0.0048000000000000265,-0.0008000000000000229,0.2546,2.029260208129883,0.08552194204740227,35.80021659999875,2.0301744907717163,1.5411473693726938,0.001937074300868413,0.005893087014555931,sha256:dc87a89b2f8ec507772418a4bcbf1b29df022e23e487905c8ea26d67daee0d4b
cifar100,3,periodic_reset,A-B-C-A,blur,1,cifar100_s03_periodic_reset_ABCA_blur_v1,0.6008,0.5952,0.005600000000000049,0.5955,0.5961,0.005299999999999971,-0.000300000000000078,0.41705,1.8047686506271363,0.08552194204740227,51.58378030000131,1.8097095685669138,1.541463329067713,0.0019928156243507527,0.006260142661631107,sha256:2f3a0b44b044ea59e653c035502f7dd32e9b6357bc2211775dfb5199dbf75f03
cifar100,3,periodic_reset,A-B-C-A,blur,2,cifar100_s03_periodic_reset_ABCA_blur_v2,0.6008,0.5952,0.005600000000000049,0.5953,0.5962,0.005499999999999949,-0.00010000000000010001,0.3678,1.9434379482269286,0.08552194204740227,52.07439700000032,1.9496657124048546,1.5938258133357084,0.0020746460650116205,0.005998784676194191,sha256:1b987857540934f9470444e11b5b823711a43ae4c7761b26e90d066468307fcc
cifar100,3,periodic_reset,A-B-C-A,brightness,1,cifar100_s03_periodic_reset_ABCA_brightness_v1,0.6008,0.5952,0.005600000000000049,0.5955,0.5961,0.005299999999999971,-0.000300000000000078,0.4688,1.6323301199913025,0.08552194204740227,52.56052559999989,1.6371622719342196,1.4224212290365486,0.001803383830922974,0.006260142661631107,sha256:0bf118709fb77d9a62830fbad571e02f9cb8ad2cc2fa6ddbcf07f441e0d3f455
cifar100,3,periodic_reset,A-B-C-A,brightness,2,cifar100_s03_periodic_reset_ABCA_brightness_v2,0.6008,0.5952,0.005600000000000049,0.5953,0.5962,0.005499999999999949,-0.00010000000000010001,0.45255,1.6716552072525024,0.08552194204740227,52.74552490000133,1.6769640272176718,1.4343388827541206,0.0018187968747077298,0.005998784676194191,sha256:edb908037645cac785cd9de83d320d3c33bada82c9625c3177e5d75e1169e5ac
cifar100,3,periodic_reset,A-B-C-A,contrast,1,cifar100_s03_periodic_reset_ABCA_contrast_v1,0.6008,0.5952,0.005600000000000049,0.5955,0.5961,0.005299999999999971,-0.000300000000000078,0.4701,1.6251238659858704,0.08552194204740227,48.193155599999955,1.630281012269515,1.4267840823040734,0.0018084636451735432,0.006260142661631107,sha256:8d767f6cf0ebff4cd290ad5c6b2fae45a8c027790985f1fceb20c3d3dd57712c
cifar100,3,periodic_reset,A-B-C-A,contrast,2,cifar100_s03_periodic_reset_ABCA_contrast_v2,0.6008,0.5952,0.005600000000000049,0.5953,0.5962,0.005499999999999949,-0.00010000000000010001,0.454,1.6572026611328126,0.08552194204740227,51.59361380000155,1.6624528675139705,1.4431659790534008,0.0018275148947015877,0.005998784676194191,sha256:5b9d84aa821fbfcf9e94009b7b6c92e9060705141eba097570ed0f6ad90f0aa0
cifar100,3,periodic_reset,A-B-C-A,noise,1,cifar100_s03_periodic_reset_ABCA_noise_v1,0.6008,0.5952,0.005600000000000049,0.5955,0.5961,0.005299999999999971,-0.000300000000000078,0.39345,1.8745830436706543,0.08552194204740227,53.280889199999365,1.878550177133536,1.593390098100976,0.0020537035601637973,0.006260142661631107,sha256:ab5de452a2c0f4bbf6b81fd234576431c21578927f9bc00d9f8ccbf95ae94812
cifar100,3,periodic_reset,A-B-C-A,noise,2,cifar100_s03_periodic_reset_ABCA_noise_v2,0.6008,0.5952,0.005600000000000049,0.5953,0.5962,0.005499999999999949,-0.00010000000000010001,0.31135,2.108243607711792,0.08552194204740227,55.56383689999893,2.111464400834675,1.6708610857589334,0.00215345345322585,0.005998784676194191,sha256:af72deddb6dde6252c32c573946e1f7907a333173d18a6a348bb3bb674bf7bfe
cifar100,3,periodic_reset,A-B-C-A,rotation,1,cifar100_s03_periodic_reset_ABCA_rotation_v1,0.6008,0.5952,0.005600000000000049,0.5955,0.5961,0.005299999999999971,-0.000300000000000078,0.28215,2.0050561725616456,0.08552194204740227,50.46430560000044,2.0100567831268794,1.5596008527128002,0.0019994193586355805,0.006260142661631107,sha256:22e3f377a331026bc9b9f8e96bec31a1449ee069a7fe743cabf27a5fe5f71c43
cifar100,3,periodic_reset,A-B-C-A,rotation,2,cifar100_s03_periodic_reset_ABCA_rotation_v2,0.6008,0.5952,0.005600000000000049,0.5953,0.5962,0.005499999999999949,-0.00010000000000010001,0.2935,1.994527900314331,0.08552194204740227,47.09924190000129,1.9977471096606194,1.540610446205622,0.001963947910691694,0.005998784676194191,sha256:bf7e27ecadfabad3336c36a4a06317b41d4fc94bb3c494ac1f932fc9a78aae9f
cifar100,3,source,A-B-A,blur,1,cifar100_s03_source_ABA_blur_v1,0.6008,0.6008,0.0,0.6008,0.6008,0.0,0.0,0.3265,2.249438806915283,0.08552194204740227,8.049884400000337,2.2507533846022207,0.0,0.0,0.0,sha256:e06c6d213d8264b2568289c6072c09112a0a85061411f956e90196b8b921b8a1
cifar100,3,source,A-B-A,blur,2,cifar100_s03_source_ABA_blur_v2,0.6008,0.6008,0.0,0.6008,0.6008,0.0,0.0,0.1773,2.4075810634613037,0.08552194204740227,8.309339200000068,2.4077545268626155,0.0,0.0,0.0,sha256:e1645f999e61ce895cb20245ce8cf95f136d7b78341ff5e3bd295b31f3ed9b38
cifar100,3,source,A-B-A,brightness,1,cifar100_s03_source_ABA_brightness_v1,0.6008,0.6008,0.0,0.6008,0.6008,0.0,0.0,0.583,1.6108399496078492,0.08552194204740227,8.560945000000174,1.6081455070761186,0.0,0.0,0.0,sha256:15efde17bb00b6833570490efd74ec6f380fc5be67221f5fa700f01ae00a38e6
cifar100,3,source,A-B-A,brightness,2,cifar100_s03_source_ABA_brightness_v2,0.6008,0.6008,0.0,0.6008,0.6008,0.0,0.0,0.5399,1.8315267416000367,0.08552194204740227,8.6241229999996,1.831110590620886,0.0,0.0,0.0,sha256:2387e301ecc00cac95fafa60f10ab755b5e23af5f2ce0d16fdc02ab3276a7c03
cifar100,3,source,A-B-A,contrast,1,cifar100_s03_source_ABA_contrast_v1,0.6008,0.6008,0.0,0.6008,0.6008,0.0,0.0,0.5771,1.5702294570922852,0.08552194204740227,8.270256400000108,1.569894076902655,0.0,0.0,0.0,sha256:6a827e2484e34741465646933fc15f0f0d449998f9f3c5c19e30d5553beb13ec
cifar100,3,source,A-B-A,contrast,2,cifar100_s03_source_ABA_contrast_v2,0.6008,0.6008,0.0,0.6008,0.6008,0.0,0.0,0.489,1.8243578971862793,0.08552194204740227,7.334043200000451,1.8287051810493953,0.0,0.0,0.0,sha256:7959d2fcf8a224eb8cd92e1fd54d057817d77e5f4250ec473cb0b6a252b4b6b9
cifar100,3,source,A-B-A,noise,1,cifar100_s03_source_ABA_noise_v1,0.6008,0.6008,0.0,0.6008,0.6008,0.0,0.0,0.2815,2.321215326309204,0.08552194204740227,14.41698709999946,2.3236835847927044,0.0,0.0,0.0,sha256:aa40f984b6e9cbefb0418888c35937d8333eaf5568b825e5431ef421708a282f
cifar100,3,source,A-B-A,noise,2,cifar100_s03_source_ABA_noise_v2,0.6008,0.6008,0.0,0.6008,0.6008,0.0,0.0,0.1008,2.6932810317993163,0.08552194204740227,9.323866599999747,2.6943357866021653,0.0,0.0,0.0,sha256:f25dbf7d58db12303302663eab0c5bd97a854e1eabe2e832391424932bcaf9a7
cifar100,3,source,A-B-A,rotation,1,cifar100_s03_source_ABA_rotation_v1,0.6008,0.6008,0.0,0.6008,0.6008,0.0,0.0,0.2194,2.5148908782958985,0.08552194204740227,8.000716000000466,2.51441018189056,0.0,0.0,0.0,sha256:34be14bd619d49e8c60c3fa48ad1728cf94a1cff8306f9a364c1e2c02a3430a2
cifar100,3,source,A-B-A,rotation,2,cifar100_s03_source_ABA_rotation_v2,0.6008,0.6008,0.0,0.6008,0.6008,0.0,0.0,0.2487,2.425567141342163,0.08552194204740227,7.957321400000183,2.41986443121222,0.0,0.0,0.0,sha256:d526fbcab6cf680317d62e1c71bf5387d42a559525bbf195613822325d1acc4f
cifar100,3,source,A-B-C-A,blur,1,cifar100_s03_source_ABCA_blur_v1,0.6008,0.6008,0.0,0.6008,0.6008,0.0,0.0,0.3233,2.295918878364563,0.08552194204740227,18.57381440000063,2.295785952217971,0.0,0.0,0.0,sha256:96cf0f9d5502dfddd64511f546bb3091358b8c10c6c56849a70dc77e491a6ede
cifar100,3,source,A-B-C-A,blur,2,cifar100_s03_source_ABCA_blur_v2,0.6008,0.6008,0.0,0.6008,0.6008,0.0,0.0,0.2424,2.335107695198059,0.08552194204740227,18.689080000000104,2.3367631918267358,0.0,0.0,0.0,sha256:41bed2fb949e27388f76b27209d497d886793dfde6343ade55eb699fb65a5b89
cifar100,3,source,A-B-C-A,brightness,1,cifar100_s03_source_ABCA_brightness_v1,0.6008,0.6008,0.0,0.6008,0.6008,0.0,0.0,0.45155,1.976619449710846,0.08552194204740227,13.482344500000181,1.9744820134549201,0.0,0.0,0.0,sha256:b3a56f411fc0eb9b30438a69414456f79c1a789cd702b6989d167a7ecd735ab7
cifar100,3,source,A-B-C-A,brightness,2,cifar100_s03_source_ABCA_brightness_v2,0.6008,0.6008,0.0,0.6008,0.6008,0.0,0.0,0.4237,2.0470805342674256,0.08552194204740227,13.478372399999898,2.048441223705871,0.0,0.0,0.0,sha256:9f44e253a3637dd3152b794b896f53a3e8844bcb7dd7ffdf95b53a819e35b56d
cifar100,3,source,A-B-C-A,contrast,1,cifar100_s03_source_ABCA_contrast_v1,0.6008,0.6008,0.0,0.6008,0.6008,0.0,0.0,0.4486,1.956314203453064,0.08552194204740227,6.908573700000488,1.9553562983681885,0.0,0.0,0.0,sha256:3a1b9bbd86afba527074d9d323996a5a167b7b88b0cf559b016c9a7e6567367f
cifar100,3,source,A-B-C-A,contrast,2,cifar100_s03_source_ABCA_contrast_v2,0.6008,0.6008,0.0,0.6008,0.6008,0.0,0.0,0.39825,2.043496112060547,0.08552194204740227,5.635185000000092,2.0472385189201256,0.0,0.0,0.0,sha256:20c666362a16a356b6ee778afb14b86e3319a09aa3affe5dbaaaca05386db168
cifar100,3,source,A-B-C-A,noise,1,cifar100_s03_source_ABCA_noise_v1,0.6008,0.6008,0.0,0.6008,0.6008,0.0,0.0,0.3008,2.3318071380615235,0.08552194204740227,11.986221600000135,2.332251052313213,0.0,0.0,0.0,sha256:91d351032ec1232fbe7ecc752c299059212e5e440c1581ef1d6d5ce2203b7cea
cifar100,3,source,A-B-C-A,noise,2,cifar100_s03_source_ABCA_noise_v2,0.6008,0.6008,0.0,0.6008,0.6008,0.0,0.0,0.20415,2.4779576793670652,0.08552194204740227,13.043977199999972,2.4800538216965107,0.0,0.0,0.0,sha256:90f6a2fa6171699114264543f6fc2966bb9b6521e9ed162838a938ac7baa6b73
cifar100,3,source,A-B-C-A,rotation,1,cifar100_s03_source_ABCA_rotation_v1,0.6008,0.6008,0.0,0.6008,0.6008,0.0,0.0,0.26975,2.4286449140548707,0.08552194204740227,14.431848799999898,2.427614350862141,0.0,0.0,0.0,sha256:f0cb646b0a444d47d48819985a403a005992fa0dfaaf68847f12a2e9607fb18d
cifar100,3,source,A-B-C-A,rotation,2,cifar100_s03_source_ABCA_rotation_v2,0.6008,0.6008,0.0,0.6008,0.6008,0.0,0.0,0.2781,2.3441007341384887,0.08552194204740227,10.644055100000514,2.342818144001538,0.0,0.0,0.0,sha256:8655fbb2576f61a0824ab5c882b3a9109bc873c82649d2c844ebc2be5fbee46d
cifar100,3,tent,A-B-A,blur,1,cifar100_s03_tent_ABA_blur_v1,0.6008,0.5952,0.005600000000000049,0.5964,0.5966,0.0043999999999999595,-0.0012000000000000899,0.4879,1.6746736328125,0.08552194204740227,43.27028369999971,1.6796833110761038,1.5251153813132756,0.0015251153455221956,0.045309633016586304,sha256:01a3ff75a66d03091223fab2540712adb6707776a810b874be5b336b04d56c1b
cifar100,3,tent,A-B-A,blur,2,cifar100_s03_tent_ABA_blur_v2,0.6008,0.5952,0.005600000000000049,0.595,0.5966,0.005800000000000027,0.00019999999999997797,0.4062,1.9123411735534668,0.08552194204740227,43.00069960000019,1.9190235213388371,1.6405069707315179,0.0016405074297202915,0.052795976400375366,sha256:0a04a530b25c730bb3bbca286f2ea642f1c8d8e902f9b88903f95e42bce53647
cifar100,3,tent,A-B-A,brightness,1,cifar100_s03_tent_ABA_brightness_v1,0.6008,0.5952,0.005600000000000049,0.596,0.5972,0.0048000000000000265,-0.0008000000000000229,0.5898,1.336489497756958,0.08552194204740227,43.32683040000029,1.3413777140122425,1.2894867160652257,0.0012894861114246747,0.028859099373221397,sha256:203f1b407318e358ee4dde45fb8efc764daf9c2b5ea6b7bce5a4baec26668ed9
cifar100,3,tent,A-B-A,brightness,2,cifar100_s03_tent_ABA_brightness_v2,0.6008,0.5952,0.005600000000000049,0.5961,0.5973,0.0047000000000000375,-0.0009000000000000119,0.5726,1.379201411819458,0.08552194204740227,41.6441350999994,1.3842176530934587,1.3243912896023522,0.0013243909807333463,0.03000009059906006,sha256:676c9b064b454e262b09a2e21633f349ea69d6d985dc8bbf28a304db11f2a62a
cifar100,3,tent,A-B-A,contrast,1,cifar100_s03_tent_ABA_contrast_v1,0.6008,0.5952,0.005600000000000049,0.5962,0.5968,0.0046000000000000485,-0.0010000000000000009,0.5922,1.3221318187713622,0.08552194204740227,52.25867060000019,1.3276796597468703,1.2986988040465344,0.001298698727807761,0.028681235387921333,sha256:fa1bfa8948fce77285343f5b7068ef9eab16a73078a177261a9add7077984fc3
cifar100,3,tent,A-B-A,contrast,2,cifar100_s03_tent_ABA_contrast_v2,0.6008,0.5952,0.005600000000000049,0.5961,0.5969,0.0047000000000000375,-0.0009000000000000119,0.5763,1.3504751777648927,0.08552194204740227,51.80718439999964,1.3554229072377653,1.3434317926817303,0.0013434321124436734,0.029422305524349213,sha256:4e09f1812d330429b9c7cf37b9f4b253868d2411f5569c507e2bb5e5533eec4e
cifar100,3,tent,A-B-A,noise,1,cifar100_s03_tent_ABA_noise_v1,0.6008,0.5952,0.005600000000000049,0.5958,0.5968,0.0050000000000000044,-0.0006000000000000449,0.4407,1.8145250972747802,0.08552194204740227,51.93907130000025,1.8175793478760538,1.6278228488149522,0.0016278234130667547,0.045204777270555496,sha256:fa5fff3436f9caeb8782c4ef7389abaeaafd3dd83dd72a5c766fcaf5e0a72961
cifar100,3,tent,A-B-A,noise,2,cifar100_s03_tent_ABA_noise_v2,0.6008,0.5952,0.005600000000000049,0.5956,0.5969,0.005199999999999982,-0.00040000000000006697,0.2925,2.24349913520813,0.08552194204740227,51.930953999999474,2.24430900887598,1.7965718658664558,0.0017965722702372867,0.05051387846469879,sha256:f83bc13edb005a7f545e0c5a856da6ae83d12b1b3d5311a6076af84f9ed1506e
cifar100,3,tent,A-B-A,rotation,1,cifar100_s03_tent_ABA_rotation_v1,0.6008,0.5952,0.005600000000000049,0.5964,0.5969,0.0043999999999999595,-0.0012000000000000899,0.2169,2.077788555908203,0.08552194204740227,50.01492010000038,2.0829671168629127,1.5654558335678488,0.0015654556874680934,0.0402570478618145,sha256:c9d5b4feae4d0fe22cd843f064602e3a9c645eb020bd5ddab3f731c5cc351e67
cifar100,3,tent,A-B-A,rotation,2,cifar100_s03_tent_ABA_rotation_v2,0.6008,0.5952,0.005600000000000049,0.5962,0.5962,0.0046000000000000485,-0.0010000000000000009,0.255,2.022068643951416,0.08552194204740227,50.84519679999994,2.022885129421572,1.5382503391821174,0.0015382501753518664,0.03811079263687134,sha256:59e922e30ac76620643ddefc78615af973d37db9a0bb8e3fd25934247c9e29f3
cifar100,3,tent,A-B-C-A,blur,1,cifar100_s03_tent_ABCA_blur_v1,0.6008,0.5952,0.005600000000000049,0.5972,0.5975,0.0036000000000000476,-0.0020000000000000018,0.4178,1.790927977371216,0.08552194204740227,56.72452169999997,1.7957212411904637,1.5338506675973724,0.0015338504417280702,0.07084302604198456,sha256:5208bf609b772113fa2afb4ad16d85042f6a4cf0c315411e16a47c8025b40231
cifar100,3,tent,A-B-C-A,blur,2,cifar100_s03_tent_ABCA_blur_v2,0.6008,0.5952,0.005600000000000049,0.5968,0.5974,0.0040000000000000036,-0.0016000000000000458,0.3694,1.928258215522766,0.08552194204740227,57.9897675000002,1.9342041573946989,1.5874560414990293,0.0015874565144281692,0.07459931820631027,sha256:7c1fa7819a5ed9881e92a6b4fcb7efb0f2103b1f4b7d2a5d0d6708d8a32ff0ad
cifar100,3,tent,A-B-C-A,brightness,1,cifar100_s03_tent_ABCA_brightness_v1,0.6008,0.5952,0.005600000000000049,0.5976,0.5982,0.0031999999999999806,-0.0024000000000000687,0.46885,1.622353143119812,0.08552194204740227,57.34804970000005,1.6271090899841696,1.416752650767942,0.0014167527448609944,0.06046908348798752,sha256:2cc34006e76f52ae9db201b43ef8adf8eb45f30104953a301c268b09aa5b786c
cifar100,3,tent,A-B-C-A,brightness,2,cifar100_s03_tent_ABCA_brightness_v2,0.6008,0.5952,0.005600000000000049,0.5978,0.5994,0.0030000000000000027,-0.0026000000000000467,0.4528,1.6617352899551392,0.08552194204740227,58.70651999999973,1.6668741514411154,1.4300024034101753,0.0014300024670348326,0.06065047159790993,sha256:51f3e9008d7ac4a1161ddc6437496ee8f4d758496ac9a4785328591f14a2878b
cifar100,3,tent,A-B-C-A,contrast,1,cifar100_s03_tent_ABCA_contrast_v1,0.6008,0.5952,0.005600000000000049,0.5971,0.5978,0.0037000000000000366,-0.0019000000000000128,0.47005,1.6152831270217896,0.08552194204740227,52.09021529999973,1.6203679027436655,1.4214347699020482,0.0014214353765585,0.060105934739112854,sha256:3b48939d570fc8567360f738eaf6050f47c061abfd3d9479f7083da7058edaa2
cifar100,3,tent,A-B-C-A,contrast,2,cifar100_s03_tent_ABCA_contrast_v2,0.6008,0.5952,0.005600000000000049,0.5972,0.5988,0.0036000000000000476,-0.0020000000000000018,0.45455,1.6478630987167358,0.08552194204740227,52.395884300000034,1.6529756090309047,1.4395823078819467,0.001439583035409922,0.05903170630335808,sha256:2db3f25684a7dab006041ffada0fd9d6b1cb868b57ee73a15e5f532933467e22
cifar100,3,tent,A-B-C-A,noise,1,cifar100_s03_tent_ABCA_noise_v1,0.6008,0.5952,0.005600000000000049,0.5966,0.5974,0.0041999999999999815,-0.0014000000000000679,0.3938,1.8601726015090942,0.08552194204740227,52.355531500000325,1.8640139374551894,1.5837479324280461,0.0015837481618222273,0.07224629074335098,sha256:cc728e077f322a6e771ead121a2f612b467e21032d6fcebf0287a9a2ba4ff997
cifar100,3,tent,A-B-C-A,noise,2,cifar100_s03_tent_ABCA_noise_v2,0.6008,0.5952,0.005600000000000049,0.597,0.598,0.0038000000000000256,-0.0018000000000000238,0.3124,2.0924737298965455,0.08552194204740227,52.39754809999977,2.0954796724681612,1.664811459523213,0.0016648117416019586,0.07596196979284286,sha256:16141277d22f3e820648a2624c6681299b4c6c614276948a047d3e0aff3156b7
cifar100,3,tent,A-B-C-A,rotation,1,cifar100_s03_tent_ABCA_rotation_v1,0.6008,0.5952,0.005600000000000049,0.5978,0.5978,0.0030000000000000027,-0.0026000000000000467,0.28185,1.9919718563079833,0.08552194204740227,51.75819709999996,1.9969077736516543,1.5538733216780651,0.0015538739360267697,0.06889641284942627,sha256:d1c9dfc31d4aa670436bb28a8f739d3160b330f366a1bdf8975f32cab5342fbd
cifar100,3,tent,A-B-C-A,rotation,2,cifar100_s03_tent_ABCA_rotation_v2,0.6008,0.5952,0.005600000000000049,0.5968,0.598,0.0040000000000000036,-0.0016000000000000458,0.29375,1.9823350553512573,0.08552194204740227,51.51096529999995,1.9854120966754383,1.5363848028303702,0.001536384881385661,0.06682273745536804,sha256:2b2c583471ca796f7eb345cf4c9fb4bcc4e014d19cc8cf647fb89e7de0f1c634
cifar100,4,anchor,A-B-A,blur,1,cifar100_s04_anchor_ABA_blur_v1,0.6085,0.6051,0.0034000000000000696,0.6046,0.6051,0.0039000000000000146,0.0004999999999999449,0.5093,1.623524808883667,0.0867548536028713,43.00868319999972,1.6284365186208412,1.4911741063564639,0.0014911752070382804,0.04187743365764618,sha256:49a35ee6341232b584ec2562a5135a81796dabe77cf25d714b4e02c64f27c7da
cifar100,4,anchor,A-B-A,blur,2,cifar100_s04_anchor_ABA_blur_v2,0.6085,0.6051,0.0034000000000000696,0.6049,0.6053,0.0036000000000000476,0.00019999999999997797,0.4293,1.841071379470825,0.0867548536028713,46.827663799998845,1.8469498263129704,1.6076406783695463,0.0016076405520869207,0.05010944604873657,sha256:03483a3ec13f6010d5dfeefbe3c8b84d5fa7cd1a66b334fc0a8baaf91d2e15d7
cifar100,4,anchor,A-B-A,brightness,1,cifar100_s04_anchor_ABA_brightness_v1,0.6085,0.6051,0.0034000000000000696,0.6055,0.6055,0.0030000000000000027,-0.00040000000000006697,0.6016,1.3187575756072998,0.0867548536028713,47.85051400000157,1.3223396720765512,1.2911534731901144,0.0012911534263999969,0.028754642233252525,sha256:81a1730ff609279369c0b64fdba73cdac6e59ec6c2d45852896217c28dd3b622
cifar100,4,anchor,A-B-A,brightness,2,cifar100_s04_anchor_ABA_brightness_v2,0.6085,0.6051,0.0034000000000000696,0.6055,0.6051,0.0030000000000000027,-0.00040000000000006697,0.5799,1.3733010570526123,0.0867548536028713,48.48581259999992,1.3757635445534429,1.324857058404367,0.0013248578651183392,0.02998405508697033,sha256:9c038df58c232c72fc3c4f7f9fd4885114b246e0d7b2c05138be5d31b0cd2133
cifar100,4,anchor,A-B-A,contrast,1,cifar100_s04_anchor_ABA_contrast_v1,0.6085,0.6051,0.0034000000000000696,0.6054,0.6056,0.0030999999999999917,-0.000300000000000078,0.6001,1.3046880424499512,0.0867548536028713,43.72384460000103,1.3084859033174152,1.2965178263338306,0.0012965173183504162,0.028723159804940224,sha256:bb68982ec8499d8fffdf4c498d6687d420acc595a993cbc8b2c7cb776dda4857
cifar100,4,anchor,A-B-A,contrast,2,cifar100_s04_anchor_ABA_contrast_v2,0.6085,0.6051,0.0034000000000000696,0.6054,0.6055,0.0030999999999999917,-0.000300000000000078,0.5899,1.3341832754135132,0.0867548536028713,28.863229799999317,1.337134469913531,1.345534172239183,0.001345533786247237,0.0301898792386055,sha256:a4e28bf43e8022e02cbd4595b889f5274f07c985bb6304d4275fd71dfc425325
cifar100,4,anchor,A-B-A,noise,1,cifar100_s04_anchor_ABA_noise_v1,0.6085,0.6051,0.0034000000000000696,0.6053,0.606,0.0032000000000000917,-0.00019999999999997797,0.4427,1.8100146606445313,0.0867548536028713,38.248160899998766,1.8123785212070127,1.6071954150743122,0.0016071957350366666,0.044502850621938705,sha256:119b7dd95f4dcdfce2a404fa52b234fdacdb3aea6f0d18b655dc5fc844354bd0
cifar100,4,anchor,A-B-A,noise,2,cifar100_s04_anchor_ABA_noise_v2,0.6085,0.6051,0.0034000000000000696,0.6054,0.6056,0.0030999999999999917,-0.000300000000000078,0.2928,2.228610009765625,0.0867548536028713,20.773971799999345,2.2315746319444876,1.7866913940333113,0.0017866915861097506,0.05037223547697067,sha256:703f2a7658c342f8fb4f9c3ff5e4429eeea91690ad13a36f7c3639b01a6f5aa0
cifar100,4,anchor,A-B-A,rotation,1,cifar100_s04_anchor_ABA_rotation_v1,0.6085,0.6051,0.0034000000000000696,0.6051,0.6054,0.0034000000000000696,0.0,0.2239,2.0930695571899416,0.0867548536028713,43.05007719999958,2.0958781710153893,1.5713917922370042,0.0015713917946183606,0.0407443530857563,sha256:7f0a6b8273719b4fb8169119a8162bfb44bbea3aa2fe7fc0d6e2c62f31b0136d
cifar100,4,anchor,A-B-A,rotation,2,cifar100_s04_anchor_ABA_rotation_v2,0.6085,0.6051,0.0034000000000000696,0.6048,0.6053,0.0037000000000000366,0.00029999999999996696,0.2547,2.019948097229004,0.0867548536028713,39.2074434999995,2.0209004109418847,1.5373161457761932,0.0015373168427709348,0.038538478314876556,sha256:674ea1b5bcb4553be9f2cdfba90072eacdcb1cb1152aeb541011900f248b3675
cifar100,4,anchor,A-B-C-A,blur,1,cifar100_s04_anchor_ABCA_blur_v1,0.6085,0.6051,0.0034000000000000696,0.6058,0.6059,0.0027000000000000357,-0.0007000000000000339,0.4359,1.7477504739761351,0.0867548536028713,60.11163060000035,1.75353678570518,1.5086220638661445,0.0015086228391921878,0.06852701306343079,sha256:ff5a8c38430f70b9b168437628fb3a1a319f99fe883cf7e64880451434bef556
cifar100,4,anchor,A-B-C-A,blur,2,cifar100_s04_anchor_ABCA_blur_v2,0.6085,0.6051,0.0034000000000000696,0.6052,0.6048,0.0033000000000000806,-9.999999999998899e-05,0.38455,1.8871036115646362,0.0867548536028713,59.51602199999979,1.893403588216516,1.5608080859425701,0.001560808180041517,0.0738932341337204,sha256:332611dff3dd6581e2bba6032dfe55575474b0c9827ad17f56c4c09ae3345210
cifar100,4,anchor,A-B-C-A,brightness,1,cifar100_s04_anchor_ABCA_brightness_v1,0.6085,0.6051,0.0034000000000000696,0.6057,0.6059,0.0028000000000000247,-0.0006000000000000449,0.4817,1.595691219329834,0.0867548536028713,61.312666900001204,1.6008010763156264,1.4090731657004054,0.0014090732873205238,0.06079746037721634,sha256:0c1d9f0d381734b790b5afd9f50da361e1d7fe8575f0307097bd23072826639a
cifar100,4,anchor,A-B-C-A,brightness,2,cifar100_s04_anchor_ABCA_brightness_v2,0.6085,0.6051,0.0034000000000000696,0.605,0.6056,0.0035000000000000586,9.999999999998899e-05,0.4601,1.6536679090499877,0.0867548536028713,59.68105009999999,1.6582454344894313,1.4197722756409947,0.0014197729915510155,0.06116625666618347,sha256:0bbf8326a5c43c6ca9a5d7a61e6ac0f9ce8869f37692eeb81c568bce4e659c68
cifar100,4,anchor,A-B-C-A,contrast,1,cifar100_s04_anchor_ABCA_contrast_v1,0.6085,0.6051,0.0034000000000000696,0.6055,0.6058,0.0030000000000000027,-0.00040000000000006697,0.48105,1.588800873184204,0.0867548536028713,50.063468599999396,1.5940169797667973,1.4119848676874667,0.0014119845346394408,0.060421139001846313,sha256:09b8f3102657c636139412453df042582bcceb2fb11ac07b63b37489e6ca5a93
cifar100,4,anchor,A-B-C-A,contrast,2,cifar100_s04_anchor_ABCA_contrast_v2,0.6085,0.6051,0.0034000000000000696,0.6055,0.6056,0.0030000000000000027,-0.00040000000000006697,0.4653,1.6346024638175964,0.0867548536028713,55.16924719999952,1.6394321179088158,1.4301279964326303,0.001430127620873855,0.05999549478292465,sha256:3a0c30a0c18b3651bd8629d9db24cf768610ac240e01a8a5590b24b05782ad10
cifar100,4,anchor,A-B-C-A,noise,1,cifar100_s04_anchor_ABCA_noise_v1,0.6085,0.6051,0.0034000000000000696,0.6058,0.6056,0.0027000000000000357,-0.0007000000000000339,0.40205,1.8403162134170532,0.0867548536028713,54.37041269999827,1.8448155982584893,1.5644507702392867,0.0015644508397760742,0.07164013385772705,sha256:447b8298811c1e037548826699b66ef97b46e4e84e2d17b2e0887d2fec4284ed
cifar100,4,anchor,A-B-C-A,noise,2,cifar100_s04_anchor_ABCA_noise_v2,0.6085,0.6051,0.0034000000000000696,0.6058,0.6056,0.0027000000000000357,-0.0007000000000000339,0.31755,2.0799133287429807,0.0867548536028713,61.59310379999988,2.084733129302158,1.6486466941954214,0.0016486468663014754,0.07613489776849747,sha256:6efeb1f4dfc60a9b6d67fb42c58077a5885e6cf1194f612e4c3532e13570b9f1
cifar100,4,anchor,A-B-C-A,rotation,1,cifar100_s04_anchor_ABCA_rotation_v1,0.6085,0.6051,0.0034000000000000696,0.6055,0.6055,0.0030000000000000027,-0.00040000000000006697,0.2928,1.9818741374969482,0.0867548536028713,53.74646300000131,1.986577700965012,1.5486829680732535,0.0015486831765008878,0.06943125277757645,sha256:e9b3b1cf1193d6123af1a6114d73e78da778eae2ddad46e39e339c5bde6f73d1
cifar100,4,anchor,A-B-C-A,rotation,2,cifar100_s04_anchor_ABCA_rotation_v2,0.6085,0.6051,0.0034000000000000696,0.6052,0.606,0.0033000000000000806,-9.999999999998899e-05,0.2976,1.9758244226455688,0.0867548536028713,51.50492900000063,1.9796497112588038,1.5258918985535828,0.0015258921282306974,0.06843891739845276,sha256:70e5b616c023c67f6a09748bc2702b4d63984df2da41867a65b9d53b41494368
cifar100,4,ema_restore,A-B-A,blur,1,cifar100_s04_ema_restore_ABA_blur_v1,0.6085,0.6051,0.0034000000000000696,0.6055,0.6048,0.0030000000000000027,-0.00040000000000006697,0.509,1.625708815765381,0.0867548536028713,39.06280750000042,1.630642619314073,1.492602370962312,0.0014359733013176842,0.028939740732312202,sha256:6f34871db17aa026b7681a2cf776c8e5441f72903587590419e679db289bce37
cifar100,4,ema_restore,A-B-A,blur,2,cifar100_s04_ema_restore_ABA_blur_v2,0.6085,0.6051,0.0034000000000000696,0.6053,0.605,0.0032000000000000917,-0.00019999999999997797,0.4289,1.8442201416015624,0.0867548536028713,22.244003600000724,1.8501364143588874,1.609709291518489,0.0015360631764854624,0.034671954810619354,sha256:ae69051fd25cad007d58df3006ce03cbe2a3d05475c5fe45463a8326b66744df
cifar100,4,ema_restore,A-B-A,brightness,1,cifar100_s04_ema_restore_ABA_brightness_v1,0.6085,0.6051,0.0034000000000000696,0.6057,0.6056,0.0028000000000000247,-0.0006000000000000449,0.6014,1.3196802955627442,0.0867548536028713,32.394053499998336,1.3233142789406112,1.2921165831481354,0.0012594085390078304,0.020103098824620247,sha256:2883baba9d327c929fcb01b40401bf8ff663434e7b9976ae135a172a27f4421c
cifar100,4,ema_restore,A-B-A,brightness,2,cifar100_s04_ema_restore_ABA_brightness_v2,0.6085,0.6051,0.0034000000000000696,0.6056,0.6053,0.0029000000000000137,-0.000500000000000056,0.5801,1.3743195678710938,0.0867548536028713,31.877959499999633,1.3768252073963987,1.3259404279008697,0.0012913287095607648,0.020948782563209534,sha256:674ac3f6ea06aea010f99f1be7b31ade0d98bf63d0549938a4f903e467a6cc5c
cifar100,4,ema_restore,A-B-A,contrast,1,cifar100_s04_ema_restore_ABA_contrast_v1,0.6085,0.6051,0.0034000000000000696,0.6056,0.6052,0.0029000000000000137,-0.000500000000000056,0.6002,1.3056153997421265,0.0867548536028713,44.08789389999947,1.3094545874414565,1.2974310690843607,0.0012647105805292914,0.02003125287592411,sha256:f8985926f9c80f4e77caae3cc8db8857fe4c9ea6c59a99cc772cfd66119b339b
cifar100,4,ema_restore,A-B-A,contrast,2,cifar100_s04_ema_restore_ABA_contrast_v2,0.6085,0.6051,0.0034000000000000696,0.6053,0.6052,0.0032000000000000917,-0.00019999999999997797,0.5903,1.3352166902542115,0.0867548536028713,44.25294099999883,1.3381990994079203,1.3463868551616427,0.0013115086012130863,0.02109612338244915,sha256:8133b9244df12f3b44d0d919de9271efdea651f55e78147d3f3baeec1c664c5e
cifar100,4,ema_restore,A-B-A,noise,1,cifar100_s04_ema_restore_ABA_noise_v1,0.6085,0.6051,0.0034000000000000696,0.6052,0.6055,0.0033000000000000806,-9.999999999998899e-05,0.4422,1.8124409980773926,0.0867548536028713,43.9361614999998,1.8148612357393097,1.609135458741007,0.0015497017840418635,0.030928611755371094,sha256:294ac002af65f4511489de081c329a863aea0751635f838e948770f523302d13
cifar100,4,ema_restore,A-B-A,noise,2,cifar100_s04_ema_restore_ABA_noise_v2,0.6085,0.6051,0.0034000000000000696,0.6055,0.6054,0.0030000000000000027,-0.00040000000000006697,0.2927,2.2317467834472655,0.0867548536028713,43.35270440000022,2.2347671231137047,1.787431599218634,0.0017196325912387878,0.03467068821191788,sha256:0ad145433d34368c554beb16e22c825d33ad48a46d9b13edd912515f74a51788
cifar100,4,ema_restore,A-B-A,rotation,1,cifar100_s04_ema_restore_ABA_rotation_v1,0.6085,0.6051,0.0034000000000000696,0.6048,0.6053,0.0037000000000000366,0.00029999999999996696,0.224,2.0950419403076173,0.0867548536028713,44.45808620000025,2.0979180803781823,1.5719219551810735,0.0015203981952081563,0.028241824358701706,sha256:2bde5b3a20c19cb21d9b02d6a65294f050cad21db3e77e93da72bbabfd31ea2f
cifar100,4,ema_restore,A-B-A,rotation,2,cifar100_s04_ema_restore_ABA_rotation_v2,0.6085,0.6051,0.0034000000000000696,0.6046,0.6052,0.0039000000000000146,0.0004999999999999449,0.2541,2.0216784984588623,0.0867548536028713,47.60220879999906,2.022710585895973,1.5382522178601614,0.0014908802356641692,0.026845186948776245,sha256:9d59460099a48478ab4d6ed29c878f9607399f28a4198fa641001de15b64e051
cifar100,4,ema_restore,A-B-C-A,blur,1,cifar100_s04_ema_restore_ABCA_blur_v1,0.6085,0.6051,0.0034000000000000696,0.6062,0.6053,0.0023000000000000798,-0.0010999999999999899,0.43555,1.7520346376419067,0.0867548536028713,55.07993540000098,1.7578609797018994,1.5111640601218501,0.0014539099087691099,0.035248350352048874,sha256:3aed7daa36d07f8924c45ad11a4418f09bf3850adad468357ef56c3500cedee1
cifar100,4,ema_restore,A-B-C-A,blur,2,cifar100_s04_ema_restore_ABCA_blur_v2,0.6085,0.6051,0.0034000000000000696,0.6057,0.6058,0.0028000000000000247,-0.0006000000000000449,0.3844,1.8919569664001465,0.0867548536028713,57.232119299998885,1.8982889380636094,1.5633998317054556,0.0015009720397146443,0.03600861877202988,sha256:ee878181e94538811d0b0112e353f35d83b2d251be9032b34ba46960e166ec3b
cifar100,4,ema_restore,A-B-C-A,brightness,1,cifar100_s04_ema_restore_ABCA_brightness_v1,0.6085,0.6051,0.0034000000000000696,0.6059,0.6055,0.0026000000000000467,-0.0008000000000000229,0.48165,1.5992151607513427,0.0867548536028713,55.23150589999932,1.6043856234490117,1.4109331580656994,0.0013627138333630901,0.03366059064865112,sha256:7b15723a32dead67131d161c9476640069eba5a1f101ca9d2549a3e3563000af
cifar100,4,ema_restore,A-B-C-A,brightness,2,cifar100_s04_ema_restore_ABCA_brightness_v2,0.6085,0.6051,0.0034000000000000696,0.6058,0.6053,0.0027000000000000357,-0.0007000000000000339,0.4604,1.6572583274841308,0.0867548536028713,57.68045809999967,1.6618794753581663,1.4216031741492356,0.0013730721636616354,0.03342369198799133,sha256:cbd744a5a3eb1fd0c1c6d32e89f18b2f4aa8b4385a392e8d7ee2cb43b56a94a8
cifar100,4,ema_restore,A-B-C-A,contrast,1,cifar100_s04_ema_restore_ABCA_contrast_v1,0.6085,0.6051,0.0034000000000000696,0.6058,0.6057,0.0027000000000000357,-0.0007000000000000339,0.48115,1.5922612860679626,0.0867548536028713,56.032761200000095,1.5975348406200167,1.4136948615689822,0.0013658077812671095,0.033497974276542664,sha256:8dcb4132278701be19673102aa8c49fd909c31d7d65920b27d642f1953fc8f14
cifar100,4,ema_restore,A-B-C-A,contrast,2,cifar100_s04_ema_restore_ABCA_contrast_v2,0.6085,0.6051,0.0034000000000000696,0.6061,0.6055,0.0024000000000000687,-0.0010000000000000009,0.4654,1.637957649898529,0.0867548536028713,53.20855970000048,1.6428186501128763,1.431880668748783,0.0013844852521426127,0.0329183004796505,sha256:5cd1de05e381dd792813484bda28a44cfb7fef4982bc9f9de01b117e4e868ac7
cifar100,4,ema_restore,A-B-C-A,noise,1,cifar100_s04_ema_restore_ABCA_noise_v1,0.6085,0.6051,0.0034000000000000696,0.606,0.6055,0.0025000000000000577,-0.0009000000000000119,0.40205,1.8451121452331543,0.0867548536028713,54.13265919999867,1.8496775634681122,1.5682639381553554,0.0015091600892711667,0.03620769456028938,sha256:1afb14a8cddd01cfdfc43db7c7a9e00031080fafe86d4475b51fb60c331ec90a
cifar100,4,ema_restore,A-B-C-A,noise,2,cifar100_s04_ema_restore_ABCA_noise_v2,0.6085,0.6051,0.0034000000000000696,0.6056,0.6051,0.0029000000000000137,-0.000500000000000056,0.3168,2.0853060009002684,0.0867548536028713,50.805651699998634,2.0901849322681185,1.6514329880098753,0.0015897909952975998,0.03692302852869034,sha256:03581ebea3d9537e6cd12818ede558873224593610ea850d78f4306cc0cef5c4
cifar100,4,ema_restore,A-B-C-A,rotation,1,cifar100_s04_ema_restore_ABCA_rotation_v1,0.6085,0.6051,0.0034000000000000696,0.6059,0.6055,0.0026000000000000467,-0.0008000000000000229,0.293,1.9863818813323975,0.0867548536028713,56.27505010000095,1.9911718413799624,1.550820693939547,0.0014941746949607246,0.03577793017029762,sha256:1d4abb7d8a3ef81e1c8a841b5cb4f982cd9751a94228e8c214b88317eaedd258
cifar100,4,ema_restore,A-B-C-A,rotation,2,cifar100_s04_ema_restore_ABCA_rotation_v2,0.6085,0.6051,0.0034000000000000696,0.6058,0.6055,0.0027000000000000357,-0.0007000000000000339,0.2975,1.9803614065170287,0.0867548536028713,53.114063999999416,1.9842498860781705,1.5278750326060042,0.001472624111625873,0.03540787845849991,sha256:f98d2ca592ed8a3a8a75cc1a0e1c9440605afe64924d3030535b0f332e689d12
cifar100,4,periodic_reset,A-B-A,blur,1,cifar100_s04_periodic_reset_ABA_blur_v1,0.6085,0.6051,0.0034000000000000696,0.605,0.6054,0.0035000000000000586,9.999999999998899e-05,0.5077,1.6326523990631103,0.0867548536028713,37.19215290000102,1.6376113303100006,1.4973297436026078,0.001911908763908793,0.006097207777202129,sha256:5742b28545250d47a523c79f55e9272c52b05744c92332215ae31c6bb5f3cf18
cifar100,4,periodic_reset,A-B-A,blur,2,cifar100_s04_periodic_reset_ABA_blur_v2,0.6085,0.6051,0.0034000000000000696,0.6052,0.6054,0.0033000000000000806,-9.999999999998899e-05,0.4274,1.8544275314331056,0.0867548536028713,39.27502359999926,1.860386929934538,1.6154185759870312,0.0020940301444711566,0.006713905371725559,sha256:4e7c6d4364686e737fd00a0522f0b078f16f5f52c528d6599081e41eff9e58f9
cifar100,4,periodic_reset,A-B-A,brightness,1,cifar100_s04_periodic_reset_ABA_brightness_v1,0.6085,0.6051,0.0034000000000000696,0.6055,0.6056,0.0030000000000000027,-0.00040000000000006697,0.6016,1.3226154987335206,0.0867548536028713,37.81910239999888,1.3263350619545466,1.294488995890074,0.0015967607901938542,0.005801587365567684,sha256:960addf5f0ce657f6de6ba70cd2db15307d62617446f605cc37e8779507af3a4
cifar100,4,periodic_reset,A-B-A,brightness,2,cifar100_s04_periodic_reset_ABA_brightness_v2,0.6085,0.6051,0.0034000000000000696,0.6054,0.6056,0.0030999999999999917,-0.000300000000000078,0.5799,1.377564376449585,0.0867548536028713,39.319408600000315,1.3801420791239678,1.3291348113289363,0.0016415878036943605,0.0058928015641868114,sha256:e3a1b1ffa8d8c39d0963d8432dec0dde60a0c08b47ff079fd2bf6f3c148f4bfd
cifar100,4,periodic_reset,A-B-A,contrast,1,cifar100_s04_periodic_reset_ABA_contrast_v1,0.6085,0.6051,0.0034000000000000696,0.6054,0.6054,0.0030999999999999917,-0.000300000000000078,0.6001,1.308570962524414,0.0867548536028713,35.78790839999965,1.312471092501773,1.3000834591781036,0.0016068362872576035,0.005576461087912321,sha256:867c539299d26bf376c52d3414b8549d03fc3728e2793fb23a54557dae7992ba
cifar100,4,periodic_reset,A-B-A,contrast,2,cifar100_s04_periodic_reset_ABA_contrast_v2,0.6085,0.6051,0.0034000000000000696,0.6051,0.6054,0.0034000000000000696,0.0,0.5906,1.3385196239471435,0.0867548536028713,34.95584710000003,1.3415513114084172,1.3488237510753582,0.0016731696993206875,0.005766098387539387,sha256:471f5ca43acf80356472fb2e40a2aa53ab9631073bf481a7dba0137e22fcc7ed
cifar100,4,periodic_reset,A-B-A,noise,1,cifar100_s04_periodic_reset_ABA_noise_v1,0.6085,0.6051,0.0034000000000000696,0.6052,0.6051,0.0033000000000000806,-9.999999999998899e-05,0.4401,1.820185235595703,0.0867548536028713,35.423806499999046,1.8226862164992321,1.615023551107962,0.002055553224267839,0.006641565356403589,sha256:352a81c5a8f2f1bf9b0bd72323c57f2cf1ea798206fecbf28b13d27c12cd4c0f
cifar100,4,periodic_reset,A-B-A,noise,2,cifar100_s04_periodic_reset_ABA_noise_v2,0.6085,0.6051,0.0034000000000000696,0.6052,0.6051,0.0033000000000000806,-9.999999999998899e-05,0.2912,2.2417693000793455,0.0867548536028713,35.0992468000004,2.244846986818917,1.7926733554164065,0.002291035845793218,0.007090202998369932,sha256:15aecedbadd8f5409a4bbab976c125b3131a91cdcfd2bbf1b200cdf6db2997a2
cifar100,4,periodic_reset,A-B-A,rotation,1,cifar100_s04_periodic_reset_ABA_rotation_v1,0.6085,0.6051,0.0034000000000000696,0.6052,0.6055,0.0033000000000000806,-9.999999999998899e-05,0.2227,2.1013443817138673,0.0867548536028713,36.53869599999962,2.104337076597576,1.574203052098238,0.001990862649016648,0.006360312923789024,sha256:2848ff98871a249d3b8410f8e5943524498ffffa6c3a420edb5fa3bc7acda87c
cifar100,4,periodic_reset,A-B-A,rotation,2,cifar100_s04_periodic_reset_ABA_rotation_v2,0.6085,0.6051,0.0034000000000000696,0.6051,0.6055,0.0034000000000000696,0.0,0.2541,2.027198378753662,0.0867548536028713,35.79682890000004,2.028374540654919,1.5407106363320653,0.001933297692043589,0.006495038978755474,sha256:547625f549d06d275142d23271a4676456986adb41ea2f671a000728cd6e61d4
cifar100,4,periodic_reset,A-B-C-A,blur,1,cifar100_s04_periodic_reset_ABCA_blur_v1,0.6085,0.6051,0.0034000000000000696,0.6049,0.6057,0.0036000000000000476,0.00019999999999997797,0.43485,1.760771637916565,0.0867548536028713,54.926063399998384,1.766619618934921,1.5161204217355462,0.001953727152357703,0.005810425151139498,sha256:4829d90cc687c5ee5f96ad37c046790da489d19d3627c35f52a4fda3566770ce
cifar100,4,periodic_reset,A-B-C-A,blur,2,cifar100_s04_periodic_reset_ABCA_blur_v2,0.6085,0.6051,0.0034000000000000696,0.6051,0.6059,0.0034000000000000696,0.0,0.38405,1.9023117294311525,0.0867548536028713,51.218819199999416,1.908681661267824,1.5682916082913363,0.002040716724417208,0.005953813903033733,sha256:19330551c44afaa8e9450ae960b54b944bb3e891c0c22084491a4a8677b825e3
cifar100,4,periodic_reset,A-B-C-A,brightness,1,cifar100_s04_periodic_reset_ABCA_brightness_v1,0.6085,0.6051,0.0034000000000000696,0.6049,0.6057,0.0036000000000000476,0.00019999999999997797,0.4818,1.6057534944534302,0.0867548536028713,53.68540390000089,1.6109817880618422,1.4146928387352182,0.0017942821502367247,0.005810425151139498,sha256:4de03082c46ac2a6776cd47644843a9657227454b27ff5da554ddfb3dbc9bc42
cifar100,4,periodic_reset,A-B-C-A,brightness,2,cifar100_s04_periodic_reset_ABCA_brightness_v2,0.6085,0.6051,0.0034000000000000696,0.6051,0.6059,0.0034000000000000696,0.0,0.4603,1.6638798627853393,0.0867548536028713,49.61461630000122,1.6685589499111417,1.4251510561267031,0.0018092986944874254,0.005953813903033733,sha256:019afb1949674f5f4deb2e4ecff88711473cd7cd603b3a2a309a3e5edc808de4
cifar100,4,periodic_reset,A-B-C-A,contrast,1,cifar100_s04_periodic_reset_ABCA_contrast_v1,0.6085,0.6051,0.0034000000000000696,0.6049,0.6057,0.0036000000000000476,0.00019999999999997797,0.48105,1.5987313095092774,0.0867548536028713,53.24748630000067,1.6040498855747753,1.4174998266787469,0.001797895048910021,0.005810425151139498,sha256:27f8f9388ccdccdedbc5b0fd95db262ae5c55deadfa2ad89c4b29799fec343fb
cifar100,4,periodic_reset,A-B-C-A,contrast,2,cifar100_s04_periodic_reset_ABCA_contrast_v2,0.6085,0.6051,0.0034000000000000696,0.6051,0.6059,0.0034000000000000696,0.0,0.46565,1.6443580961227418,0.0867548536028713,55.56264109999938,1.6492641688902168,1.4350050431263597,0.0018242877234610482,0.005953813903033733,sha256:2fb976ae2e75070b753b92d1d7500ea276e8d6eaeff68a8e31328b8da8f66864
cifar100,4,periodic_reset,A-B-C-A,noise,1,cifar100_s04_periodic_reset_ABCA_noise_v1,0.6085,0.6051,0.0034000000000000696,0.6049,0.6057,0.0036000000000000476,0.00019999999999997797,0.401,1.8545381446838378,0.0867548536028713,53.19915639999999,1.859157149550281,1.5749632338934307,0.0020289946836714126,0.005810425151139498,sha256:7f2118c7bbe03a0aed7bbac7bb1b6880975d477a7b02fef166f42ccc105192c3
cifar100,4,periodic_reset,A-B-C-A,noise,2,cifar100_s04_periodic_reset_ABCA_noise_v2,0.6085,0.6051,0.0034000000000000696,0.6051,0.6059,0.0034000000000000696,0.0,0.31595,2.095983039474487,0.0867548536028713,55.759051300001374,2.100912110714973,1.6569179967988896,0.0021416012056266207,0.005953813903033733,sha256:779da3ac171f83e2b4c424a5640635f9a5b2695e0350a25b35e19409f62f6a7f
cifar100,4,periodic_reset,A-B-C-A,rotation,1,cifar100_s04_periodic_reset_ABCA_rotation_v1,0.6085,0.6051,0.0034000000000000696,0.6049,0.6057,0.0036000000000000476,0.00019999999999997797,0.29235,1.995116286468506,0.0867548536028713,39.867044599999645,1.9999811641777618,1.5545687426494648,0.0019948693173583833,0.005810425151139498,sha256:ce11eb53780e0067fb16e4f26df5fe5601177676d87ab118de45d60b804e254e
cifar100,4,periodic_reset,A-B-C-A,rotation,2,cifar100_s04_periodic_reset_ABCA_rotation_v2,0.6085,0.6051,0.0034000000000000696,0.6051,0.6059,0.0034000000000000696,0.0,0.2974,1.9886936122894288,0.0867548536028713,30.311395799999445,1.992671965043756,1.5309377033499223,0.0019589652678681704,0.005953813903033733,sha256:a35a2f5b5c5c32726a45b86862430c0bfce79a66929a6bc3504d3c90a493f33b
cifar100,4,source,A-B-A,blur,1,cifar100_s04_source_ABA_blur_v1,0.6085,0.6085,0.0,0.6085,0.6085,0.0,0.0,0.3223,2.176379644012451,0.0867548536028713,4.006627799999478,2.177227777770803,0.0,0.0,0.0,sha256:8daf12e62716eca95f57584af9822e25d3848d4f6e6de8918c6bef3153ae9488
cifar100,4,source,A-B-A,blur,2,cifar100_s04_source_ABA_blur_v2,0.6085,0.6085,0.0,0.6085,0.6085,0.0,0.0,0.1716,2.370218606567383,0.0867548536028713,15.325122500000361,2.372392479377457,0.0,0.0,0.0,sha256:1bf26686157eb55b0a955f2218bc7e58d41f89fbb8c2b3f28f2fc7720b7cffd8
cifar100,4,source,A-B-A,brightness,1,cifar100_s04_source_ABA_brightness_v1,0.6085,0.6085,0.0,0.6085,0.6085,0.0,0.0,0.5914,1.5970825794219972,0.0867548536028713,11.868080399999599,1.5983361971529224,0.0,0.0,0.0,sha256:02e911aca2a787024e91dd1955682df07c861a17033173afa9051a15196983a9
cifar100,4,source,A-B-A,brightness,2,cifar100_s04_source_ABA_brightness_v2,0.6085,0.6085,0.0,0.6085,0.6085,0.0,0.0,0.5429,1.8368715789794923,0.0867548536028713,12.609894400000485,1.839728602880164,0.0,0.0,0.0,sha256:f84ff02a6a4b3737cd55539b476bf66d2c0c1ba18ccb7c48603270e02b68b5c0
cifar100,4,source,A-B-A,contrast,1,cifar100_s04_source_ABA_contrast_v1,0.6085,0.6085,0.0,0.6085,0.6085,0.0,0.0,0.5865,1.5446983922958375,0.0867548536028713,12.354758199999196,1.5452975774113136,0.0,0.0,0.0,sha256:abaf41c3115f869cc01730573dfabebecb9693539efcb7542aef067d5c5d4c78
cifar100,4,source,A-B-A,contrast,2,cifar100_s04_source_ABA_contrast_v2,0.6085,0.6085,0.0,0.6085,0.6085,0.0,0.0,0.5075,1.78272839012146,0.0867548536028713,12.249899099999311,1.7825688123703003,0.0,0.0,0.0,sha256:f48ed463aae4ff0b51e5503061bde4afc722c9316d4a948b3eae973947c040b5
cifar100,4,source,A-B-A,noise,1,cifar100_s04_source_ABA_noise_v1,0.6085,0.6085,0.0,0.6085,0.6085,0.0,0.0,0.2653,2.2894539783477783,0.0867548536028713,14.737761899999896,2.291745342785799,0.0,0.0,0.0,sha256:ac1d95c160e4e3354a9e67dd6f84d4923725766341d7ad8f224aaff0e51ed96f
cifar100,4,source,A-B-A,noise,2,cifar100_s04_source_ABA_noise_v2,0.6085,0.6085,0.0,0.6085,0.6085,0.0,0.0,0.0944,2.5419377838134767,0.0867548536028713,14.420532899999671,2.541298911541323,0.0,0.0,0.0,sha256:43984e9b4d82a17dff3381c4e7b2a7e017e2f303a30004a356d8e83370a77a1a
cifar100,4,source,A-B-A,rotation,1,cifar100_s04_source_ABA_rotation_v1,0.6085,0.6085,0.0,0.6085,0.6085,0.0,0.0,0.2225,2.552630827331543,0.0867548536028713,15.126943600000232,2.5547531526299974,0.0,0.0,0.0,sha256:793f44bf52c6f5f5855cdbfc08550e210324c5e0e61e48528e7d9a2dee2b381f
cifar100,4,source,A-B-A,rotation,2,cifar100_s04_source_ABA_rotation_v2,0.6085,0.6085,0.0,0.6085,0.6085,0.0,0.0,0.2477,2.453174680519104,0.0867548536028713,15.311905900000056,2.4477366571184955,0.0,0.0,0.0,sha256:0da20f080d8df5e11c5c1d94ee7575a99116dedd3fae182f39ef7b9cdb33ab04
cifar100,4,source,A-B-C-A,blur,1,cifar100_s04_source_ABCA_blur_v1,0.6085,0.6085,0.0,0.6085,0.6085,0.0,0.0,0.3269,2.2212188594818114,0.0867548536028713,23.658768999999666,2.2224136651316777,0.0,0.0,0.0,sha256:7da5162f024a66fad578fafc1d67521ff342805304aaf9ff79a544c987def43b
cifar100,4,source,A-B-C-A,blur,2,cifar100_s04_source_ABCA_blur_v2,0.6085,0.6085,0.0,0.6085,0.6085,0.0,0.0,0.2434,2.3206371921539306,0.0867548536028713,23.673762800000986,2.3243602559536316,0.0,0.0,0.0,sha256:320400c6744f54cfeff77bee040bb01b67e1ee045bd90700cc5f10f325ec1dad
cifar100,4,source,A-B-C-A,brightness,1,cifar100_s04_source_ABCA_brightness_v1,0.6085,0.6085,0.0,0.6085,0.6085,0.0,0.0,0.46145,1.9315703271865845,0.0867548536028713,24.032859599999938,1.9329678748227372,0.0,0.0,0.0,sha256:210c938225df4fc9606554ac734d4f3dabefdf273cb82c24254d9b0cabb10c8a
cifar100,4,source,A-B-C-A,brightness,2,cifar100_s04_source_ABCA_brightness_v2,0.6085,0.6085,0.0,0.6085,0.6085,0.0,0.0,0.42905,2.0539636783599855,0.0867548536028713,23.833075499998813,2.0580283177049856,0.0,0.0,0.0,sha256:92ccd0ffe5c4e35dd3be99dc3ed95d8fa587cd34de633c3e0fc4e70b845532ed
cifar100,4,source,A-B-C-A,contrast,1,cifar100_s04_source_ABCA_contrast_v1,0.6085,0.6085,0.0,0.6085,0.6085,0.0,0.0,0.459,1.9053782336235046,0.0867548536028713,19.050236799999766,1.906448564951933,0.0,0.0,0.0,sha256:55308f01ca3d7018a0ccc1a1a4bb2ee806ebd89228ef5e6892858a721a0ce059
cifar100,4,source,A-B-C-A,contrast,2,cifar100_s04_source_ABCA_contrast_v2,0.6085,0.6085,0.0,0.6085,0.6085,0.0,0.0,0.41135,2.0268920839309694,0.0867548536028713,23.967654299998685,2.0294484224500535,0.0,0.0,0.0,sha256:1d730d22ef4ec4c5c6a82e01e22e06c883bae6ab4f53b88673328c7cd516e5c2
cifar100,4,source,A-B-C-A,noise,1,cifar100_s04_source_ABCA_noise_v1,0.6085,0.6085,0.0,0.6085,0.6085,0.0,0.0,0.2984,2.277756026649475,0.0867548536028713,7.3805130000000645,2.2796724476391756,0.0,0.0,0.0,sha256:f2fb5e33aa995b6213c2330ea9ec2d43983f03ac6014984c4be31f24b671ac10
cifar100,4,source,A-B-C-A,noise,2,cifar100_s04_source_ABCA_noise_v2,0.6085,0.6085,0.0,0.6085,0.6085,0.0,0.0,0.2048,2.4064967807769775,0.0867548536028713,23.97856429999956,2.408813472035565,0.0,0.0,0.0,sha256:6f3b80e3ca5bebd837ea5fefc23cfc05c07cde6ecb649ddb47aff550e1a367fa
cifar100,4,source,A-B-C-A,rotation,1,cifar100_s04_source_ABCA_rotation_v1,0.6085,0.6085,0.0,0.6085,0.6085,0.0,0.0,0.277,2.4093444511413575,0.0867548536028713,23.649738399999478,2.4111763525612746,0.0,0.0,0.0,sha256:576645b2eed4885d6ddbc73ef43d5eed53d686c4beedf78902b2ba7f05104b1a
cifar100,4,source,A-B-C-A,rotation,2,cifar100_s04_source_ABCA_rotation_v2,0.6085,0.6085,0.0,0.6085,0.6085,0.0,0.0,0.28145,2.3621152291297913,0.0867548536028713,21.672776700001123,2.362032344824151,0.0,0.0,0.0,sha256:249c41cbf0ce9a345d099d529a1c123643e568889353a2ff073c7836b19a9d2d
cifar100,4,tent,A-B-A,blur,1,cifar100_s04_tent_ABA_blur_v1,0.6085,0.6051,0.0034000000000000696,0.6045,0.6051,0.0040000000000000036,0.0005999999999999339,0.5093,1.6235401584625244,0.0867548536028713,53.966267299998435,1.6284513232074207,1.4911736687527428,0.001491174523282466,0.04187541455030441,sha256:347c42664f6f551a688476187a3d7582db82027a41e33c8bd49c1912394bc734
cifar100,4,tent,A-B-A,blur,2,cifar100_s04_tent_ABA_blur_v2,0.6085,0.6051,0.0034000000000000696,0.6048,0.6051,0.0037000000000000366,0.00029999999999996696,0.4292,1.841069596862793,0.0867548536028713,38.91222310000012,1.8469479446169697,1.6077142078665239,0.001607714844219198,0.05012664198875427,sha256:27144c169fbe61d7f36cef4446c512496a2319c48f4d95a0efca10d5161c54e5
cifar100,4,tent,A-B-A,brightness,1,cifar100_s04_tent_ABA_brightness_v1,0.6085,0.6051,0.0034000000000000696,0.6056,0.6054,0.0029000000000000137,-0.000500000000000056,0.6016,1.3187564275741577,0.0867548536028713,47.11810150000019,1.3223387229291699,1.2910020713564716,0.0012910016812384129,0.028760137036442757,sha256:5359d8fcde254655c8a4545361f0dda897106e7bc09bc045700a3743354770bd
cifar100,4,tent,A-B-A,brightness,2,cifar100_s04_tent_ABA_brightness_v2,0.6085,0.6051,0.0034000000000000696,0.6054,0.6053,0.0030999999999999917,-0.000300000000000078,0.5799,1.3732998878479004,0.0867548536028713,12.675226399998792,1.3757628081720086,1.3248980498012108,0.0013248979193571059,0.029986893758177757,sha256:c7a416900c426899e5241d4cfda8ca9467b708ebe9c6cc1d48d089ea0ddd2f0c
cifar100,4,tent,A-B-A,contrast,1,cifar100_s04_tent_ABA_contrast_v1,0.6085,0.6051,0.0034000000000000696,0.6056,0.6056,0.0029000000000000137,-0.000500000000000056,0.6001,1.3046865549087525,0.0867548536028713,54.67567559999952,1.3084808422040335,1.2965209634998176,0.001296521002379588,0.02871917188167572,sha256:19e1711fae46113e1baae9091f3ae514113f3083f5561520df6853047ea93f3f
cifar100,4,tent,A-B-A,contrast,2,cifar100_s04_tent_ABA_contrast_v2,0.6085,0.6051,0.0034000000000000696,0.6054,0.6055,0.0030999999999999917,-0.000300000000000078,0.5899,1.3341758262634278,0.0867548536028713,53.74093390000053,1.3371269250217872,1.3455810893940021,0.001345580595521893,0.030186237767338753,sha256:0ab26c98c27b7f45b1f181d64ed228165eace8aece942ad35e3f34277c66be94
cifar100,4,tent,A-B-A,noise,1,cifar100_s04_tent_ABA_noise_v1,0.6085,0.6051,0.0034000000000000696,0.6052,0.606,0.0033000000000000806,-9.999999999998899e-05,0.4427,1.8100077804565429,0.0867548536028713,47.30893879999894,1.8123699954793424,1.607112489169157,0.0016071135030847185,0.044520530849695206,sha256:214195b9db44343ad9e1ed7e920259b91f5f0e35f9f22a136df03004ef63fd7f
cifar100,4,tent,A-B-A,noise,2,cifar100_s04_tent_ABA_noise_v2,0.6085,0.6051,0.0034000000000000696,0.6055,0.6056,0.0030000000000000027,-0.00040000000000006697,0.2927,2.2286123405456544,0.0867548536028713,47.0926314999997,2.231577565398397,1.7867126479933533,0.0017867139422723763,0.05037607625126839,sha256:09eb17b0b202f7d5f2ee7d85067be9f8b9c6aa9741871e6947a03bf3ef03271f
cifar100,4,tent,A-B-A,rotation,1,cifar100_s04_tent_ABA_rotation_v1,0.6085,0.6051,0.0034000000000000696,0.6049,0.6054,0.0036000000000000476,0.00019999999999997797,0.224,2.0930700706481935,0.0867548536028713,52.82965389999845,2.0958757475961614,1.5713636528087567,0.0015713637871549854,0.04074724763631821,sha256:abf1093a1d5038d036965a517751cb5b1be7e902374dd935062bd64612a94662
cifar100,4,tent,A-B-A,rotation,2,cifar100_s04_tent_ABA_rotation_v2,0.6085,0.6051,0.0034000000000000696,0.6048,0.6052,0.0037000000000000366,0.00029999999999996696,0.2546,2.019948907852173,0.0867548536028713,51.21894649999922,2.020899651925775,1.5374037691309481,0.0015374037151260277,0.038534410297870636,sha256:14060dba05bf3a6f983919416a18a7bbe5d31b751aaadab081c2d998e359750d
cifar100,4,tent,A-B-C-A,blur,1,cifar100_s04_tent_ABCA_blur_v1,0.6085,0.6051,0.0034000000000000696,0.6058,0.6058,0.0027000000000000357,-0.0007000000000000339,0.43585,1.747760404586792,0.0867548536028713,45.948701999999685,1.7535466023638278,1.5086399165889885,0.0015086401438140133,0.06853178143501282,sha256:472372caf0cd28df95ba82006e997fa751a0a6ae282f6cce27298c58593c6d12
cifar100,4,tent,A-B-C-A,blur,2,cifar100_s04_tent_ABCA_blur_v2,0.6085,0.6051,0.0034000000000000696,0.6052,0.605,0.0033000000000000806,-9.999999999998899e-05,0.3845,1.8871036870956421,0.0867548536028713,55.899534300000596,1.8934046188487281,1.5608159590371047,0.0015608162598542963,0.0738997757434845,sha256:90858c14d12121343ab55b7fb6a2f519ad28c86fa0e0ecb8391f5b75abd9c47c
cifar100,4,tent,A-B-C-A,brightness,1,cifar100_s04_tent_ABCA_brightness_v1,0.6085,0.6051,0.0034000000000000696,0.6057,0.6059,0.0028000000000000247,-0.0006000000000000449,0.48175,1.5956934407234191,0.0867548536028713,39.30652010000085,1.6008028802992422,1.4090456502347053,0.0014090456880475808,0.06081407889723778,sha256:3ce98dbf686245e0df594d6cfe6973f3ccf0e4e6b0489d20240b794dbf0eb0e5
cifar100,4,tent,A-B-C-A,brightness,2,cifar100_s04_tent_ABCA_brightness_v2,0.6085,0.6051,0.0034000000000000696,0.6052,0.6057,0.0033000000000000806,-9.999999999998899e-05,0.46015,1.6536707344055175,0.0867548536028713,62.54840549999972,1.6582484411287912,1.419799410844151,0.001419799788442405,0.06115959584712982,sha256:5d3a67b37ac8b99b307d1b3c8dc4378c3af78179d36329c4baf248002ae76e06
cifar100,4,tent,A-B-C-A,contrast,1,cifar100_s04_tent_ABCA_contrast_v1,0.6085,0.6051,0.0034000000000000696,0.6053,0.6059,0.0032000000000000917,-0.00019999999999997797,0.48095,1.5887981768608093,0.0867548536028713,60.633438200000455,1.5940131665785102,1.411981905562968,0.0014119812669055654,0.06042468547821045,sha256:605b3c792d77e97a73526f5f6a172ad6c7fb2a849f5b298dbf5f11a5f64fdef1
cifar100,4,tent,A-B-C-A,contrast,2,cifar100_s04_tent_ABCA_contrast_v2,0.6085,0.6051,0.0034000000000000696,0.6052,0.6057,0.0033000000000000806,-9.999999999998899e-05,0.4653,1.6345972784042357,0.0867548536028713,59.62341320000087,1.6394266908681845,1.4301590730872336,0.0014301585549300042,0.05999584123492241,sha256:89959ae4e96760ca20478f0a20d9ce987f1673cd393e9b9acb9296f2e230e779
cifar100,4,tent,A-B-C-A,noise,1,cifar100_s04_tent_ABCA_noise_v1,0.6085,0.6051,0.0034000000000000696,0.6059,0.6056,0.0026000000000000467,-0.0008000000000000229,0.4021,1.8403024116516113,0.0867548536028713,60.077406899999914,1.8448008759112298,1.5644220385370375,0.0015644223172854208,0.07166063785552979,sha256:06862e39a00124248a09e19c92578b48d1201fe5b2c856b639af87e2fcd3ede7
cifar100,4,tent,A-B-C-A,noise,2,cifar100_s04_tent_ABCA_noise_v2,0.6085,0.6051,0.0034000000000000696,0.606,0.6057,0.0025000000000000577,-0.0009000000000000119,0.3175,2.07991209564209,0.0867548536028713,56.00371710000036,2.084732684908034,1.6486923996406266,0.0016486932681225052,0.07613693177700043,sha256:b086c54b6cd921c0b173f7cbf4f8a69769e9f55ede0f2aab79d8fffc942fd2d6
cifar100,4,tent,A-B-C-A,rotation,1,cifar100_s04_tent_ABCA_rotation_v1,0.6085,0.6051,0.0034000000000000696,0.6055,0.6054,0.0030000000000000027,-0.00040000000000006697,0.29285,1.981878674697876,0.0867548536028713,59.841228400000546,1.9865810048731067,1.5486834441559225,0.001548683331230113,0.06942016631364822,sha256:836a8a81ee0b1a9fda24de4c11ba0bb79d34f712b5591911e65111518e7c03d3
cifar100,4,tent,A-B-C-A,rotation,2,cifar100_s04_tent_ABCA_rotation_v2,0.6085,0.6051,0.0034000000000000696,0.6052,0.6061,0.0033000000000000806,-9.999999999998899e-05,0.29755,1.9758246892929077,0.0867548536028713,59.80604709999898,1.9796501994132996,1.525832942015008,0.00152583278220477,0.06842736899852753,sha256:f4218886d20fff11c1d89bbf305e809dae4eb654875584df30251bd166d91575
cifar10,0,anchor,A-B-A,blur,1,cifar10_s00_anchor_ABA_blur_v1,0.8601,0.8546,0.005499999999999949,0.8548,0.8549,0.005299999999999971,-0.00019999999999997797,0.7639,0.33449802589416505,0.07871631415933371,38.31031419999999,0.3345139667957644,0.6656903737707983,0.0006656904735814639,0.013761761598289013,sha256:c6898ee5558cec6cae6f6a327a625f08b38844cb151b202c8049ef27645bc86c
cifar10,0,anchor,A-B-A,blur,2,cifar10_s00_anchor_ABA_blur_v2,0.8601,0.8546,0.005499999999999949,0.855,0.8548,0.005099999999999993,-0.00039999999999995595,0.664,0.43133510851860046,0.07871631415933371,38.278968200000236,0.43167184500754635,0.8298697743234755,0.0008298694458200678,0.018924176692962646,sha256:068ad2e265b78ff1833696512b66b8d4c1dfbf91fbfcecf40ddfd7ae654a4097
cifar10,0,anchor,A-B-A,brightness,1,cifar10_s00_anchor_ABA_brightness_v1,0.8601,0.8546,0.005499999999999949,0.8546,0.8548,0.005499999999999949,0.0,0.8533,0.22111552739143372,0.07871631415933371,37.57001719999971,0.2204961203321626,0.4697573516942278,0.0004697567779612079,0.006726647261530161,sha256:4fa9641883bac21c292617606f1badb3f219fa348bc43ae3ef316686652ec00a
cifar10,0,anchor,A-B-A,brightness,2,cifar10_s00_anchor_ABA_brightness_v2,0.8601,0.8546,0.005499999999999949,0.8547,0.8547,0.00539999999999996,-9.999999999998899e-05,0.8437,0.23105941326618196,0.07871631415933371,37.674510500000906,0.2307499056752724,0.4810746617709534,0.0004810754668786886,0.007038234267383814,sha256:f8e73063f7e6731a9e2a873b6abb4ff14552f0ae62e2fee8fd123e092821c2e4
cifar10,0,anchor,A-B-A,contrast,1,cifar10_s00_anchor_ABA_contrast_v1,0.8601,0.8546,0.005499999999999949,0.8547,0.8548,0.00539999999999996,-9.999999999998899e-05,0.8512,0.22052933440208436,0.07871631415933371,34.46714670000074,0.22008603226534929,0.47220675590672073,0.00047220709870710877,0.006617345381528139,sha256:2b23f6da9a1fc4a3881b1289a1d44cb37335d108038eafdfe3e8f7a2c94b8b30
cifar10,0,anchor,A-B-A,contrast,2,cifar10_s00_anchor_ABA_contrast_v2,0.8601,0.8546,0.005499999999999949,0.8547,0.8548,0.00539999999999996,-9.999999999998899e-05,0.8407,0.22866342549324037,0.07871631415933371,34.14651210000011,0.22809875860244413,0.4930054537857635,0.0004930055701716131,0.006906173657625914,sha256:b94eac90d9a0b48f1b32541cd7642e18230670e6a3308b6b9db65b09e67e50dd
cifar10,0,anchor,A-B-A,noise,1,cifar10_s00_anchor_ABA_noise_v1,0.8601,0.8546,0.005499999999999949,0.8546,0.8546,0.005499999999999949,0.0,0.7579,0.3328128466129303,0.07871631415933371,33.83967389999816,0.3324438635307022,0.6760245108906227,0.0006760240634137033,0.01163844857364893,sha256:c7b0155ec1b4030c117e543b1dac8c0c22268e4480598c9ec05b13fcd1bbd202
cifar10,0,anchor,A-B-A,noise,2,cifar10_s00_anchor_ABA_noise_v2,0.8601,0.8546,0.005499999999999949,0.8547,0.8545,0.00539999999999996,-9.999999999998899e-05,0.6066,0.4716589422225952,0.07871631415933371,36.36339090000183,0.47099518738215485,0.8976852924008912,0.0008976860524485289,0.018516240641474724,sha256:340a7be5a847dc60f27a982b8278ad9a8c5fde54aa2ab5f33fa6e872b4bcac7e
cifar10,0,anchor,A-B-A,rotation,1,cifar10_s00_anchor_ABA_rotation_v1,0.8601,0.8546,0.005499999999999949,0.8549,0.8547,0.005199999999999982,-0.00029999999999996696,0.3459,0.5914783430099487,0.07871631415933371,34.5544951999982,0.5936705553078954,0.9107668875138971,0.0009107673054419552,0.016389150172472,sha256:fad9fb5968f1354cb400a848d6fb409ebc1e2d58b7d9a9b2ace1149d4583e64e
cifar10,0,anchor,A-B-A,rotation,2,cifar10_s00_anchor_ABA_rotation_v2,0.8601,0.8546,0.005499999999999949,0.8548,0.8546,0.005299999999999971,-0.00019999999999997797,0.3929,0.540422242641449,0.07871631415933371,32.87114219999785,0.5432186209702794,0.8517818186856523,0.0008517813565256663,0.01627136766910553,sha256:23eb9949db5791bf036821d7b94f458c1908b433dea4421efca7deedffa2f5fa
cifar10,0,anchor,A-B-C-A,blur,1,cifar10_s00_anchor_ABCA_blur_v1,0.8601,0.8546,0.005499999999999949,0.8547,0.8547,0.00539999999999996,-9.999999999998899e-05,0.7593,0.3345236458301544,0.07871631415933371,55.36359270000321,0.33425688837902456,0.6654128258741354,0.0006654130389230161,0.021349865943193436,sha256:1b60a3e0f47f2e8ca7b562a2e5f914a891e63861530473407a34751b49567d31
cifar10,0,anchor,A-B-C-A,blur,2,cifar10_s00_anchor_ABCA_blur_v2,0.8601,0.8546,0.005499999999999949,0.8551,0.8548,0.0050000000000000044,-0.0004999999999999449,0.7059,0.3874225440740585,0.07871631415933371,52.955320400000346,0.38735708085042014,0.7376554812057109,0.0007376554359452021,0.024446219205856323,sha256:753a726c5b5ea2f61c49a01dde8aaddf7cf16e496e640b136d8789105014c6b2
cifar10,0,anchor,A-B-C-A,brightness,1,cifar10_s00_anchor_ABCA_brightness_v1,0.8601,0.8546,0.005499999999999949,0.8543,0.8543,0.005800000000000027,0.000300000000000078,0.80405,0.27770719723701476,0.07871631415933371,55.63312690000021,0.2771199707743488,0.5674211148974262,0.0005674210711915777,0.0187750905752182,sha256:0eb36c9107d403cede8da0933e1b32b4f82f2e68b7e53c7aabe3cb4fa1b1e8a8
cifar10,0,anchor,A-B-C-A,brightness,2,cifar10_s00_anchor_ABCA_brightness_v2,0.8601,0.8546,0.005499999999999949,0.8548,0.8546,0.005299999999999971,-0.00019999999999997797,0.7968,0.28717960411310195,0.07871631415933371,53.00966690000132,0.2868032414890543,0.5629502721602404,0.0005629504925816002,0.017882101237773895,sha256:bb6f6edb1d7c761d88ba56b172c96e5ee7d3df4501bb2eeeff4997ec9757149f
cifar10,0,anchor,A-B-C-A,contrast,1,cifar10_s00_anchor_ABCA_contrast_v1,0.8601,0.8546,0.005499999999999949,0.8542,0.8542,0.005900000000000016,0.00040000000000006697,0.80305,0.27737885625362396,0.07871631415933371,59.94921129999784,0.2768808613660969,0.5685765216999417,0.0005685768391910492,0.018993716686964035,sha256:260a05223a290607e62c6f18ada855c64964e253736a9424df2bf8ad5fe95d8a
cifar10,0,anchor,A-B-C-A,contrast,2,cifar10_s00_anchor_ABCA_contrast_v2,0.8601,0.8546,0.005499999999999949,0.8544,0.8544,0.005699999999999927,0.00019999999999997797,0.7951,0.2859011255264282,0.07871631415933371,59.96496290000141,0.2853976777648624,0.5687036027636709,0.0005687036090294677,0.01851668953895569,sha256:068964485ff441f524f01c7aa4f99c020b4a93755b2f91f28a865c6ecba3f785
cifar10,0,anchor,A-B-C-A,noise,1,cifar10_s00_anchor_ABCA_noise_v1,0.8601,0.8546,0.005499999999999949,0.8545,0.8546,0.005599999999999938,9.999999999998899e-05,0.7563,0.3336376681566238,0.07871631415933371,59.140264200003,0.33318438003712064,0.6705596516781216,0.0006705594596842045,0.020356757566332817,sha256:a257f287902eeea49b4b1dc0fcdb6593986a9b3e6c1af079fafa57c17fee7d1a
cifar10,0,anchor,A-B-C-A,noise,2,cifar10_s00_anchor_ABCA_noise_v2,0.8601,0.8546,0.005499999999999949,0.8542,0.8543,0.005900000000000016,0.00040000000000006697,0.67725,0.40777363448143006,0.07871631415933371,59.074443800000154,0.4072027951478958,0.7718539207796508,0.0007718543225863973,0.02287742868065834,sha256:00c2a54a24570a6b166cced4d1c5c2e74cf22deb458e81198a1052c1b0013eeb
cifar10,0,anchor,A-B-C-A,rotation,1,cifar10_s00_anchor_ABCA_rotation_v1,0.8601,0.8546,0.005499999999999949,0.8543,0.8545,0.005800000000000027,0.000300000000000078,0.55045,0.4629304438829422,0.07871631415933371,60.70624769999995,0.4637503131658216,0.7881327288437493,0.0007881334624724769,0.023705968633294106,sha256:5291f876fbc4461228a097db436984eb124f0b2b7961518b0a6d85fe1659b151
cifar10,0,anchor,A-B-C-A,rotation,2,cifar10_s00_anchor_ABCA_rotation_v2,0.8601,0.8546,0.005499999999999949,0.8546,0.8542,0.005499999999999949,0.0,0.57045,0.44185248444080355,0.07871631415933371,60.658425499997975,0.44301422657091405,0.7484324842314177,0.0007484322288545155,0.023273807018995285,sha256:d4dd65294ad90624d9d72ff596bbb092ba9865c5d0806ba0739a3873962ee3da
cifar10,0,ema_restore,A-B-A,blur,1,cifar10_s00_ema_restore_ABA_blur_v1,0.8601,0.8546,0.005499999999999949,0.8549,0.855,0.005199999999999982,-0.00029999999999996696,0.7638,0.3347073660373688,0.07871631415933371,47.840441800002736,0.3347271480892278,0.6659795875790753,0.0006509231620090955,0.009544719941914082,sha256:6e9be85ec0a39df49dc535704a6ce955a56686f6831546fa74ef9ea8fd06fddc
cifar10,0,ema_restore,A-B-A,blur,2,cifar10_s00_ema_restore_ABA_blur_v2,0.8601,0.8546,0.005499999999999949,0.8549,0.8548,0.005199999999999982,-0.00029999999999996696,0.6638,0.4317393584251404,0.07871631415933371,47.88510310000129,0.4320909973186783,0.8301634154742277,0.000808190251553219,0.013184504583477974,sha256:6ef9c5caad94b8d6493be2467dc60819c30fd36cc05d1fd29f98d9ce8bfb8aaa
cifar10,0,ema_restore,A-B-A,brightness,1,cifar10_s00_ema_restore_ABA_brightness_v1,0.8601,0.8546,0.005499999999999949,0.8545,0.8547,0.005599999999999938,9.999999999998899e-05,0.8534,0.22115388844013215,0.07871631415933371,49.7662668999983,0.2205331789541848,0.46975682053384904,0.00046330162241489073,0.0047051021829247475,sha256:4e524e481f1f2a276f2cf85c150c1cdaac15d6964120601cfd18c557627972a6
cifar10,0,ema_restore,A-B-A,brightness,2,cifar10_s00_ema_restore_ABA_brightness_v2,0.8601,0.8546,0.005499999999999949,0.8546,0.8546,0.005499999999999949,0.0,0.8437,0.23110094294548034,0.07871631415933371,49.809438899999805,0.23079110493388358,0.48115227720405485,0.0004743772552973485,0.004887253046035767,sha256:8e0070d8ac8c86585b86d59f98b36b2f88c1b33829fcd8296a7eb834e94b7d76
cifar10,0,ema_restore,A-B-A,contrast,1,cifar10_s00_ema_restore_ABA_contrast_v1,0.8601,0.8546,0.005499999999999949,0.8546,0.8548,0.005499999999999949,0.0,0.8512,0.22056486518383026,0.07871631415933371,41.63550789999863,0.22012156512163863,0.47230023749266997,0.00046598713158311534,0.004662529565393925,sha256:ef6ec8d5425a90af8517869abb1ff35aca6dd8e5f1fa8f2c99596c0cc6874253
cifar10,0,ema_restore,A-B-A,contrast,2,cifar10_s00_ema_restore_ABA_contrast_v2,0.8601,0.8546,0.005499999999999949,0.8547,0.8548,0.00539999999999996,-9.999999999998899e-05,0.8407,0.2287008010864258,0.07871631415933371,40.72222690000126,0.2281381295451635,0.4930157254013834,0.00048644538884805636,0.004844899754971266,sha256:7219cb0d38ee5585de7661554a50520b7331c203a548e4403a70eeb4710ead05
cifar10,0,ema_restore,A-B-A,noise,1,cifar10_s00_ema_restore_ABA_noise_v1,0.8601,0.8546,0.005499999999999949,0.8546,0.8546,0.005499999999999949,0.0,0.7576,0.3329446371078491,0.07871631415933371,43.42773800000214,0.33258198673212075,0.676244690448423,0.0006645229900008233,0.00825068261474371,sha256:278a476c3a5bde5c11066f37ff93c64a4501e52aa0db39e15ad1c52fb7c33d03
cifar10,0,ema_restore,A-B-A,noise,2,cifar10_s00_ema_restore_ABA_noise_v2,0.8601,0.8546,0.005499999999999949,0.8543,0.8547,0.005800000000000027,0.000300000000000078,0.6066,0.4720382981300354,0.07871631415933371,38.991785099999106,0.4713774893102767,0.8981440263458446,0.0008777219358584077,0.012756041251122952,sha256:3d75ec81dc01fbdbacaad913b3a8d432b05a13709f2db49fd1107fc4f52be524
cifar10,0,ema_restore,A-B-A,rotation,1,cifar10_s00_ema_restore_ABA_rotation_v1,0.8601,0.8546,0.005499999999999949,0.8548,0.8548,0.005299999999999971,-0.00019999999999997797,0.3458,0.5917481490135192,0.07871631415933371,38.926993900000525,0.5939489557773252,0.9109178374085245,0.0008939906013127463,0.011569779366254807,sha256:98b41a098bd95150b41c66f628d73cf2aa011ba4164fb689e1aa470b4d03c412
cifar10,0,ema_restore,A-B-A,rotation,2,cifar10_s00_ema_restore_ABA_rotation_v2,0.8601,0.8546,0.005499999999999949,0.8547,0.8548,0.00539999999999996,-9.999999999998899e-05,0.3929,0.5407045128822326,0.07871631415933371,39.0293328000007,0.5434992369971697,0.851966999754121,0.0008346566354231084,0.01130058616399765,sha256:b90a8206f3b48f9c7f903e719339c1562fc219fb956dcc1f65ae989e7718cd29
cifar10,0,ema_restore,A-B-C-A,blur,1,cifar10_s00_ema_restore_ABCA_blur_v1,0.8601,0.8546,0.005499999999999949,0.8543,0.8543,0.005800000000000027,0.000300000000000078,0.7593,0.334795348572731,0.07871631415933371,53.24397939999835,0.3345321232948122,0.665729277873341,0.0006501769817941174,0.012133331969380379,sha256:b8b51c2d0bf8e28ceeee2190f56050ab7189731fe594f266cea590591e608735
cifar10,0,ema_restore,A-B-C-A,blur,2,cifar10_s00_ema_restore_ABCA_blur_v2,0.8601,0.8546,0.005499999999999949,0.8546,0.8546,0.005499999999999949,0.0,0.7062,0.38777876613140105,0.07871631415933371,53.27027090000047,0.3877266362498078,0.7377561836303035,0.0007211326852093062,0.012056105770170689,sha256:6fd73412ad6e3c4adac43d39bb8b97fb79fb1e07518d9f74630fad824af8d4d4
cifar10,0,ema_restore,A-B-C-A,brightness,1,cifar10_s00_ema_restore_ABCA_brightness_v1,0.8601,0.8546,0.005499999999999949,0.8542,0.8543,0.005900000000000016,0.00040000000000006697,0.8042,0.2779544250369072,0.07871631415933371,54.18847939999978,0.2773702958528,0.5676657074614416,0.0005542590578316558,0.011954533867537975,sha256:d1fcabbb6ca0b812601d78c9b4cd4a1bfead7b451ad90c27f1c9d12b88b1f59b
cifar10,0,ema_restore,A-B-C-A,brightness,2,cifar10_s00_ema_restore_ABCA_brightness_v2,0.8601,0.8546,0.005499999999999949,0.8546,0.8547,0.005499999999999949,0.0,0.79645,0.2874059619665146,0.07871631415933371,54.06945519999863,0.287026735140553,0.5631375312805176,0.0005504263161911476,0.011020898818969727,sha256:7043d7d817c7ef0ca21eef974941def4b07c072af2e60d2e0739f229d7905ba6
cifar10,0,ema_restore,A-B-C-A,contrast,1,cifar10_s00_ema_restore_ABCA_contrast_v1,0.8601,0.8546,0.005499999999999949,0.8543,0.8543,0.005800000000000027,0.000300000000000078,0.8031,0.2776425914168358,0.07871631415933371,63.753983899998275,0.27714729459979864,0.5688791816370397,0.0005553532133904533,0.012043834663927555,sha256:2702e24a677952f227c25cd92468e261477274168c29da2a1ca198d62a330fe6
cifar10,0,ema_restore,A-B-C-A,contrast,2,cifar10_s00_ema_restore_ABCA_contrast_v2,0.8601,0.8546,0.005499999999999949,0.8546,0.8546,0.005499999999999949,0.0,0.795,0.28616054430007937,0.07871631415933371,63.925660799999605,0.285655020724369,0.569039729199832,0.0005559165941041458,0.011295616626739502,sha256:d3418cb5765af2fea0cbe5d8c4986c6977976329484181d20583cbc9580f58d4
cifar10,0,ema_restore,A-B-C-A,noise,1,cifar10_s00_ema_restore_ABCA_noise_v1,0.8601,0.8546,0.005499999999999949,0.8544,0.8544,0.005699999999999927,0.00019999999999997797,0.7562,0.3338911455154419,0.07871631415933371,65.46999099999812,0.33343841531608676,0.6708927467654023,0.000656258050518853,0.012039816938340664,sha256:060e8deb00559e3da21ef4ee46e938a9cbd81bae85b6aa6143f54d01608c6415
cifar10,0,ema_restore,A-B-C-A,noise,2,cifar10_s00_ema_restore_ABCA_noise_v2,0.8601,0.8546,0.005499999999999949,0.8547,0.8545,0.00539999999999996,-9.999999999998899e-05,0.6775,0.4080167315006256,0.07871631415933371,65.48595410000053,0.4074560698074631,0.7719385635249222,0.0007568197317503959,0.011473159305751324,sha256:09de7ff1acc2b369364a38e364d318087b0fa7a6da87a88f11d6b245c3019c1e
cifar10,0,ema_restore,A-B-C-A,rotation,1,cifar10_s00_ema_restore_ABCA_rotation_v1,0.8601,0.8546,0.005499999999999949,0.8545,0.8543,0.005599999999999938,9.999999999998899e-05,0.5504,0.46328202419281006,0.07871631415933371,61.141523599999346,0.4641090789927712,0.788356214761734,0.0007723144640927969,0.0126964021474123,sha256:bd0b08373820accd76e7e19a028fac4fefeb029a011c2f73bdbfd72f820986ba
cifar10,0,ema_restore,A-B-C-A,rotation,2,cifar10_s00_ema_restore_ABCA_rotation_v2,0.8601,0.8546,0.005499999999999949,0.8547,0.8549,0.00539999999999996,-9.999999999998899e-05,0.57075,0.442206006860733,0.07871631415933371,61.1489150999987,0.4433752170091943,0.7486010035382041,0.0007326770872260809,0.012031834572553635,sha256:0b27416e5b8491bc2269bf4459dd4684148cb76d5c83b536e0f429ff5a290103
cifar10,0,periodic_reset,A-B-A,blur,1,cifar10_s00_periodic_reset_ABA_blur_v1,0.8601,0.8546,0.005499999999999949,0.8546,0.8547,0.005499999999999949,0.0,0.7633,0.33538285937309265,0.07871631415933371,47.62908199999947,0.33540962881679776,0.6671391529372975,0.0008237290946189078,0.00263838074170053,sha256:08fcf6b055cd97edfff0a0f70d9e7c4f0fec05d48d7bf6b0097c0d43b0bdbb00
cifar10,0,periodic_reset,A-B-A,blur,2,cifar10_s00_periodic_reset_ABA_blur_v2,0.8601,0.8546,0.005499999999999949,0.8546,0.8546,0.005499999999999949,0.0,0.6627,0.4330456803321838,0.07871631415933371,47.764132600001176,0.43342072752457633,0.8313481475733504,0.0010336232629510327,0.0034416052512824535,sha256:0e6875a9a1a9c3209a56cbfa579a7ade43adaf11d38f17e9824dcccd84ec48c1
cifar10,0,periodic_reset,A-B-A,brightness,1,cifar10_s00_periodic_reset_ABA_brightness_v1,0.8601,0.8546,0.005499999999999949,0.8545,0.8547,0.005599999999999938,9.999999999998899e-05,0.8535,0.22127593011856078,0.07871631415933371,49.109590500000195,0.22065378555768653,0.46989145271385774,0.0005613713472922439,0.0016663919668644667,sha256:f8a531b7608728a7f5f99133535ec5710835d71fdfd4046fc1042b558aa4b623
cifar10,0,periodic_reset,A-B-A,brightness,2,cifar10_s00_periodic_reset_ABA_brightness_v2,0.8601,0.8546,0.005499999999999949,0.8546,0.8546,0.005499999999999949,0.0,0.8437,0.23124021010398865,0.07871631415933371,49.191952799999854,0.23092740491221223,0.48136499033698554,0.0005761658959974877,0.0015914167743176222,sha256:8e38b673aabe814c672cf1dda25a813c62242edc4d91a364096d430d7c2c5d40
cifar10,0,periodic_reset,A-B-A,contrast,1,cifar10_s00_periodic_reset_ABA_contrast_v1,0.8601,0.8546,0.005499999999999949,0.8545,0.8547,0.005599999999999938,9.999999999998899e-05,0.8511,0.22067842886447905,0.07871631415933371,40.73064200000226,0.22023514082914666,0.4723869105683097,0.0005655596732704228,0.0016817294526845217,sha256:a23b289402d5f64e2b31c46adef9e70c4d7229a263338c40fc9032c96465f6ed
cifar10,0,periodic_reset,A-B-A,contrast,2,cifar10_s00_periodic_reset_ABA_contrast_v2,0.8601,0.8546,0.005499999999999949,0.8546,0.8547,0.005499999999999949,0.0,0.8407,0.228824870967865,0.07871631415933371,40.70651260000159,0.22826162603082537,0.49313827934144416,0.0005901286679119626,0.0016802516765892506,sha256:4ac7019948b0f56cb4e91ec73f2feaa0203a61bb49047516409528f9de821261
cifar10,0,periodic_reset,A-B-A,noise,1,cifar10_s00_periodic_reset_ABA_noise_v1,0.8601,0.8546,0.005499999999999949,0.8545,0.8547,0.005599999999999938,9.999999999998899e-05,0.7575,0.33336340589523317,0.07871631415933371,42.31927209999776,0.33301399553878397,0.6769237571124789,0.0008212365386889705,0.002542756265029311,sha256:edf5588984f94d550959a47d42bc0e60e7ce65b5a5bf96403d78b05873e4ca03
cifar10,0,periodic_reset,A-B-A,noise,2,cifar10_s00_periodic_reset_ABA_noise_v2,0.8601,0.8546,0.005499999999999949,0.8546,0.8547,0.005499999999999949,0.0,0.6052,0.4732591883182526,0.07871631415933371,42.325384799998574,0.4725968547259705,0.899865361708629,0.0011120539547616168,0.0029838935006409883,sha256:e3031682d5b90431abcf07b4bc7ed21354c3385ea519c7b5ae3a96ce045c2dfc
cifar10,0,periodic_reset,A-B-A,rotation,1,cifar10_s00_periodic_reset_ABA_rotation_v1,0.8601,0.8546,0.005499999999999949,0.8546,0.8547,0.005499999999999949,0.0,0.3455,0.5926048801422119,0.07871631415933371,38.49912250000125,0.5948273905470401,0.9115081195589863,0.0011118111573454417,0.003480284009128809,sha256:cb1250d1dc6f1853404472cf0a81d13916cc4880f89026dca6ddf52321cf6463
cifar10,0,periodic_reset,A-B-A,rotation,2,cifar10_s00_periodic_reset_ABA_rotation_v2,0.8601,0.8546,0.005499999999999949,0.8546,0.8545,0.005499999999999949,0.0,0.3926,0.541614315032959,0.07871631415933371,38.46282109999811,0.5444059013565884,0.8525243303443812,0.0010417011003540475,0.0029528839513659477,sha256:0a1e8dd75d1a60559f817f7ba30901f36a8b56755d2afb354b6532d094d9a745
cifar10,0,periodic_reset,A-B-C-A,blur,1,cifar10_s00_periodic_reset_ABCA_blur_v1,0.8601,0.8546,0.005499999999999949,0.8545,0.8546,0.005599999999999938,9.999999999998899e-05,0.75895,0.33563851425647734,0.07871631415933371,54.590558600000804,0.33537889356854594,0.666906486960906,0.0008412507871796577,0.002807126147672534,sha256:0392aa0a7a1c186667f7f3b14a46f92e464ecc38a9d69c2101f9851370ec9a98
cifar10,0,periodic_reset,A-B-C-A,blur,2,cifar10_s00_periodic_reset_ABCA_blur_v2,0.8601,0.8546,0.005499999999999949,0.8546,0.8547,0.005499999999999949,0.0,0.7056,0.38888548054695127,0.07871631415933371,54.5905946999992,0.38883474242838123,0.7389425869229473,0.000938704338652683,0.0020549260079860687,sha256:ffdd6fdf60c6306546c29bef8436662e7d6b12cde5552aa77e8e9404af30eb01
cifar10,0,periodic_reset,A-B-C-A,brightness,1,cifar10_s00_periodic_reset_ABCA_brightness_v1,0.8601,0.8546,0.005499999999999949,0.8545,0.8546,0.005599999999999938,9.999999999998899e-05,0.80405,0.278583811378479,0.07871631415933371,53.44134579999809,0.2779997474030603,0.5682776202506656,0.0007039200858274899,0.002807126147672534,sha256:9e430a9583dc3c51f38bb088edd749777f47529fcc66854b7cc2ffcc43da9fa8
cifar10,0,periodic_reset,A-B-C-A,brightness,2,cifar10_s00_periodic_reset_ABCA_brightness_v2,0.8601,0.8546,0.005499999999999949,0.8546,0.8547,0.005499999999999949,0.0,0.7961,0.28798150832653047,0.07871631415933371,53.47055769999861,0.28758685771800296,0.5639483943770204,0.0006982656015242344,0.0020549260079860687,sha256:01eec0def739b0ca0d80a87722c55e389c6aded37d815131d71fefb2dfe39f4b
cifar10,0,periodic_reset,A-B-C-A,contrast,1,cifar10_s00_periodic_reset_ABCA_contrast_v1,0.8601,0.8546,0.005499999999999949,0.8545,0.8546,0.005599999999999938,9.999999999998899e-05,0.80285,0.27828499361276626,0.07871631415933371,58.476096399997914,0.2777903586437431,0.5695209818173058,0.000706111321511643,0.002807126147672534,sha256:38c296518694c999756b5b8323cfa3061907618d1144ceb6283a3a091bdcfe7d
cifar10,0,periodic_reset,A-B-C-A,contrast,2,cifar10_s00_periodic_reset_ABCA_contrast_v2,0.8601,0.8546,0.005499999999999949,0.8546,0.8547,0.005499999999999949,0.0,0.7946,0.2867733779430389,0.07871631415933371,62.564851800001634,0.2862535125658482,0.5698376622381089,0.0007058092336983809,0.0020549260079860687,sha256:eca84cd0f6042cb5effb6a06aed91f9eba47efcb5d10331afef49c26078fdf06
cifar10,0,periodic_reset,A-B-C-A,noise,1,cifar10_s00_periodic_reset_ABCA_noise_v1,0.8601,0.8546,0.005499999999999949,0.8545,0.8546,0.005599999999999938,9.999999999998899e-05,0.75605,0.33462846422195436,0.07871631415933371,63.96101239999916,0.33418075721475143,0.6717885966542401,0.0008393992910079092,0.002807126147672534,sha256:9ec2c5cf06b58bcc3fd3e5d97e28e85a5adab45720cc633d127e99766aa2763d
cifar10,0,periodic_reset,A-B-C-A,noise,2,cifar10_s00_periodic_reset_ABCA_noise_v2,0.8601,0.8546,0.005499999999999949,0.8546,0.8547,0.005499999999999949,0.0,0.67685,0.40899168808460235,0.07871631415933371,64.52869040000223,0.4084222656262072,0.7732055522973025,0.0009750227747437886,0.0020549260079860687,sha256:425a3f1873cb12447c3141780b896bc237a95bb4aa85ac151d9b114e9b898bd0
cifar10,0,periodic_reset,A-B-C-A,rotation,1,cifar10_s00_periodic_reset_ABCA_rotation_v1,0.8601,0.8546,0.005499999999999949,0.8545,0.8546,0.005599999999999938,9.999999999998899e-05,0.55005,0.46424922652244566,0.07871631415933371,47.058027899998706,0.46508747961702224,0.7890944529937792,0.0009906203202355087,0.002807126147672534,sha256:ff077fe832b189687b44fd387efe73cbeb94d4601f12a75ef90c53665d8d3af6
cifar10,0,periodic_reset,A-B-C-A,rotation,2,cifar10_s00_periodic_reset_ABCA_rotation_v2,0.8601,0.8546,0.005499999999999949,0.8546,0.8547,0.005499999999999949,0.0,0.57055,0.4431686294555664,0.07871631415933371,41.25623849999829,0.44432617384421674,0.749533400505404,0.0009396500845699088,0.0020549260079860687,sha256:704b9c39f6baff4bea7a26923b6b00c660dc72d9c0ed1707093455fd4302001f
cifar10,0,source,A-B-A,blur,1,cifar10_s00_source_ABA_blur_v1,0.8601,0.8601,0.0,0.8601,0.8601,0.0,0.0,0.5437,0.5422976026058197,0.07871631415933371,13.655803500001639,0.5414098146595533,0.0,0.0,0.0,sha256:4bc2248d8888103c85fb48e7654473a68a54808d9daa811261bfd48d57a219ae
cifar10,0,source,A-B-A,blur,2,cifar10_s00_source_ABA_blur_v2,0.8601,0.8601,0.0,0.8601,0.8601,0.0,0.0,0.3348,0.6261791101455688,0.07871631415933371,13.74010570000246,0.6254867918883698,0.0,0.0,0.0,sha256:79332f5c70236e88f4a8983b5ccdc1ca134acf8e259e162dc4b1c76b6f14b6f2
cifar10,0,source,A-B-A,brightness,1,cifar10_s00_source_ABA_brightness_v1,0.8601,0.8601,0.0,0.8601,0.8601,0.0,0.0,0.8553,0.2489542491197586,0.07871631415933371,16.048853000000236,0.2478779331792759,0.0,0.0,0.0,sha256:d84f7f7e63e70bb88f91e9c274c27f19127b12ac6ae256fd7c41637c3f9f257c
cifar10,0,source,A-B-A,brightness,2,cifar10_s00_source_ABA_brightness_v2,0.8601,0.8601,0.0,0.8601,0.8601,0.0,0.0,0.829,0.29676300683021545,0.07871631415933371,16.06273130000045,0.29623076432867895,0.0,0.0,0.0,sha256:3b010b5a0c14d8cf8c8f7749f560255505dc8749e798743a8c6b85da44a8e78c
cifar10,0,source,A-B-A,contrast,1,cifar10_s00_source_ABA_contrast_v1,0.8601,0.8601,0.0,0.8601,0.8601,0.0,0.0,0.8516,0.24725110487937926,0.07871631415933371,16.087665499999275,0.24620669023900094,0.0,0.0,0.0,sha256:23c97c6113f062012ee9b8576ee0c1ed2e4dc8946cfbf8e5987e6f774c936568
cifar10,0,source,A-B-A,contrast,2,cifar10_s00_source_ABA_contrast_v2,0.8601,0.8601,0.0,0.8601,0.8601,0.0,0.0,0.7867,0.335933510017395,0.07871631415933371,16.034324500000366,0.33659241056140465,0.0,0.0,0.0,sha256:ea1fee5ab6eb1bad8789d88b050a423c9949863008e1711ba04e9da44c93bf95
cifar10,0,source,A-B-A,noise,1,cifar10_s00_source_ABA_noise_v1,0.8601,0.8601,0.0,0.8601,0.8601,0.0,0.0,0.5909,0.5017554406166077,0.07871631415933371,15.087172200001078,0.5023258460473411,0.0,0.0,0.0,sha256:4e4061d984ffd0921f08fcfbc4fe52969a11f23160644fbcdfaa32d1b561f2aa
cifar10,0,source,A-B-A,noise,2,cifar10_s00_source_ABA_noise_v2,0.8601,0.8601,0.0,0.8601,0.8601,0.0,0.0,0.264,0.6038491020202637,0.07871631415933371,14.99036210000122,0.6060441181629519,0.0,0.0,0.0,sha256:7640bfd511415bee15423b2145ce825397f4280da9b8e4e13df4022a1aae7e12
cifar10,0,source,A-B-A,rotation,1,cifar10_s00_source_ABA_rotation_v1,0.8601,0.8601,0.0,0.8601,0.8601,0.0,0.0,0.3346,0.7421635265350341,0.07871631415933371,17.269466300000204,0.7439414904087405,0.0,0.0,0.0,sha256:7832393efab6c3d6944d3bda090266de8c812e8100944bee7ed7c4360eac4f6f
cifar10,0,source,A-B-A,rotation,2,cifar10_s00_source_ABA_rotation_v2,0.8601,0.8601,0.0,0.8601,0.8601,0.0,0.0,0.3836,0.690423624420166,0.07871631415933371,17.2690963999994,0.6916334493250786,0.0,0.0,0.0,sha256:8afe98b3ea63e8dfefcc8ad17f9bcc37a46b1b30cf780a4538c0cffdc0aee22b
cifar10,0,source,A-B-C-A,blur,1,cifar10_s00_source_ABCA_blur_v1,0.8601,0.8601,0.0,0.8601,0.8601,0.0,0.0,0.6434,0.48277679612636565,0.07871631415933371,22.708089100000507,0.4818064025308512,0.0,0.0,0.0,sha256:560a665619516881124100d9eb8f651c57d2fe87c25e5bc10d506bf8c5bf3c6e
cifar10,0,source,A-B-C-A,blur,2,cifar10_s00_source_ABCA_blur_v2,0.8601,0.8601,0.0,0.8601,0.8601,0.0,0.0,0.53535,0.5263848388433456,0.07871631415933371,22.852195499999652,0.5255882334482821,0.0,0.0,0.0,sha256:e4f7d451306cb9b52adc1ee8975f87c892b6503fad1a1cc306d318db1320fbeb
cifar10,0,source,A-B-C-A,brightness,1,cifar10_s00_source_ABCA_brightness_v1,0.8601,0.8601,0.0,0.8601,0.8601,0.0,0.0,0.7992,0.3361051193833351,0.07871631415933371,22.279945499998576,0.33504046179071256,0.0,0.0,0.0,sha256:679a8b7179e26c8825a3f4777aca7d885e151a4b8afb7a2072e0448abde77769
cifar10,0,source,A-B-C-A,brightness,2,cifar10_s00_source_ABCA_brightness_v2,0.8601,0.8601,0.0,0.8601,0.8601,0.0,0.0,0.78245,0.3616767871856689,0.07871631415933371,22.39587119999851,0.36096021966843667,0.0,0.0,0.0,sha256:c96479d5509c50337d05b71feacfe76f7b0664d10e3311886c541295f2abff6f
cifar10,0,source,A-B-C-A,contrast,1,cifar10_s00_source_ABCA_contrast_v1,0.8601,0.8601,0.0,0.8601,0.8601,0.0,0.0,0.79735,0.33525354726314543,0.07871631415933371,15.756426899999497,0.33420484032057507,0.0,0.0,0.0,sha256:3e683a37d4cb16c32152ae30942c80ed262578e00a2a63fd27c2db0ff013a2ac
cifar10,0,source,A-B-C-A,contrast,2,cifar10_s00_source_ABCA_contrast_v2,0.8601,0.8601,0.0,0.8601,0.8601,0.0,0.0,0.7613,0.38126203877925874,0.07871631415933371,15.7587824000002,0.3811410427847995,0.0,0.0,0.0,sha256:08811b22f8047b4e22b3a99b737c949f0e9cb3154e0cbe0106e66cbceb6606ee
cifar10,0,source,A-B-C-A,noise,1,cifar10_s00_source_ABCA_noise_v1,0.8601,0.8601,0.0,0.8601,0.8601,0.0,0.0,0.667,0.46250571513175964,0.07871631415933371,16.60062939999989,0.4622644182247452,0.0,0.0,0.0,sha256:76572ebd56277b9e8d996f18d3c963b4edb55b73d1c0a78ac784d195859aeb39
cifar10,0,source,A-B-C-A,noise,2,cifar10_s00_source_ABCA_noise_v2,0.8601,0.8601,0.0,0.8601,0.8601,0.0,0.0,0.49995,0.5152198347806931,0.07871631415933371,16.570783700000902,0.5158668965855732,0.0,0.0,0.0,sha256:619dada42621e39f4402c91b4c4337370cac7b60d1b2e66980d2a7b09a002b4a
cifar10,0,source,A-B-C-A,rotation,1,cifar10_s00_source_ABCA_rotation_v1,0.8601,0.8601,0.0,0.8601,0.8601,0.0,0.0,0.53885,0.5827097580909729,0.07871631415933371,16.158638000000792,0.5830722404054448,0.0,0.0,0.0,sha256:7fadefaba3819ebeeea2793225162725d2af579565ed2efe442d03f6c80cdf46
cifar10,0,source,A-B-C-A,rotation,2,cifar10_s00_source_ABCA_rotation_v2,0.8601,0.8601,0.0,0.8601,0.8601,0.0,0.0,0.55975,0.5585070959806442,0.07871631415933371,15.951075100001617,0.5586615621666365,0.0,0.0,0.0,sha256:8260941554798bafbe920e5d5ef052f2643d14ebcd7c7cd59ab03f40876b0636
cifar10,0,tent,A-B-A,blur,1,cifar10_s00_tent_ABA_blur_v1,0.8601,0.8546,0.005499999999999949,0.8548,0.8549,0.005299999999999971,-0.00019999999999997797,0.7639,0.33450091371536256,0.07871631415933371,47.49771429999964,0.3345164905620527,0.6656639636317386,0.0006656635543803059,0.013761724345386028,sha256:0cf251c3e0cb937b49b63f7419b15f37420ce4cd0b2a0bd1b4a801426d5ae327
cifar10,0,tent,A-B-A,blur,2,cifar10_s00_tent_ABA_blur_v2,0.8601,0.8546,0.005499999999999949,0.855,0.8548,0.005099999999999993,-0.00039999999999995595,0.6641,0.4313325304985046,0.07871631415933371,46.982049300000654,0.43166943516912337,0.8298295849486242,0.0008298289966533739,0.018924567848443985,sha256:e03bd22f81b73050a95a65d92e1cf4a62c9a24e1ea4ed0eda6a7d0fad4fff444
cifar10,0,tent,A-B-A,brightness,1,cifar10_s00_tent_ABA_brightness_v1,0.8601,0.8546,0.005499999999999949,0.8546,0.8548,0.005499999999999949,0.0,0.8533,0.2211140669107437,0.07871631415933371,47.61481069999718,0.22049471679367597,0.46976489168179186,0.00046976664858056777,0.006726482417434454,sha256:07d95cae24eb38f0758fd8faf2b424e4d9f8a68596fb744509ecdde24217d5ed
cifar10,0,tent,A-B-A,brightness,2,cifar10_s00_tent_ABA_brightness_v2,0.8601,0.8546,0.005499999999999949,0.8547,0.8547,0.00539999999999996,-9.999999999998899e-05,0.8437,0.23105760877132417,0.07871631415933371,47.522456099999545,0.23074802775171738,0.48112049585656275,0.00048112047318946805,0.007037588395178318,sha256:c3d084d433e723c702870a56c685b455e3310dbfe0a572fca5545270e2bc4770
cifar10,0,tent,A-B-A,contrast,1,cifar10_s00_tent_ABA_contrast_v1,0.8601,0.8546,0.005499999999999949,0.8548,0.8548,0.005299999999999971,-0.00019999999999997797,0.8512,0.22052841565608977,0.07871631415933371,53.89026989999911,0.22008526513848123,0.47221947697144523,0.0004722193208422889,0.006618167739361525,sha256:7cb1a02b5a2b542d506246c2b9c442433fa5540b375e9650d8c8f24f16be9924
cifar10,0,tent,A-B-A,contrast,2,cifar10_s00_tent_ABA_contrast_v2,0.8601,0.8546,0.005499999999999949,0.8547,0.8548,0.00539999999999996,-9.999999999998899e-05,0.8407,0.22866553454399108,0.07871631415933371,53.547786299997824,0.22810134668893453,0.4930495495283151,0.0004930499999318272,0.006903789471834898,sha256:6ed384b43d32f611e35091ab138c08a0206da31f6af7cfaaa7d373f198cb2a7b
cifar10,0,tent,A-B-A,noise,1,cifar10_s00_tent_ABA_noise_v1,0.8601,0.8546,0.005499999999999949,0.8545,0.8546,0.005599999999999938,9.999999999998899e-05,0.7579,0.33280897150039673,0.07871631415933371,54.15348859999722,0.3324400171448913,0.6760632010954845,0.0006760623876323711,0.01163722574710846,sha256:8566b3dd44e18af8793cffe8a926a139f9ac52b5560dd9656d5595b9b72613da
cifar10,0,tent,A-B-A,noise,2,cifar10_s00_tent_ABA_noise_v2,0.8601,0.8546,0.005499999999999949,0.8547,0.8545,0.00539999999999996,-9.999999999998899e-05,0.6066,0.47165958318710327,0.07871631415933371,54.07695579999927,0.47099573740476297,0.8976122978367383,0.0008976122289247622,0.0185081847012043,sha256:4f66c012c0956723c8b6027ee6018049386e9ffee4deeed4e16c13b8c05e5f16
cifar10,0,tent,A-B-A,rotation,1,cifar10_s00_tent_ABA_rotation_v1,0.8601,0.8546,0.005499999999999949,0.8549,0.8548,0.005199999999999982,-0.00029999999999996696,0.3459,0.5914800331115723,0.07871631415933371,53.909703100001934,0.5936719454541991,0.9107947560805308,0.000910794256325764,0.01639050990343094,sha256:32c1d8edefd518fff4ad69f4d50dc6bb1e8f210254d7eedb2a338df181a724e8
cifar10,0,tent,A-B-A,rotation,2,cifar10_s00_tent_ABA_rotation_v2,0.8601,0.8546,0.005499999999999949,0.8548,0.8546,0.005299999999999971,-0.00019999999999997797,0.393,0.5404198886871338,0.07871631415933371,50.72607419999986,0.5432160085515131,0.8518095039114167,0.0008518098628065914,0.016270840540528297,sha256:2fc22c0561b3a8628c07e3f962882cae25fa461ffdb661d6bda786313d880008
cifar10,0,tent,A-B-C-A,blur,1,cifar10_s00_tent_ABCA_blur_v1,0.8601,0.8546,0.005499999999999949,0.8547,0.8546,0.00539999999999996,-9.999999999998899e-05,0.75925,0.3345250821113586,0.07871631415933371,54.91282890000002,0.33425788920891436,0.6653983042209963,0.0006653980265041412,0.02135012485086918,sha256:4befbeec581b934abb876625b2a33823e59cd0e8b60d50cab6552e85cac0cd34
cifar10,0,tent,A-B-C-A,blur,2,cifar10_s00_tent_ABCA_blur_v2,0.8601,0.8546,0.005499999999999949,0.855,0.8548,0.005099999999999993,-0.00039999999999995595,0.70595,0.38742392382621765,0.07871631415933371,58.81144830000267,0.38735862604424925,0.7376345075383971,0.000737634677914431,0.02443908154964447,sha256:15a5cf56adb681f46fe7ec8fa55bb4eb4dd9c34a8f405cbeaf2da4e3818dde3e
cifar10,0,tent,A-B-C-A,brightness,1,cifar10_s00_tent_ABCA_brightness_v1,0.8601,0.8546,0.005499999999999949,0.8544,0.8543,0.005699999999999927,0.00019999999999997797,0.8041,0.27770641494989395,0.07871631415933371,57.87543729999743,0.2771195180808442,0.5674282231285602,0.000567429585167195,0.018773552030324936,sha256:c5b4b64a23c836b722c768418edfc328cbfb6070df71e4adb7546853b7f2ecab
cifar10,0,tent,A-B-C-A,brightness,2,cifar10_s00_tent_ABCA_brightness_v2,0.8601,0.8546,0.005499999999999949,0.8549,0.8546,0.005199999999999982,-0.00029999999999996696,0.79675,0.28717774585485456,0.07871631415933371,61.100737200002186,0.2868014742867856,0.5629718115058127,0.0005629718190580725,0.017883123829960823,sha256:51c92497ab525e749d13dac2cd91d041fba43946d80a8abc0736373601227fb1
cifar10,0,tent,A-B-C-A,contrast,1,cifar10_s00_tent_ABCA_contrast_v1,0.8601,0.8546,0.005499999999999949,0.8542,0.8542,0.005900000000000016,0.00040000000000006697,0.80305,0.27738031009435654,0.07871631415933371,54.863383600000816,0.27688235233101666,0.5685743161394626,0.0005685744305727767,0.018995871767401695,sha256:9eb478fadccbb2bc965b67558f962fb5d1cc7fe6a2dd614b16d2abeb04d8ae79
cifar10,0,tent,A-B-C-A,contrast,2,cifar10_s00_tent_ABCA_contrast_v2,0.8601,0.8546,0.005499999999999949,0.8544,0.8544,0.005699999999999927,0.00019999999999997797,0.7951,0.2859013916969299,0.07871631415933371,54.785235499999544,0.28539813375925716,0.5687262945914571,0.0005687261223159376,0.018512245267629623,sha256:72bf05583fee4f37395c26bab54405977c3dabfd9ce11c749fe6d86c510ed1fd
cifar10,0,tent,A-B-C-A,noise,1,cifar10_s00_tent_ABCA_noise_v1,0.8601,0.8546,0.005499999999999949,0.8545,0.8546,0.005599999999999938,9.999999999998899e-05,0.7563,0.33363601055145264,0.07871631415933371,56.7692214000017,0.3331827155396908,0.6705913717233682,0.0006705912130684415,0.02035723254084587,sha256:4b560276c440ce991fc6a873df56308b077d933eb838412a6203a0cb20ac9d95
cifar10,0,tent,A-B-C-A,noise,2,cifar10_s00_tent_ABCA_noise_v2,0.8601,0.8546,0.005499999999999949,0.8543,0.8544,0.005800000000000027,0.000300000000000078,0.67725,0.4077730629920959,0.07871631415933371,56.66937189999953,0.40720220193078244,0.7717935386337812,0.0007717931117049029,0.0228737723082304,sha256:e2a7953c80b7e762a989e12d63229e75c0da4f4250361ad9de23371ed091b987
cifar10,0,tent,A-B-C-A,rotation,1,cifar10_s00_tent_ABCA_rotation_v1,0.8601,0.8546,0.005499999999999949,0.8543,0.8546,0.005800000000000027,0.000300000000000078,0.55045,0.4629317552089691,0.07871631415933371,54.271674200001144,0.46375214421673666,0.7881698536721966,0.0007881697674747556,0.023704739287495613,sha256:6646b8852cad83d56cf9fe7ee2f3805cd6d47d5172b5471dc3b6ed92dbc56e5d
cifar10,0,tent,A-B-C-A,rotation,2,cifar10_s00_tent_ABCA_rotation_v2,0.8601,0.8546,0.005499999999999949,0.8545,0.8542,0.005599999999999938,9.999999999998899e-05,0.57055,0.4418502098083496,0.07871631415933371,54.250776199998654,0.44301195782196673,0.7484787472441227,0.0007484790701802254,0.02326766960322857,sha256:226815e802c2f7655b48df6cca860d66921188e978fb16b29013a55fbce2f816
cifar10,1,anchor,A-B-A,blur,1,cifar10_s01_anchor_ABA_blur_v1,0.8664,0.8598,0.006599999999999939,0.8599,0.8596,0.00649999999999995,-9.999999999998899e-05,0.7668,0.3356892493247986,0.07135037089288235,45.97153750000143,0.3356956899920596,0.6553098981893515,0.0006553097937515454,0.013533959165215492,sha256:11efb71383dbeb30e89122ce7351a464108e88c0c64d592d6c02c326fcbe87f4
cifar10,1,anchor,A-B-A,blur,2,cifar10_s01_anchor_ABA_blur_v2,0.8664,0.8598,0.006599999999999939,0.8598,0.8599,0.006599999999999939,0.0,0.6714,0.43816940026283263,0.07135037089288235,45.89338609999686,0.4386581457868407,0.8227377911157245,0.0008227373193360016,0.0191498976200819,sha256:a00ca8d784058db20ba33884a4375a8abce0837a23853dd5ab4f80cf1e7ca35b
cifar10,1,anchor,A-B-A,brightness,1,cifar10_s01_anchor_ABA_brightness_v1,0.8664,0.8598,0.006599999999999939,0.8599,0.8597,0.00649999999999995,-9.999999999998899e-05,0.8578,0.22205191991329193,0.07135037089288235,42.58593020000262,0.22115993669515924,0.45573918955235543,0.0004557398806585447,0.007063398137688637,sha256:ee87b45a365f66000856a192654758645ba1f89aa66b6b5107f0e4d1713ae884
cifar10,1,anchor,A-B-A,brightness,2,cifar10_s01_anchor_ABA_brightness_v2,0.8664,0.8598,0.006599999999999939,0.8598,0.8597,0.006599999999999939,0.0,0.8499,0.23377452566623688,0.07135037089288235,42.550640100002056,0.23288781054412264,0.4725739582429958,0.00047257387291498574,0.007201602216809988,sha256:51ae38d147577045a85e27ac8c5cb55586bd3d80fdb22afc262fe9581917b9fe
cifar10,1,anchor,A-B-A,contrast,1,cifar10_s01_anchor_ABA_contrast_v1,0.8664,0.8598,0.006599999999999939,0.8597,0.8596,0.006699999999999928,9.999999999998899e-05,0.8552,0.22033379971981049,0.07135037089288235,20.882909899999504,0.2199588714143898,0.457849630072147,0.0004578491133531626,0.006884234957396984,sha256:90fd2eafe825dd48a69a6e05d11d73bfd19df556b88f1b5257caff12bc0b571a
cifar10,1,anchor,A-B-A,contrast,2,cifar10_s01_anchor_ABA_contrast_v2,0.8664,0.8598,0.006599999999999939,0.8595,0.8597,0.006899999999999906,0.00029999999999996696,0.8467,0.22942298913002016,0.07135037089288235,35.28010429999995,0.2289767387924315,0.4802979540221299,0.00048029800594041617,0.007146486546844244,sha256:e7cebd192b8100a82e82611be14f21f202a5386dc4b9162e44c71caf69fcda4c
cifar10,1,anchor,A-B-A,noise,1,cifar10_s01_anchor_ABA_noise_v1,0.8664,0.8598,0.006599999999999939,0.8599,0.8595,0.00649999999999995,-9.999999999998899e-05,0.7598,0.33702280645370486,0.07135037089288235,35.037901700001385,0.33665240867228446,0.6680623292922974,0.0006680632875112322,0.01219039224088192,sha256:f4afaf3533122012faa0271528cec11a7f58cc0bbb7c1dcbf43902a857341e9c
cifar10,1,anchor,A-B-A,noise,2,cifar10_s01_anchor_ABA_noise_v2,0.8664,0.8598,0.006599999999999939,0.8597,0.8598,0.006699999999999928,9.999999999998899e-05,0.5997,0.4863548939704895,0.07135037089288235,46.61330620000081,0.4869824987423571,0.9036069421828548,0.000903606988029861,0.018095960840582848,sha256:defa52ccc32a9c2e3f779da1dad321189b7fbc2b50fa0407d4e4635b876ebd4c
cifar10,1,anchor,A-B-A,rotation,1,cifar10_s01_anchor_ABA_rotation_v1,0.8664,0.8598,0.006599999999999939,0.8597,0.8596,0.006699999999999928,9.999999999998899e-05,0.3435,0.5983099038124085,0.07135037089288235,37.249242500001856,0.5990645787383937,0.9231075078626222,0.0009231075365980498,0.017216987907886505,sha256:1230e56dad724de42a8c74db83c4f104758b375c92f8e28602f376fb949ef199
cifar10,1,anchor,A-B-A,rotation,2,cifar10_s01_anchor_ABA_rotation_v2,0.8664,0.8598,0.006599999999999939,0.8596,0.8593,0.006799999999999917,0.00019999999999997797,0.4001,0.5384693564414978,0.07135037089288235,17.01329059999989,0.5399043314819094,0.8388157222844377,0.0008388156059516382,0.015853846445679665,sha256:44726424fe788d82724ecc0148b17d1274e07f0093dcd65187e960ee8f475bc7
cifar10,1,anchor,A-B-C-A,blur,1,cifar10_s01_anchor_ABCA_blur_v1,0.8664,0.8598,0.006599999999999939,0.8597,0.8597,0.006699999999999928,9.999999999998899e-05,0.76855,0.33318499300479887,0.07135037089288235,62.789383800001815,0.33335503087013585,0.6426955759525299,0.0006426956207650608,0.020269833505153656,sha256:30535ca17fb2fd98942a95648cfef06080b02c575e4815e511a2a2d6f053d444
cifar10,1,anchor,A-B-C-A,blur,2,cifar10_s01_anchor_ABCA_blur_v2,0.8664,0.8598,0.006599999999999939,0.8593,0.8597,0.007099999999999995,0.000500000000000056,0.71825,0.3867850185632706,0.07135037089288235,60.070742700001574,0.38627493032549,0.7255880312074589,0.0007255879342054972,0.024882012978196144,sha256:78921365de61821cc030a2033cfab20cd69a24c56c1b1075b2f1bd1e779cb318
cifar10,1,anchor,A-B-C-A,brightness,1,cifar10_s01_anchor_ABCA_brightness_v1,0.8664,0.8598,0.006599999999999939,0.8594,0.8594,0.006999999999999895,0.00039999999999995595,0.8139,0.276363955104351,0.07135037089288235,62.70592829999805,0.2760830098126508,0.542936114193518,0.0005429367891430289,0.01670559123158455,sha256:40cbe7c3c0f65f69ec5866e47dd569d82abb1aa990170fa6a3a0fe500aaf941a
cifar10,1,anchor,A-B-C-A,brightness,2,cifar10_s01_anchor_ABCA_brightness_v2,0.8664,0.8598,0.006599999999999939,0.8597,0.8595,0.006699999999999928,9.999999999998899e-05,0.80755,0.28452324981689453,0.07135037089288235,52.806507199995394,0.2833221634920639,0.5502085978094535,0.0005502088214241298,0.01807885803282261,sha256:3deb29b66cf99d54c4b72ca10f8586ef29f3ba0c5cf4fdb58580ad93d8c23a06
cifar10,1,anchor,A-B-C-A,contrast,1,cifar10_s01_anchor_ABCA_contrast_v1,0.8664,0.8598,0.006599999999999939,0.8595,0.8595,0.006899999999999906,0.00029999999999996696,0.81255,0.2754709784388542,0.07135037089288235,70.1985538999943,0.2754470276870305,0.5438700556000576,0.0005438700826732513,0.016961589455604553,sha256:de2f626895bdafbb121d7cf72729ac4c72203722618e0716fd678ad88287f10a
cifar10,1,anchor,A-B-C-A,contrast,2,cifar10_s01_anchor_ABCA_contrast_v2,0.8664,0.8598,0.006599999999999939,0.8594,0.8595,0.006999999999999895,0.00039999999999995595,0.80605,0.2822918084740639,0.07135037089288235,70.28687939999509,0.2813121379364895,0.5539618179767947,0.0005539617478358264,0.018522826954722404,sha256:4560692a399734cb70189b8bf74c64e68a0c1a841934a519d606705cf5882f21
cifar10,1,anchor,A-B-C-A,noise,1,cifar10_s01_anchor_ABCA_noise_v1,0.8664,0.8598,0.006599999999999939,0.8596,0.8596,0.006799999999999917,0.00019999999999997797,0.7646,0.3338567539930344,0.07135037089288235,68.90045040000405,0.3338436572989331,0.6489722894716866,0.0006489729872739674,0.019303079694509506,sha256:8c0df840b4b7bea6bb4333e0b1ce182d624e48b9f16939c5c5739577386cd124
cifar10,1,anchor,A-B-C-A,noise,2,cifar10_s01_anchor_ABCA_noise_v2,0.8664,0.8598,0.006599999999999939,0.8598,0.8596,0.006599999999999939,0.0,0.6821,0.41093649458885195,0.07135037089288235,68.85689060000004,0.4104937198984472,0.7661161219017415,0.0007661159232824664,0.023744871839880943,sha256:102eb516aeef73f45771ca2633b1cfca60a2882b5030ab6ebc92805e63c1c111
cifar10,1,anchor,A-B-C-A,rotation,1,cifar10_s01_anchor_ABCA_rotation_v1,0.8664,0.8598,0.006599999999999939,0.8592,0.8592,0.007199999999999984,0.0006000000000000449,0.5566,0.46452269072532654,0.07135037089288235,70.34265310000046,0.4650636339866662,0.7768831943409352,0.0007768831240850254,0.022705288603901863,sha256:a35a18dbadb01831da4159155b47475122d124f502e53cedb543645d2dbb4562
cifar10,1,anchor,A-B-C-A,rotation,2,cifar10_s01_anchor_ABCA_rotation_v2,0.8664,0.8598,0.006599999999999939,0.8595,0.8592,0.006899999999999906,0.00029999999999996696,0.5822,0.43695690672397614,0.07135037089288235,70.57111779999832,0.4369141389674778,0.7336679874341699,0.000733667571072561,0.022344525903463364,sha256:10ab817ac4b76c952652a3d9daced1d53720298e265d8d35144a60cbc6cf9dea
cifar10,1,ema_restore,A-B-A,blur,1,cifar10_s01_ema_restore_ABA_blur_v1,0.8664,0.8598,0.006599999999999939,0.8599,0.8599,0.00649999999999995,-9.999999999998899e-05,0.7665,0.33589728565216065,0.07135037089288235,54.99462749999657,0.33590783838984334,0.6555251365975489,0.0006406509451556338,0.009453179314732552,sha256:e6f132f8597f7f17bf6024f6391ef82da2933096ed4dcb98029cd8fa74e4df71
cifar10,1,ema_restore,A-B-A,blur,2,cifar10_s01_ema_restore_ABA_blur_v2,0.8664,0.8598,0.006599999999999939,0.8597,0.8594,0.006699999999999928,9.999999999998899e-05,0.6714,0.4386003339767456,0.07135037089288235,54.87925079999695,0.4390884071965761,0.823220215266264,0.0008005499692421548,0.013197352178394794,sha256:0138d7ff5ab9fee84dfc94d855833c7f3b31d4aae6e862dd60f824ce806b4fd3
cifar10,1,ema_restore,A-B-A,brightness,1,cifar10_s01_ema_restore_ABA_brightness_v1,0.8664,0.8598,0.006599999999999939,0.8599,0.8598,0.00649999999999995,-9.999999999998899e-05,0.858,0.22209870302677154,0.07135037089288235,55.41420800000196,0.22120763653818565,0.45572865235654614,0.0004488304036351133,0.004926580935716629,sha256:519ffa62df933b716497ebf80ca9c3a0116700ec9065ec77461eb8a212f1eef9
cifar10,1,ema_restore,A-B-A,brightness,2,cifar10_s01_ema_restore_ABA_brightness_v2,0.8664,0.8598,0.006599999999999939,0.8597,0.8598,0.006699999999999928,9.999999999998899e-05,0.8499,0.23382016277313233,0.07135037089288235,55.26885929999844,0.23293377119529096,0.47259535216077975,0.0004655739382392715,0.005034549627453089,sha256:521a18911c52c6f312db723b4fcde37cea37078b699c53a419a34846fd9351cc
cifar10,1,ema_restore,A-B-A,contrast,1,cifar10_s01_ema_restore_ABA_contrast_v1,0.8664,0.8598,0.006599999999999939,0.8598,0.8598,0.006599999999999939,0.0,0.8553,0.22037440705299377,0.07135037089288235,52.00724800000171,0.2199987244756916,0.45791234962547883,0.00045122532616074704,0.004776091780513525,sha256:82143f6d112183db5c940ac2b2d043220d67c1e4176bc71536a25e465f4a708e
cifar10,1,ema_restore,A-B-A,contrast,2,cifar10_s01_ema_restore_ABA_contrast_v2,0.8664,0.8598,0.006599999999999939,0.8596,0.8598,0.006799999999999917,0.00019999999999997797,0.8468,0.22946595964431762,0.07135037089288235,51.89025240000046,0.22901926934719086,0.4802843302111082,0.00047338040010661735,0.004920504987239838,sha256:0f780adb2e628c3eb52a9b6a38600881ab6d1b498647cdf146b53997e9075f87
cifar10,1,ema_restore,A-B-A,noise,1,cifar10_s01_ema_restore_ABA_noise_v1,0.8664,0.8598,0.006599999999999939,0.86,0.8597,0.006399999999999961,-0.00019999999999997797,0.7598,0.33717299957275393,0.07135037089288235,50.58452419999958,0.33681035834022716,0.6682716592957701,0.0006557789062373811,0.008517301641404629,sha256:f76238612fb89ad6c198bb4f441950eede50f9d5a9c151a5bc1c13077512e941
cifar10,1,ema_restore,A-B-A,noise,2,cifar10_s01_ema_restore_ABA_noise_v2,0.8664,0.8598,0.006599999999999939,0.8598,0.8596,0.006599999999999939,0.0,0.5995,0.486710125541687,0.07135037089288235,50.166783199994825,0.48734574038771133,0.903827952433236,0.0008842600096913079,0.01254174206405878,sha256:990cce73982474a60ac5f9de5269cbb570f39dc3e7c6a4c39daa41a51f39577e
cifar10,1,ema_restore,A-B-A,rotation,1,cifar10_s01_ema_restore_ABA_rotation_v1,0.8664,0.8598,0.006599999999999939,0.8596,0.8596,0.006799999999999917,0.00019999999999997797,0.3434,0.5986103727340698,0.07135037089288235,52.04396740000084,0.5993783805943742,0.9231211641166783,0.0009050322608149882,0.012230947613716125,sha256:c28bd755a9bebf2803fc7ede3797c986256c56c4fe5387ab1332e072224275af
cifar10,1,ema_restore,A-B-A,rotation,2,cifar10_s01_ema_restore_ABA_rotation_v2,0.8664,0.8598,0.006599999999999939,0.8598,0.8598,0.006599999999999939,0.0,0.3999,0.5387390223503112,0.07135037089288235,52.0852434000044,0.5401743695705752,0.8391422848158245,0.000822356728176716,0.011078554205596447,sha256:d8d295c0c84b0f2c7534ffe109653e4fdac70d56a5ca7a6b608954d325130571
cifar10,1,ema_restore,A-B-C-A,blur,1,cifar10_s01_ema_restore_ABCA_blur_v1,0.8664,0.8598,0.006599999999999939,0.8594,0.8596,0.006999999999999895,0.00039999999999995595,0.76835,0.33346379261016845,0.07135037089288235,71.51242050000292,0.3336389047812812,0.6428438213807118,0.0006288896717095772,0.01091180182993412,sha256:0ab2df61311178e01ac5ae6ee520e3b9c5c9da3f5204c95913fab9d4ed5011c3
cifar10,1,ema_restore,A-B-C-A,blur,2,cifar10_s01_ema_restore_ABCA_blur_v2,0.8664,0.8598,0.006599999999999939,0.8596,0.8596,0.006799999999999917,0.00019999999999997797,0.71825,0.3871765709400177,0.07135037089288235,71.51047129999642,0.38666301088619837,0.7258407230241389,0.0007083356044110783,0.012434346601366997,sha256:f14cfc68499d54d8d6d26ddf8821fa1768de4f4296460a70103b47d26c6e6c48
cifar10,1,ema_restore,A-B-C-A,brightness,1,cifar10_s01_ema_restore_ABCA_brightness_v1,0.8664,0.8598,0.006599999999999939,0.8594,0.8594,0.006999999999999895,0.00039999999999995595,0.8138,0.27656627250909804,0.07135037089288235,71.57149959999515,0.27628973781873906,0.543022208575961,0.0005317107067720469,0.010276155546307564,sha256:b3249147fe29578f2e840fef3d65dd2c992ca912b1de0126d2e5705d1f225f00
cifar10,1,ema_restore,A-B-C-A,brightness,2,cifar10_s01_ema_restore_ABCA_brightness_v2,0.8664,0.8598,0.006599999999999939,0.8596,0.8596,0.006799999999999917,0.00019999999999997797,0.80755,0.2847638641357422,0.07135037089288235,71.48076929999661,0.2835619883446754,0.5503408507078509,0.0005373544932071921,0.011275025084614754,sha256:f685061b3a1abf409e6f81ccea4432dbb9aeb70dac400269a5b18aeb0e3abf3c
cifar10,1,ema_restore,A-B-C-A,contrast,1,cifar10_s01_ema_restore_ABCA_contrast_v1,0.8664,0.8598,0.006599999999999939,0.8594,0.8594,0.006999999999999895,0.00039999999999995595,0.81245,0.2756857402563095,0.07135037089288235,73.95884500000102,0.2756666337387471,0.5440536701603781,0.000532612087767972,0.010390063747763634,sha256:1a45f22c98c268bdc350ad33f7037db5199a9a82c984efa15faee13a642edae3
cifar10,1,ema_restore,A-B-C-A,contrast,2,cifar10_s01_ema_restore_ABCA_contrast_v2,0.8664,0.8598,0.006599999999999939,0.8596,0.8596,0.006799999999999917,0.00019999999999997797,0.8061,0.28255203959941866,0.07135037089288235,73.90708080000331,0.28157070486605923,0.5541393287196944,0.0005407942905859975,0.011467888951301575,sha256:9c8368515fac8b65ca04b6c95931a7917f085e5781d7a67541aa77b0a38ed2b7
cifar10,1,ema_restore,A-B-C-A,noise,1,cifar10_s01_ema_restore_ABCA_noise_v1,0.8664,0.8598,0.006599999999999939,0.8595,0.8596,0.006899999999999906,0.00029999999999996696,0.76475,0.3341021274805069,0.07135037089288235,73.79021259999718,0.3340920364554924,0.6492006292071524,0.0006361483574897947,0.01068445947021246,sha256:5a2fd9ee083088d2c2b520fb88d95c4ee467fbc035118a0759785e3dc9e59634
cifar10,1,ema_restore,A-B-C-A,noise,2,cifar10_s01_ema_restore_ABCA_noise_v2,0.8664,0.8598,0.006599999999999939,0.8596,0.8597,0.006799999999999917,0.00019999999999997797,0.682,0.41125979007482527,0.07135037089288235,73.66810350000014,0.41081920379324804,0.7661469812634625,0.0007502410589950159,0.012067575938999653,sha256:a74078f8d38937103968960623d3b1f5c06a7a32975f612b8537e4e34502e4b3
cifar10,1,ema_restore,A-B-C-A,rotation,1,cifar10_s01_ema_restore_ABCA_rotation_v1,0.8664,0.8598,0.006599999999999939,0.8594,0.8595,0.006999999999999895,0.00039999999999995595,0.55655,0.46483523473739624,0.07135037089288235,67.02572450000298,0.4653879224876814,0.7768032030214237,0.0007626846708251234,0.01132654957473278,sha256:5800976325b29d831548b6f60a354ef37efff79ec94ce17f1778677951bab213
cifar10,1,ema_restore,A-B-C-A,rotation,2,cifar10_s01_ema_restore_ABCA_rotation_v2,0.8664,0.8598,0.006599999999999939,0.8597,0.8596,0.006699999999999928,9.999999999998899e-05,0.5823,0.4372576154470444,0.07135037089288235,66.98539770000207,0.437215560316285,0.7338279447978056,0.0007183450836720699,0.011925254948437214,sha256:1f7e782ea8881ef6f2decfc6bb0955dfe127b6ee65be2f3fdc86db7cef22f2d0
cifar10,1,periodic_reset,A-B-A,blur,1,cifar10_s01_periodic_reset_ABA_blur_v1,0.8664,0.8598,0.006599999999999939,0.8597,0.8597,0.006699999999999928,9.999999999998899e-05,0.7667,0.33653815088272093,0.07135037089288235,54.66973789999611,0.3365553813644602,0.6561514840850348,0.0008117541909524346,0.002675918396562338,sha256:fae22e23cff34ae20898ceae338d070ede48b7e681990ec450fecd1c86498681
cifar10,1,periodic_reset,A-B-A,blur,2,cifar10_s01_periodic_reset_ABA_blur_v2,0.8664,0.8598,0.006599999999999939,0.8597,0.8598,0.006699999999999928,9.999999999998899e-05,0.6712,0.4399613446235657,0.07135037089288235,54.48583630000212,0.4404451748992823,0.8245963461791412,0.001037251128361242,0.0032336220610886812,sha256:fa907da9f7803097a89ef274c14de56e7586501fe91e34ca2fc2d218d1136758
cifar10,1,periodic_reset,A-B-A,brightness,1,cifar10_s01_periodic_reset_ABA_brightness_v1,0.8664,0.8598,0.006599999999999939,0.8598,0.8597,0.006599999999999939,0.0,0.8576,0.2222454300403595,0.07135037089288235,54.69481309999537,0.22135576021067704,0.4558482083338725,0.0005502074111777629,0.0013578584184870124,sha256:bcee73e821051c8d36ae7fe5f5480e5abdaaabee364c51e2a82bcc678b8e1154
cifar10,1,periodic_reset,A-B-A,brightness,2,cifar10_s01_periodic_reset_ABA_brightness_v2,0.8664,0.8598,0.006599999999999939,0.8598,0.8597,0.006599999999999939,0.0,0.8498,0.23397292137145997,0.07135037089288235,54.76834310000413,0.233086414352248,0.4727464884142332,0.0005695186385920247,0.0015335343778133392,sha256:7c96cd81d3c4210b0b2fb4248fd395ad53f6205dd9e207bf126de9fba9a87e32
cifar10,1,periodic_reset,A-B-A,contrast,1,cifar10_s01_periodic_reset_ABA_contrast_v1,0.8664,0.8598,0.006599999999999939,0.8597,0.8597,0.006699999999999928,9.999999999998899e-05,0.8553,0.22050869233608245,0.07135037089288235,49.95864980000624,0.22013113506232637,0.45802500315859346,0.0005531119333014269,0.0013828824739903212,sha256:b7927e2474181ad62f464a8532b45164b355923e11384690ea791bb2b7b27228
cifar10,1,periodic_reset,A-B-A,contrast,2,cifar10_s01_periodic_reset_ABA_contrast_v2,0.8664,0.8598,0.006599999999999939,0.8598,0.8597,0.006599999999999939,0.0,0.8466,0.22961538887023925,0.07135037089288235,49.903480499997386,0.22916717091693153,0.48046607307240935,0.0005796527106143958,0.001484871027059853,sha256:f7ed6cf3d6d92eca16e872e0dd0b44a97d32436316f1f99bbf4b89931aa34501
cifar10,1,periodic_reset,A-B-A,noise,1,cifar10_s01_periodic_reset_ABA_noise_v1,0.8664,0.8598,0.006599999999999939,0.8598,0.8598,0.006599999999999939,0.0,0.7599,0.33765539078712464,0.07135037089288235,56.477703600001405,0.3373041873491263,0.6689137974871865,0.0008114175583660319,0.0026494625490158796,sha256:1f2b5a3689c122fd3c9273ebaa8dcfd1923f383b530ec03ce9b8e416fc45118c
cifar10,1,periodic_reset,A-B-A,noise,2,cifar10_s01_periodic_reset_ABA_noise_v2,0.8664,0.8598,0.006599999999999939,0.8598,0.8598,0.006599999999999939,0.0,0.5993,0.4878418380737305,0.07135037089288235,56.41989299999841,0.4884892536115043,0.9048864200145383,0.0011132427261364233,0.0032534103374928236,sha256:d0ab85070e41d987a27ff090ef025c9f6167e5ecc297501f0a4ca94aa55cf2da
cifar10,1,periodic_reset,A-B-A,rotation,1,cifar10_s01_periodic_reset_ABA_rotation_v1,0.8664,0.8598,0.006599999999999939,0.8598,0.8598,0.006599999999999939,0.0,0.3429,0.5995678770065308,0.07135037089288235,50.80207410000003,0.60035509323772,0.9234656789634801,0.0011270333138954697,0.0037552269641309977,sha256:df9280d2d2bdfb8504256331b44bb6831608c6e3d9be4cc289a1e2630f6e2303
cifar10,1,periodic_reset,A-B-A,rotation,2,cifar10_s01_periodic_reset_ABA_rotation_v2,0.8664,0.8598,0.006599999999999939,0.8597,0.8599,0.006699999999999928,9.999999999998899e-05,0.3997,0.5395925745964051,0.07135037089288235,50.77106139999523,0.5410262052016922,0.8394881373719324,0.0010266482087347326,0.003089968813583255,sha256:fe270ae1ccb6b7819d9d48db29335b65be5058cd198bd0da28dcdcef71f4f773
cifar10,1,periodic_reset,A-B-C-A,blur,1,cifar10_s01_periodic_reset_ABCA_blur_v1,0.8664,0.8598,0.006599999999999939,0.8597,0.8597,0.006699999999999928,9.999999999998899e-05,0.768,0.3341816307544708,0.07135037089288235,70.3716970999958,0.3343682466428491,0.6437107339690004,0.000808418784776844,0.002253945218399167,sha256:dfa23a2339e41a66f2935b4bc10e14168c34189338523116ccf1d19d44c4e3c5
cifar10,1,periodic_reset,A-B-C-A,blur,2,cifar10_s01_periodic_reset_ABCA_blur_v2,0.8664,0.8598,0.006599999999999939,0.8597,0.8597,0.006699999999999928,9.999999999998899e-05,0.718,0.38834203975200654,0.07135037089288235,70.359738500003,0.38782129691371436,0.7267314767158484,0.0009289543937207966,0.002120972378179431,sha256:4401e03798afe053af0ef84de1827cef5cc8eb781273ab834c256a1b6d8779a8
cifar10,1,periodic_reset,A-B-C-A,brightness,1,cifar10_s01_periodic_reset_ABCA_brightness_v1,0.8664,0.8598,0.006599999999999939,0.8597,0.8597,0.006699999999999928,9.999999999998899e-05,0.81345,0.2770359279870987,0.07135037089288235,70.67076700000325,0.2767690864356258,0.5435565670457068,0.0006693032431295378,0.002253945218399167,sha256:29629833d0e7081b93e1fbe8a25e773ba21228d996dad4974d3e5e1cf627c89c
cifar10,1,periodic_reset,A-B-C-A,brightness,2,cifar10_s01_periodic_reset_ABCA_brightness_v2,0.8664,0.8598,0.006599999999999939,0.8597,0.8597,0.006699999999999928,9.999999999998899e-05,0.8073,0.28534793779850004,0.07135037089288235,70.67351710000366,0.284142025098016,0.5508143801855135,0.000684328100207863,0.002120972378179431,sha256:2121962be64f4e622d3de22f898aa4325c230613909238c5fff777fcd0daee94
cifar10,1,periodic_reset,A-B-C-A,contrast,1,cifar10_s01_periodic_reset_ABCA_contrast_v1,0.8664,0.8598,0.006599999999999939,0.8597,0.8597,0.006699999999999928,9.999999999998899e-05,0.8123,0.2761673987269401,0.07135037089288235,73.765959999997,0.2761566152301016,0.5446405491874188,0.000670913884289492,0.002253945218399167,sha256:d357c6dd87f7ce74398ec30c3cac109726c31b974af4e8e8420300943fab7171
cifar10,1,periodic_reset,A-B-C-A,contrast,2,cifar10_s01_periodic_reset_ABCA_contrast_v2,0.8664,0.8598,0.006599999999999939,0.8597,0.8597,0.006699999999999928,9.999999999998899e-05,0.8057,0.28316906969547273,0.07135037089288235,73.52924429999985,0.282182302656053,0.5546671101186849,0.0006890871403282037,0.002120972378179431,sha256:489e4bed8ffde930dd1731e56487e5c98fc4f1ac8bb2a7f56107cce24b38ca1e
cifar10,1,periodic_reset,A-B-C-A,noise,1,cifar10_s01_periodic_reset_ABCA_noise_v1,0.8664,0.8598,0.006599999999999939,0.8597,0.8597,0.006699999999999928,9.999999999998899e-05,0.7646,0.334741589474678,0.07135037089288235,73.60810599999968,0.33474397357506086,0.6500886350492888,0.0008080830264105639,0.002253945218399167,sha256:8a92129942823c59ca1ff4ec78651d17d6c5d5fa42a4ce4aef02795253470f7d
cifar10,1,periodic_reset,A-B-C-A,noise,2,cifar10_s01_periodic_reset_ABCA_noise_v2,0.8664,0.8598,0.006599999999999939,0.8597,0.8597,0.006699999999999928,9.999999999998899e-05,0.68205,0.4122824848413467,0.07135037089288235,73.37840620000497,0.41184353243701066,0.7668824137388905,0.0009670754348641096,0.002120972378179431,sha256:0ac5795540f95ed012afe983d242506111fc11b63bca40caefc093e2f08e1c95
cifar10,1,periodic_reset,A-B-C-A,rotation,1,cifar10_s01_periodic_reset_ABCA_rotation_v1,0.8664,0.8598,0.006599999999999939,0.8597,0.8597,0.006699999999999928,9.999999999998899e-05,0.5561,0.46569756727218625,0.07135037089288235,50.434429400003864,0.4662691641457473,0.7773732776883282,0.0009728894131317074,0.002253945218399167,sha256:b58f19bf779c078cbe21d70b133702a5c89b132ada01b0f9526315e0692bacd9
cifar10,1,periodic_reset,A-B-C-A,rotation,2,cifar10_s01_periodic_reset_ABCA_rotation_v2,0.8664,0.8598,0.006599999999999939,0.8597,0.8597,0.006699999999999928,9.999999999998899e-05,0.58225,0.43815719888210297,0.07135037089288235,50.034500999994634,0.4381113612576376,0.7341776986288119,0.0009227437361385202,0.002120972378179431,sha256:592c2701d997312785cc0837d04569f4cd32f05c7eada2410f769af4d2aa471a
cifar10,1,source,A-B-A,blur,1,cifar10_s01_source_ABA_blur_v1,0.8664,0.8664,0.0,0.8664,0.8664,0.0,0.0,0.5203,0.5835530190944672,0.07135037089288235,16.124411600001622,0.5819537552851665,0.0,0.0,0.0,sha256:aa46896f02789efd8438bf2f2d623dc5a90bde3451d934da0cb2e723cc680f01
cifar10,1,source,A-B-A,blur,2,cifar10_s01_source_ABA_blur_v2,0.8664,0.8664,0.0,0.8664,0.8664,0.0,0.0,0.2863,0.616734817457199,0.07135037089288235,14.462619199999608,0.6152960850468164,0.0,0.0,0.0,sha256:ed47a0f533e5195fdc50884fa0f2dcebf318d4587fa2dcc4537e0f2b8d9ef466
cifar10,1,source,A-B-A,brightness,1,cifar10_s01_source_ABA_brightness_v1,0.8664,0.8664,0.0,0.8664,0.8664,0.0,0.0,0.8544,0.25639815378189085,0.07135037089288235,16.116235200002848,0.2552813304753243,0.0,0.0,0.0,sha256:17ea2e69ccdb8828003cd6783c884bbc6e2dfb1812f35e207b748ea973e2e21e
cifar10,1,source,A-B-A,brightness,2,cifar10_s01_source_ABA_brightness_v2,0.8664,0.8664,0.0,0.8664,0.8664,0.0,0.0,0.8241,0.30823582682609557,0.07135037089288235,15.50701090000075,0.3073628948459142,0.0,0.0,0.0,sha256:70ed528b79faaabdef2d39ceea7cb8371bf0a7688ce4addd3d0bcf7ccb2e292e
cifar10,1,source,A-B-A,contrast,1,cifar10_s01_source_ABA_contrast_v1,0.8664,0.8664,0.0,0.8664,0.8664,0.0,0.0,0.8538,0.2524560948848724,0.07135037089288235,15.26298990000214,0.25154616429081444,0.0,0.0,0.0,sha256:b138a4c0b138842c4a10b710288027e47ea88b596b1773e59e654288b807c6c9
cifar10,1,source,A-B-A,contrast,2,cifar10_s01_source_ABA_contrast_v2,0.8664,0.8664,0.0,0.8664,0.8664,0.0,0.0,0.7847,0.347587842464447,0.07135037089288235,10.20074300000124,0.3474891185760498,0.0,0.0,0.0,sha256:0c3b06b18841b88ac4ca339ffe1c8760f402c3f50829638aeb7e9080462b18f8
cifar10,1,source,A-B-A,noise,1,cifar10_s01_source_ABA_noise_v1,0.8664,0.8664,0.0,0.8664,0.8664,0.0,0.0,0.5945,0.5211437589645386,0.07135037089288235,16.26542260000133,0.5217672473267664,0.0,0.0,0.0,sha256:541f4815d29c1dc219d7da544bb0491241cfe24c3e6a545349fd22c9450ee294
cifar10,1,source,A-B-A,noise,2,cifar10_s01_source_ABA_noise_v2,0.8664,0.8664,0.0,0.8664,0.8664,0.0,0.0,0.2552,0.5822029754638672,0.07135037089288235,16.219314699999813,0.5803298305107069,0.0,0.0,0.0,sha256:90017fa1d481ff87cc07c3414005f0352550603923e66a2a62a176c42aba8da0
cifar10,1,source,A-B-A,rotation,1,cifar10_s01_source_ABA_rotation_v1,0.8664,0.8664,0.0,0.8664,0.8664,0.0,0.0,0.3313,0.7631212949752808,0.07135037089288235,14.191467100004957,0.7642830942250505,0.0,0.0,0.0,sha256:92820cf2afb520a10eb3249fafff502d1efe16cb7129e912e592a07b1dcb4c37
cifar10,1,source,A-B-A,rotation,2,cifar10_s01_source_ABA_rotation_v2,0.8664,0.8664,0.0,0.8664,0.8664,0.0,0.0,0.3875,0.6998708961486816,0.07135037089288235,12.880479400002514,0.6999042185047005,0.0,0.0,0.0,sha256:207516b37a4e496dfdc4f6a1c330d77d935b8d96fa6345e829f925bfebaae81a
cifar10,1,source,A-B-C-A,blur,1,cifar10_s01_source_ABCA_blur_v1,0.8664,0.8664,0.0,0.8664,0.8664,0.0,0.0,0.6434,0.4977761533021927,0.07135037089288235,21.237036899998202,0.4963638656124284,0.0,0.0,0.0,sha256:fae0f08fb6d5ff94e64fab5fd2ecd1ac8779e2757d1b4e85e540476f97c760bd
cifar10,1,source,A-B-C-A,blur,2,cifar10_s01_source_ABCA_blur_v2,0.8664,0.8664,0.0,0.8664,0.8664,0.0,0.0,0.5172,0.520401905298233,0.07135037089288235,21.139822700002696,0.5187042029220846,0.0,0.0,0.0,sha256:fde2ca6434c1debfb2085e4f0c19d0a23e83c286f804381ccb138ff16be143d6
cifar10,1,source,A-B-C-A,brightness,1,cifar10_s01_source_ABCA_brightness_v1,0.8664,0.8664,0.0,0.8664,0.8664,0.0,0.0,0.81045,0.33419872064590456,0.07135037089288235,18.568372199995792,0.3330276532075073,0.0,0.0,0.0,sha256:17a2e7e2d14843af54ce2c37d5dd19cf676473ead3c0f8ca8606b845c4142873
cifar10,1,source,A-B-C-A,brightness,2,cifar10_s01_source_ABCA_brightness_v2,0.8664,0.8664,0.0,0.8664,0.8664,0.0,0.0,0.7861,0.3661524099826813,0.07135037089288235,18.169617700004892,0.36473760782163356,0.0,0.0,0.0,sha256:34bc7619ac33886a748819ec5db3b01d2dc6e4812d7290545737dbd732511285
cifar10,1,source,A-B-C-A,contrast,1,cifar10_s01_source_ABCA_contrast_v1,0.8664,0.8664,0.0,0.8664,0.8664,0.0,0.0,0.81015,0.3322276911973953,0.07135037089288235,5.531881999995676,0.3311600701152524,0.0,0.0,0.0,sha256:f9c96e288d38b6a24ee3e5639cc61d15c35c4fef0990cc8385d2308388dbc689
cifar10,1,source,A-B-C-A,contrast,2,cifar10_s01_source_ABCA_contrast_v2,0.8664,0.8664,0.0,0.8664,0.8664,0.0,0.0,0.7664,0.385828417801857,0.07135037089288235,21.161918300000252,0.3848007196867013,0.0,0.0,0.0,sha256:8c55d11200eb4c360b1955b78407ae16b793f5aaafaf67c66c16da278faa79bf
cifar10,1,source,A-B-C-A,noise,1,cifar10_s01_source_ABCA_noise_v1,0.8664,0.8664,0.0,0.8664,0.8664,0.0,0.0,0.6805,0.4665715232372284,0.07135037089288235,16.26339739999821,0.46627061163322836,0.0,0.0,0.0,sha256:f94f08a26771bf98b9c1a2ab0c70d3aa866e53e9571766bbd75b9356ae1ae70f
cifar10,1,source,A-B-C-A,noise,2,cifar10_s01_source_ABCA_noise_v2,0.8664,0.8664,0.0,0.8664,0.8664,0.0,0.0,0.50165,0.503135984301567,0.07135037089288235,19.065309999998135,0.5012210756540298,0.0,0.0,0.0,sha256:1620e3eb94edcfadf5520a0c044a15e7292e87c2a58b78beeb9270792ca4e9cf
cifar10,1,source,A-B-C-A,rotation,1,cifar10_s01_source_ABCA_rotation_v1,0.8664,0.8664,0.0,0.8664,0.8664,0.0,0.0,0.5489,0.5875602912425995,0.07135037089288235,8.713598000002094,0.5875285350823705,0.0,0.0,0.0,sha256:d6394859acca96d00c5b44ed8eb7d30d37cce1617b3e5259c4a1261c8cafb8c8
cifar10,1,source,A-B-C-A,rotation,2,cifar10_s01_source_ABCA_rotation_v2,0.8664,0.8664,0.0,0.8664,0.8664,0.0,0.0,0.5678,0.5619699446439743,0.07135037089288235,22.76033930000267,0.5610082696510267,0.0,0.0,0.0,sha256:3135da7088c1d2d0ee1b8314d368d489785865fd63fd33b62394af18bd021c68
cifar10,1,tent,A-B-A,blur,1,cifar10_s01_tent_ABA_blur_v1,0.8664,0.8598,0.006599999999999939,0.8599,0.8597,0.00649999999999995,-9.999999999998899e-05,0.7668,0.3356922614097595,0.07135037089288235,54.1594918999981,0.33569802174085306,0.6553006006192558,0.0006553012188052453,0.013534232042729855,sha256:40ca317ccfa842702794aeef000843860ed62cba118ed6cd76424031520293bd
cifar10,1,tent,A-B-A,blur,2,cifar10_s01_tent_ABA_blur_v2,0.8664,0.8598,0.006599999999999939,0.8598,0.8599,0.006599999999999939,0.0,0.6714,0.43816482343673707,0.07135037089288235,40.973416000000725,0.4386531472960605,0.8227731125264228,0.0008227726042306027,0.01915610581636429,sha256:c9eb4148f87365f037a953fea91a06c0f5e84a9f45b0bc9da4f81f916a408483
cifar10,1,tent,A-B-A,brightness,1,cifar10_s01_tent_ABA_brightness_v1,0.8664,0.8598,0.006599999999999939,0.8598,0.8597,0.006599999999999939,0.0,0.8578,0.2220531871318817,0.07135037089288235,43.86164599999756,0.22116100552338588,0.4557108577293686,0.00045571100818511993,0.007062137126922607,sha256:a34887906a112be7cd676cfcff4f87c347385421c3962528f2c3fa4a71b4590d
cifar10,1,tent,A-B-A,brightness,2,cifar10_s01_tent_ABA_brightness_v2,0.8664,0.8598,0.006599999999999939,0.8597,0.8596,0.006699999999999928,9.999999999998899e-05,0.8498,0.23377690517902375,0.07135037089288235,12.883673100004671,0.23289030960089044,0.47257024502452416,0.0004725704581883465,0.00719930836930871,sha256:455778247e8f293b0aadabd347d2eb0b9653cf74f9d28e1854d8a7521adee690
cifar10,1,tent,A-B-A,contrast,1,cifar10_s01_tent_ABA_contrast_v1,0.8664,0.8598,0.006599999999999939,0.8598,0.8596,0.006599999999999939,0.0,0.8554,0.22033268613815307,0.07135037089288235,54.53334249999898,0.21995808259595798,0.45782048415534105,0.00045782033261206425,0.006882523652166128,sha256:701397cb24910e12f3e8127715f493f0f3cce78e6854ababa02490b3b4418bbf
cifar10,1,tent,A-B-A,contrast,2,cifar10_s01_tent_ABA_contrast_v2,0.8664,0.8598,0.006599999999999939,0.8595,0.8598,0.006899999999999906,0.00029999999999996696,0.8467,0.22942261066436767,0.07135037089288235,54.51256090000243,0.22897615821301182,0.48029675966576685,0.00048029729418598024,0.0071469759568572044,sha256:1e3b8cd1d14be682278a1451548c3b72b053d04c09d5b4bd225a16e5ed464327
cifar10,1,tent,A-B-A,noise,1,cifar10_s01_tent_ABA_noise_v1,0.8664,0.8598,0.006599999999999939,0.8599,0.8595,0.00649999999999995,-9.999999999998899e-05,0.7598,0.33702065711021423,0.07135037089288235,46.27420880000136,0.3366501817974863,0.66811905782434,0.0006681199309333593,0.01219487376511097,sha256:614daa154457a6c650224c81ceb11bbef6935ea948a141a448f62317ff7aa704
cifar10,1,tent,A-B-A,noise,2,cifar10_s01_tent_ABA_noise_v2,0.8664,0.8598,0.006599999999999939,0.8596,0.8598,0.006799999999999917,0.00019999999999997797,0.5999,0.48635556106567385,0.07135037089288235,46.2318607000052,0.4869834641112557,0.9035340630555455,0.000903533659639615,0.01809552311897278,sha256:af7d928a5052a6df529d0516ff435b9bfb7df910aac53596cf4e04f8d94598b4
cifar10,1,tent,A-B-A,rotation,1,cifar10_s01_tent_ABA_rotation_v1,0.8664,0.8598,0.006599999999999939,0.8597,0.8596,0.006699999999999928,9.999999999998899e-05,0.3434,0.5983121850967407,0.07135037089288235,56.515070299996296,0.5990683406214171,0.9230871955050698,0.0009230889057257225,0.01721424236893654,sha256:b3bbe7cdb16b13259713c51832e29f91fbbd6704a0e61fded205be3d3f6c61d3
cifar10,1,tent,A-B-A,rotation,2,cifar10_s01_tent_ABA_rotation_v2,0.8664,0.8598,0.006599999999999939,0.8594,0.8593,0.006999999999999895,0.00039999999999995595,0.4001,0.5384695883750915,0.07135037089288235,56.56979040000442,0.5399051312404343,0.8388325345667103,0.0008388332598194291,0.015852028504014015,sha256:19bbd8afd63aaab8bf9ca6d95310f803e7d6e72b9fcff126c46bb73b15ac6781
cifar10,1,tent,A-B-C-A,blur,1,cifar10_s01_tent_ABCA_blur_v1,0.8664,0.8598,0.006599999999999939,0.8597,0.8596,0.006699999999999928,9.999999999998899e-05,0.76855,0.33318463463783266,0.07135037089288235,67.36295119999704,0.3333542250756976,0.6426819826983199,0.0006426825155680881,0.02026970684528351,sha256:678894fa39c3636d534c474258bf4a3f0b5feca03a802295135be73a61acca98
cifar10,1,tent,A-B-C-A,blur,2,cifar10_s01_tent_ABCA_blur_v2,0.8664,0.8598,0.006599999999999939,0.8593,0.8597,0.007099999999999995,0.000500000000000056,0.71825,0.38678275579214094,0.07135037089288235,68.42917420000595,0.38627246361744555,0.7256484431556508,0.0007256482975760805,0.024888815358281136,sha256:98cee2a8ba0588281b62df6a3adf0d93a5fcfb6a7fb224c57598af684ee5843c
cifar10,1,tent,A-B-C-A,brightness,1,cifar10_s01_tent_ABCA_brightness_v1,0.8664,0.8598,0.006599999999999939,0.8594,0.8595,0.006999999999999895,0.00039999999999995595,0.81385,0.27636358294487,0.07135037089288235,71.50629620000109,0.2760826418577116,0.5429097764854189,0.0005429097314223741,0.016702832654118538,sha256:3a565bfb3a421dc736573541e4ac682db0318c0354f853716a125b14eb607cd8
cifar10,1,tent,A-B-C-A,brightness,2,cifar10_s01_tent_ABCA_brightness_v2,0.8664,0.8598,0.006599999999999939,0.8596,0.8596,0.006799999999999917,0.00019999999999997797,0.80745,0.28452479339838027,0.07135037089288235,71.38733639999555,0.28332386665706394,0.5502052388236492,0.0005502056540800495,0.018076268956065178,sha256:deb1ebb6329397076b6b17f9201b6c34e8ec5b3b48ffa6f8599a8427602e6293
cifar10,1,tent,A-B-C-A,contrast,1,cifar10_s01_tent_ABCA_contrast_v1,0.8664,0.8598,0.006599999999999939,0.8595,0.8595,0.006899999999999906,0.00029999999999996696,0.81265,0.2754701762676239,0.07135037089288235,62.87340029999905,0.27544668901570235,0.543864029495022,0.0005438639898416056,0.016959892585873604,sha256:4c1764f0f9e3840dcb87c5aa4c6b17e7834e0ad90ef0dc00ee3ec6ffabea9a69
cifar10,1,tent,A-B-C-A,contrast,2,cifar10_s01_tent_ABCA_contrast_v2,0.8664,0.8598,0.006599999999999939,0.8593,0.8595,0.007099999999999995,0.000500000000000056,0.80605,0.2822917752981186,0.07135037089288235,62.66895739999745,0.28131188933230655,0.5539680078059812,0.000553968286066599,0.018524466082453728,sha256:5b809f8228adca66becd21c59beac02a6425ec211085064b3544771108a1e4ff
cifar10,1,tent,A-B-C-A,noise,1,cifar10_s01_tent_ABCA_noise_v1,0.8664,0.8598,0.006599999999999939,0.8596,0.8596,0.006799999999999917,0.00019999999999997797,0.7646,0.3338562332868576,0.07135037089288235,64.14360770000349,0.3338432400664197,0.6489983770666243,0.0006489987541108003,0.019305519759655,sha256:22c2daff80ecc2eafdc56b45d5dc409c929eabbe20ef73997f9ba6763262da43
cifar10,1,tent,A-B-C-A,noise,2,cifar10_s01_tent_ABCA_noise_v2,0.8664,0.8598,0.006599999999999939,0.8599,0.8597,0.00649999999999995,-9.999999999998899e-05,0.6822,0.410935799241066,0.07135037089288235,61.24375049999799,0.41049325786813906,0.7660556695883787,0.0007660552907935521,0.023746078833937645,sha256:231287e4a3dadccacc0cb60df120b56181ac96f161bc7686a7503fc40c7881c5
cifar10,1,tent,A-B-C-A,rotation,1,cifar10_s01_tent_ABCA_rotation_v1,0.8664,0.8598,0.006599999999999939,0.8592,0.8591,0.007199999999999984,0.0006000000000000449,0.55655,0.46452455959320066,0.07135037089288235,60.2591453999994,0.465066405414026,0.7768699643732626,0.0007768712368280969,0.022704295814037323,sha256:e767c1690b48a8a7cfb115a26f7435e44e54a43af864b7d412aae2e2b8ec5a77
cifar10,1,tent,A-B-C-A,rotation,2,cifar10_s01_tent_ABCA_rotation_v2,0.8664,0.8598,0.006599999999999939,0.8595,0.8592,0.006899999999999906,0.00029999999999996696,0.5822,0.4369573042869568,0.07135037089288235,60.25893999999971,0.4369149822034413,0.7337048070717461,0.0007337049595478191,0.02234826423227787,sha256:62ebb0270c6605a09e9fca3cf8f8be113f4dc4013caa2f4be2f05b0e8e9c4954
cifar10,2,anchor,A-B-A,blur,1,cifar10_s02_anchor_ABA_blur_v1,0.8696,0.8632,0.006400000000000072,0.863,0.863,0.00660000000000005,0.00019999999999997797,0.77,0.3368470140457153,0.07478630062788724,37.31792039999709,0.3365108797067328,0.6726398769813248,0.0006726403194597533,0.01414413470774889,sha256:35d6d0f74164c52b490c830f7fd4568f2241d20e635862ad163e226ec7f0efc6
cifar10,2,anchor,A-B-A,blur,2,cifar10_s02_anchor_ABA_blur_v2,0.8696,0.8632,0.006400000000000072,0.8633,0.8631,0.006300000000000083,-9.999999999998899e-05,0.676,0.43370327835083006,0.07478630062788724,37.33335440000519,0.434624788127368,0.8278441798837879,0.0008278445921295995,0.018516460433602333,sha256:9544f84a42456d4e60c94a4172ed64584987c6220b7532b390e669d020fa4b65
cifar10,2,anchor,A-B-A,brightness,1,cifar10_s02_anchor_ABA_brightness_v1,0.8696,0.8632,0.006400000000000072,0.8633,0.8631,0.006300000000000083,-9.999999999998899e-05,0.8614,0.22343728747367858,0.07478630062788724,40.46343199999683,0.22281663289553003,0.47168290464183954,0.00047168431765270193,0.006943504326045513,sha256:ff062c25e9943dcc70f7eb37d372d6741261b3db1d9674a55b491467226c1eae
cifar10,2,anchor,A-B-A,brightness,2,cifar10_s02_anchor_ABA_brightness_v2,0.8696,0.8632,0.006400000000000072,0.8631,0.8632,0.006500000000000061,9.999999999998899e-05,0.8513,0.23458070645332335,0.07478630062788724,40.456422700000985,0.23449483664729928,0.49127147620237327,0.0004912710146642514,0.007373671047389507,sha256:01d9dbd2163be1cd07b6bfabf320eae8afab8353a0e6aca8b8370f225f2cf3b7
cifar10,2,anchor,A-B-A,contrast,1,cifar10_s02_anchor_ABA_contrast_v1,0.8696,0.8632,0.006400000000000072,0.8632,0.8631,0.006400000000000072,0.0,0.8613,0.22156329443454742,0.07478630062788724,45.79708010000468,0.22144527242907994,0.47725453671020795,0.0004772543520342464,0.006685083266347647,sha256:21612b38c966ed0475009c0a5d2062278d7d600f54b58efcaa64bfdd8af5580c
cifar10,2,anchor,A-B-A,contrast,2,cifar10_s02_anchor_ABA_contrast_v2,0.8696,0.8632,0.006400000000000072,0.8632,0.8632,0.006400000000000072,0.0,0.8494,0.22847735948562622,0.07478630062788724,45.84084190000431,0.22848140042793902,0.505068810303,0.0005050690570563267,0.006869046483188868,sha256:90e3f907ff7fd1d2992607218b6f06ad75767022d7ba04541390967d90599d21
cifar10,2,anchor,A-B-A,noise,1,cifar10_s02_anchor_ABA_noise_v1,0.8696,0.8632,0.006400000000000072,0.8632,0.8633,0.006400000000000072,0.0,0.7608,0.3380470065593719,0.07478630062788724,48.21886490000179,0.33771817442737045,0.6842438978484914,0.000684244435168567,0.012882620096206665,sha256:302d0c47625f0954c4c90cef2caf152b5f6f6eab2d6df0ef69caa6c6d7fdb5a2
cifar10,2,anchor,A-B-A,noise,2,cifar10_s02_anchor_ABA_noise_v2,0.8696,0.8632,0.006400000000000072,0.8633,0.8631,0.006300000000000083,-9.999999999998899e-05,0.6021,0.48518962211608885,0.07478630062788724,48.30561450000096,0.4858992269522027,0.9322388466400436,0.0009322389989761234,0.019258493557572365,sha256:1d7213d42f99f8c20c86b138ca9200f2a6ccc58497944de6dfa897ea1e60ef57
cifar10,2,anchor,A-B-A,rotation,1,cifar10_s02_anchor_ABA_rotation_v1,0.8696,0.8632,0.006400000000000072,0.8629,0.863,0.006700000000000039,0.00029999999999996696,0.3377,0.6011774392127991,0.07478630062788724,46.07255379999697,0.6014125954501236,0.927895487109317,0.0009278960951863305,0.016918350011110306,sha256:4eb9ce9d1e4b1b5e9eb72bbfc2ace87bad9365200ed0cc5d9a010473668b5bdc
cifar10,2,anchor,A-B-A,rotation,2,cifar10_s02_anchor_ABA_rotation_v2,0.8696,0.8632,0.006400000000000072,0.8629,0.8628,0.006700000000000039,0.00029999999999996696,0.3914,0.5343940263748169,0.07478630062788724,46.094642700001714,0.5344247576556628,0.8610544370699532,0.0008610538435404342,0.016708608716726303,sha256:ea727c5bbbaa9e0f8d29d8ce64259961c9d48ab33a773034a11c1c7650e8f1e6
cifar10,2,anchor,A-B-C-A,blur,1,cifar10_s02_anchor_ABCA_blur_v1,0.8696,0.8632,0.006400000000000072,0.8632,0.8636,0.006400000000000072,0.0,0.76335,0.33787669274806975,0.07478630062788724,56.57438130000082,0.33805646153190466,0.6685689974434769,0.0006685688206778627,0.021450523287057877,sha256:fe005e5cbc1875e4b7a8efd4158c83910758d73e7a9bd5c521be81be147d3284
cifar10,2,anchor,A-B-C-A,blur,2,cifar10_s02_anchor_ABCA_blur_v2,0.8696,0.8632,0.006400000000000072,0.8632,0.8632,0.006400000000000072,0.0,0.7136,0.3850586585521698,0.07478630062788724,57.304189899994526,0.38548304027394403,0.7392315657078465,0.0007392319388646349,0.02408197894692421,sha256:bef070e26385b7b24e72990d3e0972dbc27f086cb85f081cdcba12059bcc584a
cifar10,2,anchor,A-B-C-A,brightness,1,cifar10_s02_anchor_ABCA_brightness_v1,0.8696,0.8632,0.006400000000000072,0.8631,0.863,0.006500000000000061,9.999999999998899e-05,0.80955,0.2811035717010498,0.07478630062788724,55.84079829999973,0.2811326067658919,0.567919840541067,0.0005679204109525662,0.018248077481985092,sha256:3e7c0baf24b7ecb09e310d53c4ece1e172aac3e3e731bf228ab6ea5e5fd72881
cifar10,2,anchor,A-B-C-A,brightness,2,cifar10_s02_anchor_ABCA_brightness_v2,0.8696,0.8632,0.006400000000000072,0.8632,0.8632,0.006400000000000072,0.0,0.8014,0.2854498442411423,0.07478630062788724,56.14814420000039,0.28536112757423254,0.5707698736009719,0.000570769528777315,0.017609046772122383,sha256:1f82a97b35ee4e19ca8eeb49c5dcb9ec1396a3f4383682d94768467ba5d98009
cifar10,2,anchor,A-B-C-A,contrast,1,cifar10_s02_anchor_ABCA_contrast_v1,0.8696,0.8632,0.006400000000000072,0.863,0.8632,0.00660000000000005,0.00019999999999997797,0.8095,0.28013642579317094,0.07478630062788724,51.830805199999304,0.2804165524017962,0.5706441653302953,0.0005706443550445351,0.01841500774025917,sha256:072ef230b9afc82c86865e5d7729ece0d66896050ad098ce8ab4f106f2f13a2a
cifar10,2,anchor,A-B-C-A,contrast,2,cifar10_s02_anchor_ABCA_contrast_v2,0.8696,0.8632,0.006400000000000072,0.8632,0.8631,0.006400000000000072,0.0,0.8008,0.28230986533164976,0.07478630062788724,52.20962710000458,0.28227026845458186,0.5774618845574463,0.0005774622771275949,0.01816285029053688,sha256:bc1089c11b13d5e0450da666dc86c942a583059c87f4fca311d323b38d9ab9b8
cifar10,2,anchor,A-B-C-A,noise,1,cifar10_s02_anchor_ABCA_noise_v1,0.8696,0.8632,0.006400000000000072,0.8636,0.8633,0.006000000000000005,-0.00040000000000006697,0.75855,0.3385117462158203,0.07478630062788724,52.30958799999644,0.33868644273356546,0.6742135693755331,0.0006742136909543902,0.020435001701116562,sha256:35cf98ac77c9d677838a5bb959206b65f463f8dd3f96970a7586ca7d7d7541b1
cifar10,2,anchor,A-B-C-A,noise,2,cifar10_s02_anchor_ABCA_noise_v2,0.8696,0.8632,0.006400000000000072,0.8634,0.8632,0.006200000000000094,-0.00019999999999997797,0.6765,0.4108778573513031,0.07478630062788724,52.29471609999746,0.4111880056465728,0.7915406498727919,0.0007915405513824824,0.02422073855996132,sha256:26607ba7371de8f34fcc600211b119849f91f86bfc171bd5832b2ea2e399bdf5
cifar10,2,anchor,A-B-C-A,rotation,1,cifar10_s02_anchor_ABCA_rotation_v1,0.8696,0.8632,0.006400000000000072,0.8631,0.863,0.006500000000000061,9.999999999998899e-05,0.5469,0.46994762735366824,0.07478630062788724,50.267504800001916,0.47040950978481316,0.796375605501706,0.000796375622312668,0.024004356935620308,sha256:677a9ada4c4dbb5be4b9ac7e45c15f768a31924fb69417caeb4eb8c9e716ea0d
cifar10,2,anchor,A-B-C-A,rotation,2,cifar10_s02_anchor_ABCA_rotation_v2,0.8696,0.8632,0.006400000000000072,0.8631,0.8633,0.006500000000000061,9.999999999998899e-05,0.5714,0.43526169431209566,0.07478630062788724,50.52550450000126,0.43523717681063884,0.7557596202138104,0.0007557594383141332,0.023726969957351685,sha256:24901826e8e42bb3a18a26a40580b88e4c6d42c29c01c63d2ee03caca386d7b5
cifar10,2,ema_restore,A-B-A,blur,1,cifar10_s02_ema_restore_ABA_blur_v1,0.8696,0.8632,0.006400000000000072,0.8631,0.8632,0.006500000000000061,9.999999999998899e-05,0.7698,0.3370735028266907,0.07478630062788724,32.69625040000392,0.3367443975014023,0.6728770808328556,0.0006572820004547321,0.00973501056432724,sha256:ea823b05bc5d905ba48c0f84a8a84b61e96df043765253ae7d458a60e5c4c46d
cifar10,2,ema_restore,A-B-A,blur,2,cifar10_s02_ema_restore_ABA_blur_v2,0.8696,0.8632,0.006400000000000072,0.8631,0.8633,0.006500000000000061,9.999999999998899e-05,0.6761,0.43409122867584227,0.07478630062788724,33.2980166999987,0.4350296741799463,0.8284396695185311,0.0008073240869289523,0.012826820835471153,sha256:791f9347254d32df2cfa53cdb92ec2d2afdbdd5a45bc1490c7843d93e3a3ce5e
cifar10,2,ema_restore,A-B-A,brightness,1,cifar10_s02_ema_restore_ABA_brightness_v1,0.8696,0.8632,0.006400000000000072,0.8632,0.8631,0.006400000000000072,0.0,0.8613,0.22347800602912904,0.07478630062788724,31.313617500003602,0.22285822015019913,0.4717596833464466,0.0004650670486130999,0.004900486674159765,sha256:587bbd44b8b5e5a451bd211b78d6174806687476614911d8e5497e3f141f49fc
cifar10,2,ema_restore,A-B-A,brightness,2,cifar10_s02_ema_restore_ABA_brightness_v2,0.8696,0.8632,0.006400000000000072,0.863,0.8632,0.00660000000000005,0.00019999999999997797,0.8513,0.23462891635894775,0.07478630062788724,31.90851699999621,0.23454531404791,0.49138057835494414,0.00048427330624736565,0.005216667894273996,sha256:9a7da1c60f63165b9fa6b9f6ed01e0b50b97a26a3d08be4a5ef863d754053dfb
cifar10,2,ema_restore,A-B-A,contrast,1,cifar10_s02_ema_restore_ABA_contrast_v1,0.8696,0.8632,0.006400000000000072,0.8632,0.8631,0.006400000000000072,0.0,0.8613,0.2215978477716446,0.07478630062788724,34.375396999996156,0.22147989329657977,0.47732968798166586,0.00047091673064941563,0.004702894948422909,sha256:4130a645517336947d5ee6577a3d86442d690930e79695897f130116bf431a2a
cifar10,2,ema_restore,A-B-A,contrast,2,cifar10_s02_ema_restore_ABA_contrast_v2,0.8696,0.8632,0.006400000000000072,0.8632,0.8632,0.006400000000000072,0.0,0.8493,0.22851392438411713,0.07478630062788724,34.76540450000175,0.2285184692355651,0.505109836029101,0.0004985093159742559,0.004876501392573118,sha256:07c8ab8300d01cf241d02fc157cb54b2939194aa32256fe81d7677c8348c2278
cifar10,2,ema_restore,A-B-A,noise,1,cifar10_s02_ema_restore_ABA_noise_v1,0.8696,0.8632,0.006400000000000072,0.8632,0.8631,0.006400000000000072,0.0,0.7607,0.33822421679496767,0.07478630062788724,34.805714900001476,0.33790192498436455,0.6845056957836393,0.0006709461213867592,0.009145903401076794,sha256:73e244dd5b0fa071b50748b87e4238616355c851dff1ce1b7d0ff92f4a7cdfc3
cifar10,2,ema_restore,A-B-A,noise,2,cifar10_s02_ema_restore_ABA_noise_v2,0.8696,0.8632,0.006400000000000072,0.8636,0.8633,0.006000000000000005,-0.00040000000000006697,0.6019,0.48558473405838015,0.07478630062788724,35.43303989999549,0.48630603732942024,0.9326298991336098,0.000911254183053263,0.013716311194002628,sha256:d839457277af2536286b41a0e50925b03d35e9dc7955aa5085abd0b9e5a26f6d
cifar10,2,ema_restore,A-B-A,rotation,1,cifar10_s02_ema_restore_ABA_rotation_v1,0.8696,0.8632,0.006400000000000072,0.8628,0.863,0.006800000000000028,0.00039999999999995595,0.3376,0.6014604131698609,0.07478630062788724,33.626697499996226,0.6017165033123161,0.9282856877846054,0.0009109124864003609,0.011980903334915638,sha256:5b99fd6291632270502af34f31fd6ee2ac6e8f793551145aec0bed5de82b8422
cifar10,2,ema_restore,A-B-A,rotation,2,cifar10_s02_ema_restore_ABA_rotation_v2,0.8696,0.8632,0.006400000000000072,0.8631,0.8631,0.006500000000000061,9.999999999998899e-05,0.3915,0.5346945526123047,0.07478630062788724,34.04426579999563,0.5347307924228378,0.8612583777572536,0.0008434258258453558,0.011629346758127213,sha256:38afc9592888d3ef20e705e344a3ad9ff3b3aae0c8a044463384f90bf43968e1
cifar10,2,ema_restore,A-B-C-A,blur,1,cifar10_s02_ema_restore_ABCA_blur_v1,0.8696,0.8632,0.006400000000000072,0.8634,0.8633,0.006200000000000094,-0.00019999999999997797,0.7633,0.3381778443098068,0.07478630062788724,53.40513479999936,0.3383642284176018,0.668771894672249,0.0006535132492957283,0.011733787134289742,sha256:97bd99edf647bd749468c0052897021dd70fe6546adf22ebfa0659ad5c09a738
cifar10,2,ema_restore,A-B-C-A,blur,2,cifar10_s02_ema_restore_ABCA_blur_v2,0.8696,0.8632,0.006400000000000072,0.8634,0.8634,0.006200000000000094,-0.00019999999999997797,0.7137,0.38543420398235323,0.07478630062788724,54.22074599999905,0.38586342655405215,0.7395864321461206,0.0007235034961324138,0.01184796541929245,sha256:287cd719df08c1358d98bac402f4e7b9eeba16cdb6d533f09c8274e2429988a6
cifar10,2,ema_restore,A-B-C-A,brightness,1,cifar10_s02_ema_restore_ABCA_brightness_v1,0.8696,0.8632,0.006400000000000072,0.8632,0.8631,0.006400000000000072,0.0,0.80935,0.2813476865530014,0.07478630062788724,51.60165109999798,0.28138482146248034,0.5680844532915309,0.0005554671852799322,0.011346228420734406,sha256:f335957200f8c79229e2ada23bf058da573fee4f6e74fac8876e6cfaceff66dc
cifar10,2,ema_restore,A-B-C-A,brightness,2,cifar10_s02_ema_restore_ABCA_brightness_v2,0.8696,0.8632,0.006400000000000072,0.8633,0.8632,0.006300000000000083,-9.999999999998899e-05,0.80155,0.28568058409690855,0.07478630062788724,52.33253430000332,0.2855954208894621,0.5709985241859774,0.0005588865716635144,0.010779653675854206,sha256:650492787870e330d2877ced97ffd5fc29093e20a5039a7c0be783294308caeb
cifar10,2,ema_restore,A-B-C-A,contrast,1,cifar10_s02_ema_restore_ABCA_contrast_v1,0.8696,0.8632,0.006400000000000072,0.8632,0.8631,0.006400000000000072,0.0,0.8093,0.28039248951673507,0.07478630062788724,48.55372999999963,0.2806807645136797,0.5709131839154642,0.0005582299183308489,0.011419038288295269,sha256:375b2c72916c09cb50bf06af41904b52a88d98ac263167ce18a52614ee78729d
cifar10,2,ema_restore,A-B-C-A,contrast,2,cifar10_s02_ema_restore_ABCA_contrast_v2,0.8696,0.8632,0.006400000000000072,0.8632,0.8632,0.006400000000000072,0.0,0.80065,0.28257606848478317,0.07478630062788724,48.13659650000045,0.28253626248127295,0.5777677444717552,0.0005653116732682514,0.011020473204553127,sha256:0e4dd4dbe40133f0828d014395fb9eb62586f9af613358c3b4a3732730f7ac4d
cifar10,2,ema_restore,A-B-C-A,noise,1,cifar10_s02_ema_restore_ABCA_noise_v1,0.8696,0.8632,0.006400000000000072,0.8634,0.8632,0.006200000000000094,-0.00019999999999997797,0.7585,0.33877780232429505,0.07478630062788724,48.85669770000095,0.3389630160188373,0.6744652032097683,0.0006602324661061969,0.011550020426511765,sha256:defd7c2d44c5e139a842a81eac71c6896ebfb774f93e6f86c9a069e9bb02142f
cifar10,2,ema_restore,A-B-C-A,noise,2,cifar10_s02_ema_restore_ABCA_noise_v2,0.8696,0.8632,0.006400000000000072,0.8634,0.8633,0.006200000000000094,-0.00019999999999997797,0.6765,0.41123013682365417,0.07478630062788724,49.71419980000064,0.41154728678962854,0.7917793279961695,0.000776581344256602,0.011795010417699814,sha256:66c66b538df1d442a1e7b875d7cf0a2aa62b7a5f06c78499188b0464d34beefa
cifar10,2,ema_restore,A-B-C-A,rotation,1,cifar10_s02_ema_restore_ABCA_rotation_v1,0.8696,0.8632,0.006400000000000072,0.8632,0.8631,0.006400000000000072,0.0,0.54715,0.4703306743144989,0.07478630062788724,49.37696380000125,0.4708076200530499,0.7964702131627481,0.0007807768817218846,0.012441912665963173,sha256:243ebdd3da155e604e80ae06a5280725d70ec888a1a65414679c6cd090a43099
cifar10,2,ema_restore,A-B-C-A,rotation,2,cifar10_s02_ema_restore_ABCA_rotation_v2,0.8696,0.8632,0.006400000000000072,0.8633,0.8633,0.006300000000000083,-9.999999999998899e-05,0.57155,0.4356606997489929,0.07478630062788724,48.381700199999614,0.4356375772364532,0.7560098371173762,0.0007401869549044655,0.011973225511610508,sha256:260bdcfa3dd6448dbdb88df79304be85de5e99dfd66483b05fbfa24ffe60a795
cifar10,2,periodic_reset,A-B-A,blur,1,cifar10_s02_periodic_reset_ABA_blur_v1,0.8696,0.8632,0.006400000000000072,0.8632,0.863,0.006400000000000072,0.0,0.7696,0.3377811325073242,0.07478630062788724,34.018169700000726,0.33746067217633696,0.6737810878814021,0.0008245228024942305,0.0024367203004658222,sha256:b28016c340a39631fe37cab9342e8b938044ec9244f71282f564b6f7e1dd573d
cifar10,2,periodic_reset,A-B-A,blur,2,cifar10_s02_periodic_reset_ABA_blur_v2,0.8696,0.8632,0.006400000000000072,0.8632,0.8632,0.006400000000000072,0.0,0.6754,0.4353190704345703,0.07478630062788724,34.969289599997865,0.43629154827021344,0.829633233667929,0.0010231410402250535,0.0034486509393900633,sha256:2aac3270efbb71c66396cece26dcd43d501b97120646244edfae584fcdc77f9a
cifar10,2,periodic_reset,A-B-A,brightness,1,cifar10_s02_periodic_reset_ABA_brightness_v1,0.8696,0.8632,0.006400000000000072,0.8632,0.8632,0.006400000000000072,0.0,0.8614,0.2236082330226898,0.07478630062788724,33.53231830000004,0.2229901769115955,0.47194172083577024,0.0005684592948984826,0.001716658123768866,sha256:43d6ee0ddc724bf6c0986b2ee149f2e7cbee90111dc948883942534892a579be
cifar10,2,periodic_reset,A-B-A,brightness,2,cifar10_s02_periodic_reset_ABA_brightness_v2,0.8696,0.8632,0.006400000000000072,0.8633,0.8632,0.006300000000000083,-9.999999999998899e-05,0.8513,0.23477746014595033,0.07478630062788724,34.480800700002874,0.23469522331334366,0.49146918556358243,0.0005919371725684857,0.001834072289057076,sha256:1577c60e2cd6fbecb2fc75be2e3cc1782e32daa5272e5d7e06b7c2961825dcec
cifar10,2,periodic_reset,A-B-A,contrast,1,cifar10_s02_periodic_reset_ABA_contrast_v1,0.8696,0.8632,0.006400000000000072,0.8633,0.8632,0.006300000000000083,-9.999999999998899e-05,0.8612,0.2217116958141327,0.07478630062788724,35.73828810000123,0.2215920652769789,0.4773474603514128,0.0005754254930770567,0.001722872257232666,sha256:8de0067d3d4e3a7098dae986ca3765cdbbf1cfda6e031985ae0cef9165ba462e
cifar10,2,periodic_reset,A-B-A,contrast,2,cifar10_s02_periodic_reset_ABA_contrast_v2,0.8696,0.8632,0.006400000000000072,0.8633,0.8632,0.006300000000000083,-9.999999999998899e-05,0.8493,0.22863301601409913,0.07478630062788724,36.045506000002206,0.22863513287864154,0.5051816173746616,0.000603829594505833,0.001793135772459209,sha256:887dd51c998aa9d4b35b000c7093c0bf3934609e7642d4ce02790c1f88afad2c
cifar10,2,periodic_reset,A-B-A,noise,1,cifar10_s02_periodic_reset_ABA_noise_v1,0.8696,0.8632,0.006400000000000072,0.8632,0.8631,0.006400000000000072,0.0,0.7608,0.3387725459098816,0.07478630062788724,34.3722226999962,0.3384623248365861,0.6851078068153768,0.0008354249050770002,0.0026732836849987507,sha256:efeb6d31b0c90d00f382a58ba1c03bc990605299a575d1ee53b2e6b67bf5aa89
cifar10,2,periodic_reset,A-B-A,noise,2,cifar10_s02_periodic_reset_ABA_noise_v2,0.8696,0.8632,0.006400000000000072,0.8634,0.8631,0.006200000000000094,-0.00019999999999997797,0.6014,0.48688502407073975,0.07478630062788724,34.6789673999956,0.48762352217601823,0.9340463159959528,0.0011480058767373048,0.0040147751569747925,sha256:9bf5ba4e3d7472841ae529db5025b3fcbde03e58e506d9380cf45e8350f6e23f
cifar10,2,periodic_reset,A-B-A,rotation,1,cifar10_s02_periodic_reset_ABA_rotation_v1,0.8696,0.8632,0.006400000000000072,0.8632,0.863,0.006400000000000072,0.0,0.3374,0.6023697761535645,0.07478630062788724,36.78131919999578,0.6026613742490358,0.9290973815736892,0.0011297869289741862,0.003887140890583396,sha256:d2a20061b9050762cc18eee449ab31c3a502069c6a178f3012163182188b8c7c
cifar10,2,periodic_reset,A-B-A,rotation,2,cifar10_s02_periodic_reset_ABA_rotation_v2,0.8696,0.8632,0.006400000000000072,0.863,0.8631,0.00660000000000005,0.00019999999999997797,0.3912,0.5356481617927551,0.07478630062788724,37.40881739999895,0.5356930117063885,0.8617601719083665,0.0010537691399620116,0.002999769290909171,sha256:b8f9197be5d94bc284f479a49dc27e6e927554f41c85e64f4a9cb96ed6ce83cb
cifar10,2,periodic_reset,A-B-C-A,blur,1,cifar10_s02_periodic_reset_ABCA_blur_v1,0.8696,0.8632,0.006400000000000072,0.8632,0.8631,0.006400000000000072,0.0,0.76285,0.3389995073795319,0.07478630062788724,51.71505859999888,0.33919051440456244,0.669441966316368,0.0008366088960555535,0.0026501629035919905,sha256:994318a3c98a0e4728a2e84b3ec887bd0cc9dc45e81b32951705c83cbcf02a71
cifar10,2,periodic_reset,A-B-C-A,blur,2,cifar10_s02_periodic_reset_ABCA_blur_v2,0.8696,0.8632,0.006400000000000072,0.8632,0.8632,0.006400000000000072,0.0,0.71335,0.3864784696817398,0.07478630062788724,51.45840949999547,0.38692004525963264,0.7406256081937235,0.0009329258563745578,0.0023533892817795277,sha256:95b74234ef2370a6c5c85ba1735535ddc98aa6a9f30f8b5faa5ac1900ed1f5d7
cifar10,2,periodic_reset,A-B-C-A,brightness,1,cifar10_s02_periodic_reset_ABCA_brightness_v1,0.8696,0.8632,0.006400000000000072,0.8632,0.8631,0.006400000000000072,0.0,0.80875,0.2819125193834305,0.07478630062788724,51.474086400005035,0.28195473448007924,0.5685234907307203,0.0007040197867089646,0.0026501629035919905,sha256:d1dc657a0316ae2f400a014727e984e2069d170052f538bda7865259a99cca24
cifar10,2,periodic_reset,A-B-C-A,brightness,2,cifar10_s02_periodic_reset_ABCA_brightness_v2,0.8696,0.8632,0.006400000000000072,0.8632,0.8632,0.006400000000000072,0.0,0.8013,0.2862074499607086,0.07478630062788724,51.36777460000303,0.2861216705811175,0.5715435430218901,0.0007071050703289766,0.0023533892817795277,sha256:66aef0bdac3a6bfbc8e0587c8ef2e82700b127796f9eda69b6ce296eb447708a
cifar10,2,periodic_reset,A-B-C-A,contrast,1,cifar10_s02_periodic_reset_ABCA_contrast_v1,0.8696,0.8632,0.006400000000000072,0.8632,0.8631,0.006400000000000072,0.0,0.80865,0.2809639913797379,0.07478630062788724,52.46968360000028,0.2812554221364516,0.5712220425469966,0.0007075422157568833,0.0026501629035919905,sha256:f9b732218588763ec78eda54303acc0fa492b260f28e66fd02a7652f95298b54
cifar10,2,periodic_reset,A-B-C-A,contrast,2,cifar10_s02_periodic_reset_ABCA_contrast_v2,0.8696,0.8632,0.006400000000000072,0.8632,0.8632,0.006400000000000072,0.0,0.8003,0.2831350253343582,0.07478630062788724,54.10054560000572,0.2830914250468906,0.578395277261734,0.0007127921894204485,0.0023533892817795277,sha256:632e025b89f5a15d999a63e1699ad477cc61f8fbaea999de4ea69017c8069352
cifar10,2,periodic_reset,A-B-C-A,noise,1,cifar10_s02_periodic_reset_ABCA_noise_v1,0.8696,0.8632,0.006400000000000072,0.8632,0.8631,0.006400000000000072,0.0,0.75845,0.33949563274383543,0.07478630062788724,53.1104228999975,0.33969175476062147,0.6751072961318342,0.0008435571839579063,0.0026501629035919905,sha256:de794def2f6cd4d3567dfefe18ab4cf8e7889dd69c5b8b9736aa0322d868d5ae
cifar10,2,periodic_reset,A-B-C-A,noise,2,cifar10_s02_periodic_reset_ABCA_noise_v2,0.8696,0.8632,0.006400000000000072,0.8632,0.8632,0.006400000000000072,0.0,0.67635,0.4122617120027542,0.07478630062788724,54.66674190000049,0.4125862947747677,0.792830341224429,0.0009989413392989413,0.0023533892817795277,sha256:d6012b00eb2301757c42b7a2734827f948e265f7a2d0220d37c91a4bade12e7b
cifar10,2,periodic_reset,A-B-C-A,rotation,1,cifar10_s02_periodic_reset_ABCA_rotation_v1,0.8696,0.8632,0.006400000000000072,0.8632,0.8631,0.006400000000000072,0.0,0.54675,0.4712953173160553,0.07478630062788724,52.17955649999931,0.4717923370720465,0.7971097306360172,0.0009984208364481743,0.0026501629035919905,sha256:e78a1ac485b6fb605d365f26a965f4fc16be59086d5f11f39a4ae60803f2946d
cifar10,2,periodic_reset,A-B-C-A,rotation,2,cifar10_s02_periodic_reset_ABCA_rotation_v2,0.8696,0.8632,0.006400000000000072,0.8632,0.8632,0.006400000000000072,0.0,0.57125,0.43664300887584684,0.07478630062788724,51.04286739999952,0.43662077056456217,0.7566809876810147,0.0009453988831513856,0.0023533892817795277,sha256:dd8e0704fa5ae86ef9772226701ab805ae02e73854bfa1b76bfdd27f217b0492
cifar10,2,source,A-B-A,blur,1,cifar10_s02_source_ABA_blur_v1,0.8696,0.8696,0.0,0.8696,0.8696,0.0,0.0,0.5255,0.5994959837913513,0.07478630062788724,11.841223499999614,0.5981147628796252,0.0,0.0,0.0,sha256:8e1a0aeeeea7e531e21be75c282d8dd81be32aed079ca1e3d8b80359bf5a5b63
cifar10,2,source,A-B-A,blur,2,cifar10_s02_source_ABA_blur_v2,0.8696,0.8696,0.0,0.8696,0.8696,0.0,0.0,0.2967,0.6575966049194336,0.07478630062788724,11.878129500000796,0.6577465232414536,0.0,0.0,0.0,sha256:7dd9964a4bdb3fd35dc62512a792c750c9911ab8bf541539950673449b66b0d7
cifar10,2,source,A-B-A,brightness,1,cifar10_s02_source_ABA_brightness_v1,0.8696,0.8696,0.0,0.8696,0.8696,0.0,0.0,0.8588,0.2541850950717926,0.07478630062788724,11.435335300004226,0.25322856065593186,0.0,0.0,0.0,sha256:b31cf928427113d5ab81c7602973250555a410c95fc9ca88441857c53d5ee5e0
cifar10,2,source,A-B-A,brightness,2,cifar10_s02_source_ABA_brightness_v2,0.8696,0.8696,0.0,0.8696,0.8696,0.0,0.0,0.8265,0.30514626088142394,0.07478630062788724,11.405087500002992,0.3049381237618531,0.0,0.0,0.0,sha256:b10137623ef59c9190321f399073ec40291bafd1d578344ed706c748aa1f87d8
cifar10,2,source,A-B-A,contrast,1,cifar10_s02_source_ABA_contrast_v1,0.8696,0.8696,0.0,0.8696,0.8696,0.0,0.0,0.8555,0.25273863592147827,0.07478630062788724,16.12157819999993,0.25201256309129016,0.0,0.0,0.0,sha256:e947cce1deeb3bcf744624adceb2b3aff94ae12fa3ac11a4024f106ad8fc4001
cifar10,2,source,A-B-A,contrast,2,cifar10_s02_source_ABA_contrast_v2,0.8696,0.8696,0.0,0.8696,0.8696,0.0,0.0,0.782,0.34899826576709747,0.07478630062788724,15.850252600001113,0.34762940772726564,0.0,0.0,0.0,sha256:dc5ce90a3e44932e7147e449cde73b2b12a07e387a94da5453455f8aa5b5c2f2
cifar10,2,source,A-B-A,noise,1,cifar10_s02_source_ABA_noise_v1,0.8696,0.8696,0.0,0.8696,0.8696,0.0,0.0,0.5947,0.49687009286880496,0.07478630062788724,17.029196099996625,0.4987936140615729,0.0,0.0,0.0,sha256:a43dbe166c65a6ad3e88e6adc16139f46c99a07316007b4244eb8c60d08a75b6
cifar10,2,source,A-B-A,noise,2,cifar10_s02_source_ABA_noise_v2,0.8696,0.8696,0.0,0.8696,0.8696,0.0,0.0,0.2467,0.4900737739562988,0.07478630062788724,17.029445100000885,0.491569641270215,0.0,0.0,0.0,sha256:a5ea3ecf1d1a755038a6ec7a34bcdb49a32ed02d32eb0de52b51e62cb310311d
cifar10,2,source,A-B-A,rotation,1,cifar10_s02_source_ABA_rotation_v1,0.8696,0.8696,0.0,0.8696,0.8696,0.0,0.0,0.3289,0.7407097511291504,0.07478630062788724,16.82396499999595,0.7416022804718984,0.0,0.0,0.0,sha256:b8e924dc5ad1ae44235aa8133ae77976ebd7831dd4deb3d46eca3a683261cd18
cifar10,2,source,A-B-A,rotation,2,cifar10_s02_source_ABA_rotation_v2,0.8696,0.8696,0.0,0.8696,0.8696,0.0,0.0,0.378,0.6875417657852173,0.07478630062788724,16.816090600004827,0.6865163807627521,0.0,0.0,0.0,sha256:3a838f5a884cb9ad0016dfedb4accea957763463c761bf56a9a8bfd456d7453c
cifar10,2,source,A-B-C-A,blur,1,cifar10_s02_source_ABCA_blur_v1,0.8696,0.8696,0.0,0.8696,0.8696,0.0,0.0,0.6403,0.5107488595485687,0.07478630062788724,23.564436900000146,0.5099569704336456,0.0,0.0,0.0,sha256:d644acbec60ef5430cc59b7bcdcd294121234c4e91c679235f710857f5dc163e
cifar10,2,source,A-B-C-A,blur,2,cifar10_s02_source_ABCA_blur_v2,0.8696,0.8696,0.0,0.8696,0.8696,0.0,0.0,0.51855,0.5428445866584778,0.07478630062788724,23.612665499997092,0.5426332201761536,0.0,0.0,0.0,sha256:6aac5108efa9191f525cfd3ced2a80ef13776558224aafacb4719b5d23290fd4
cifar10,2,source,A-B-C-A,brightness,1,cifar10_s02_source_ABCA_brightness_v1,0.8696,0.8696,0.0,0.8696,0.8696,0.0,0.0,0.80695,0.3380934151887894,0.07478630062788724,23.324837600004685,0.337513869321799,0.0,0.0,0.0,sha256:bb75a53035f4f8eaeac0521ee03cca93a9a88b3308d5121f620c95619dacd850
cifar10,2,source,A-B-C-A,brightness,2,cifar10_s02_source_ABCA_brightness_v2,0.8696,0.8696,0.0,0.8696,0.8696,0.0,0.0,0.78345,0.36661941463947295,0.07478630062788724,23.464899200000218,0.3662290204363533,0.0,0.0,0.0,sha256:7b9336396f7bde177c814db7cc61959a01a9e82d25de6b6ac05d6a519dcea965
cifar10,2,source,A-B-C-A,contrast,1,cifar10_s02_source_ABCA_contrast_v1,0.8696,0.8696,0.0,0.8696,0.8696,0.0,0.0,0.8053,0.3373701856136322,0.07478630062788724,17.089488800003892,0.3369058705394781,0.0,0.0,0.0,sha256:41f3894c128bac7e1a671df2701431cff2fbebc501e93acb2501f730b6145914
cifar10,2,source,A-B-C-A,contrast,2,cifar10_s02_source_ABCA_contrast_v2,0.8696,0.8696,0.0,0.8696,0.8696,0.0,0.0,0.7612,0.3885454170823097,0.07478630062788724,16.99966839999979,0.38757466241905963,0.0,0.0,0.0,sha256:ded551e9aec2ef84c60ff755b22d7fb3536490a120d94e05083046192ac0d02c
cifar10,2,source,A-B-C-A,noise,1,cifar10_s02_source_ABCA_noise_v1,0.8696,0.8696,0.0,0.8696,0.8696,0.0,0.0,0.6749,0.4594359140872955,0.07478630062788724,15.63021110000409,0.46029639602461947,0.0,0.0,0.0,sha256:b3fcede4cf0b7a5ffd61328ad830ef38714bc30a7c3cea11c2ae43adcef30b47
cifar10,2,source,A-B-C-A,noise,2,cifar10_s02_source_ABCA_noise_v2,0.8696,0.8696,0.0,0.8696,0.8696,0.0,0.0,0.49355,0.4590831711769104,0.07478630062788724,15.707967599999392,0.45954477919053427,0.0,0.0,0.0,sha256:f4c137ac7d37bb508b3ea7d019353f46c68c3c5a563c7df0ec50e02e0f681ad0
cifar10,2,source,A-B-C-A,rotation,1,cifar10_s02_source_ABCA_rotation_v1,0.8696,0.8696,0.0,0.8696,0.8696,0.0,0.0,0.542,0.5813557432174683,0.07478630062788724,17.26710920000187,0.5817007292297822,0.0,0.0,0.0,sha256:96d8a73e505faa11a6f7343a423575bcba5cff86c50bd9e6722e7a7228fbead7
cifar10,2,source,A-B-C-A,rotation,2,cifar10_s02_source_ABCA_rotation_v2,0.8696,0.8696,0.0,0.8696,0.8696,0.0,0.0,0.5592,0.5578171670913696,0.07478630062788724,17.355253099995025,0.5570181489368028,0.0,0.0,0.0,sha256:b5f8b8bdc9fced02e8c3cfed0b9d1889de11ab8f0a1d803bed7b813b7fdf512b
cifar10,2,tent,A-B-A,blur,1,cifar10_s02_tent_ABA_blur_v1,0.8696,0.8632,0.006400000000000072,0.8631,0.863,0.006500000000000061,9.999999999998899e-05,0.77,0.3368519004821777,0.07478630062788724,50.14315329999954,0.3365156737309468,0.6725961135912545,0.0006725971610580064,0.014143905602395535,sha256:367c11bfda45535ea1e1a54010bc8d6a5084fcb87b6aae84582ec72611532d37
cifar10,2,tent,A-B-A,blur,2,cifar10_s02_tent_ABA_blur_v2,0.8696,0.8632,0.006400000000000072,0.8633,0.8632,0.006300000000000083,-9.999999999998899e-05,0.6761,0.43369590435028077,0.07478630062788724,50.057145499995386,0.4346184081669095,0.8278649547432042,0.0008278653516339822,0.01851656660437584,sha256:886f49ddaeb0357390437c0efac33480aef562ae2610e50deaa50ad56fa7f5e2
cifar10,2,tent,A-B-A,brightness,1,cifar10_s02_tent_ABA_brightness_v1,0.8696,0.8632,0.006400000000000072,0.8631,0.8631,0.006500000000000061,9.999999999998899e-05,0.8613,0.22343611583709716,0.07478630062788724,48.651383900003566,0.22281535441362404,0.4716873919662041,0.0004716877721668563,0.006941796280443668,sha256:dc5a5caa176576a6c12acf99b72858382291523f54d8a1927edf1a24b9efc7a0
cifar10,2,tent,A-B-A,brightness,2,cifar10_s02_tent_ABA_brightness_v2,0.8696,0.8632,0.006400000000000072,0.8631,0.8632,0.006500000000000061,9.999999999998899e-05,0.8513,0.23458207223415375,0.07478630062788724,48.105642999995325,0.23449544344521775,0.4912497457824176,0.0004912490681656695,0.007371756713837385,sha256:10e3e44e39c774fa2cd0e05d091ed78251a0cfe2717c308610df506078952874
cifar10,2,tent,A-B-A,contrast,1,cifar10_s02_tent_ABA_contrast_v1,0.8696,0.8632,0.006400000000000072,0.8631,0.8631,0.006500000000000061,9.999999999998899e-05,0.8613,0.22156225237846375,0.07478630062788724,54.365512399999716,0.2214445767900612,0.477242700661285,0.0004772423380467145,0.006685282569378614,sha256:6ffadbf9a3ba62972807cd51712b6e7b45d54f383c256e6c80edc00bfb13e165
cifar10,2,tent,A-B-A,contrast,2,cifar10_s02_tent_ABA_contrast_v2,0.8696,0.8632,0.006400000000000072,0.8632,0.8632,0.006400000000000072,0.0,0.8494,0.2284795383453369,0.07478630062788724,54.3584961000015,0.22848393079600757,0.5050777125207684,0.0005050773604896769,0.006869587115943432,sha256:e208a63cb61594a3783b4f77780e6f1a354a720fd2e58e1d47bda558ebfe17e4
cifar10,2,tent,A-B-A,noise,1,cifar10_s02_tent_ABA_noise_v1,0.8696,0.8632,0.006400000000000072,0.8632,0.8633,0.006400000000000072,0.0,0.7608,0.33804504556655884,0.07478630062788724,54.38276829999813,0.3377161410790456,0.6842226853853539,0.0006842228607569314,0.012876959517598152,sha256:07d7516c0d9b67effc84c711d2c0538689d1ea530056257efb25a69b59b2ad36
cifar10,2,tent,A-B-A,noise,2,cifar10_s02_tent_ABA_noise_v2,0.8696,0.8632,0.006400000000000072,0.8633,0.8631,0.006300000000000083,-9.999999999998899e-05,0.6019,0.4851902477264404,0.07478630062788724,54.10979760000191,0.48589939407155486,0.932312310496463,0.0009323124747275363,0.01926223747432232,sha256:5b973176030d1f72ccdcebf3e8450784d207b65dbb61764924f869a831b98e09
cifar10,2,tent,A-B-A,rotation,1,cifar10_s02_tent_ABA_rotation_v1,0.8696,0.8632,0.006400000000000072,0.8629,0.863,0.006700000000000039,0.00029999999999996696,0.3376,0.6011762706756592,0.07478630062788724,54.87977089999913,0.6014115817939178,0.9279397650610043,0.0009279391150685806,0.01691233180463314,sha256:09f97f851c7816fee8bf6a11418ccc55782c9a1b48f86dc060b79c5d48fa4f2c
cifar10,2,tent,A-B-A,rotation,2,cifar10_s02_tent_ABA_rotation_v2,0.8696,0.8632,0.006400000000000072,0.863,0.8628,0.00660000000000005,0.00019999999999997797,0.3914,0.5343927947998047,0.07478630062788724,54.86596460000146,0.5344233852398547,0.86102318688284,0.0008610237236547319,0.01670624129474163,sha256:1be900bf2869d60177d178f981dd151b829e2ae0b91866ab682f161ef215b897
cifar10,2,tent,A-B-C-A,blur,1,cifar10_s02_tent_ABCA_blur_v1,0.8696,0.8632,0.006400000000000072,0.8632,0.8636,0.006400000000000072,0.0,0.76335,0.3378799605369568,0.07478630062788724,66.99644519999856,0.338059742145146,0.6685753570327276,0.0006685756217641167,0.021450603380799294,sha256:3939b4e13c26a90271a8d32cdca5e4cee3d0a2a17ba043fbbf0a1bb7e5eb77ed
cifar10,2,tent,A-B-C-A,blur,2,cifar10_s02_tent_ABCA_blur_v2,0.8696,0.8632,0.006400000000000072,0.8632,0.8632,0.006400000000000072,0.0,0.71365,0.3850541249275207,0.07478630062788724,67.14127140000346,0.3854787691107279,0.739244487843936,0.0007392451159001764,0.0240811575204134,sha256:8bb57f58e8d7d8ce9f6d117ef4a542c92e34fa95f28cd67a121bd856f5ab0a12
cifar10,2,tent,A-B-C-A,brightness,1,cifar10_s02_tent_ABCA_brightness_v1,0.8696,0.8632,0.006400000000000072,0.8631,0.863,0.006500000000000061,9.999999999998899e-05,0.80945,0.2811036932468414,0.07478630062788724,68.84377640000457,0.28113280651690087,0.5679201191361947,0.0005679203975058597,0.01824899949133396,sha256:3b68eb5ff2cc52962de027c7b1c739337254c2abe6c3ad8a54bc1d187de42495
cifar10,2,tent,A-B-C-A,brightness,2,cifar10_s02_tent_ABCA_brightness_v2,0.8696,0.8632,0.006400000000000072,0.8632,0.8631,0.006400000000000072,0.0,0.80145,0.28545189222097395,0.07478630062788724,68.93123220000416,0.28536308990626397,0.5707783964993078,0.0005707782164549078,0.017612164840102196,sha256:3f7411582c0f6239292d49299a24681fafd0bce85cb416d227f0d6e00df87349
cifar10,2,tent,A-B-C-A,contrast,1,cifar10_s02_tent_ABCA_contrast_v1,0.8696,0.8632,0.006400000000000072,0.863,0.8632,0.00660000000000005,0.00019999999999997797,0.80955,0.28013442242145536,0.07478630062788724,58.573237299999164,0.2804149462829662,0.5706310030780261,0.0005706309950969453,0.018413878977298737,sha256:860559bcd3ae5b8d449e4a2f11e895755a053f50d1f661132f8545cba716e936
cifar10,2,tent,A-B-C-A,contrast,2,cifar10_s02_tent_ABCA_contrast_v2,0.8696,0.8632,0.006400000000000072,0.8632,0.8631,0.006400000000000072,0.0,0.80085,0.2823091618537903,0.07478630062788724,58.51180220000242,0.2822696906101855,0.5774660006731371,0.0005774661381743683,0.01816156506538391,sha256:58a16c014aad8d34a4ce7fe9ef79ef28ad1e9c8a8385a3e1bccab017828b2ee5
cifar10,2,tent,A-B-C-A,noise,1,cifar10_s02_tent_ABCA_noise_v1,0.8696,0.8632,0.006400000000000072,0.8635,0.8634,0.006099999999999994,-0.000300000000000078,0.7586,0.33851231191158293,0.07478630062788724,59.3924962999954,0.3386866316387925,0.6742355706571024,0.0006742358879669557,0.020432595163583755,sha256:4a4eda3f651963a47adf8f284af7eea6aa396fdc1b2f43bf54faf408061fadf0
cifar10,2,tent,A-B-C-A,noise,2,cifar10_s02_tent_ABCA_noise_v2,0.8696,0.8632,0.006400000000000072,0.8634,0.8631,0.006200000000000094,-0.00019999999999997797,0.6764,0.41087625098228453,0.07478630062788724,59.3803951000009,0.4111862705100941,0.7915635765353336,0.000791563833710042,0.02423097938299179,sha256:b02621ac56f13dfb34e3961126010ebc3360f17f8fce1798ad26f3d440e19c30
cifar10,2,tent,A-B-C-A,rotation,1,cifar10_s02_tent_ABCA_rotation_v1,0.8696,0.8632,0.006400000000000072,0.8631,0.8631,0.006500000000000061,9.999999999998899e-05,0.5468,0.4699481432199478,0.07478630062788724,56.34746759999689,0.47041005047061774,0.7963979998721352,0.0007963978009050877,0.024003200232982635,sha256:6cc6324b7b3c1faf837b297f8cb4dd91668bb65b0d0120b527d391187d77038b
cifar10,2,tent,A-B-C-A,rotation,2,cifar10_s02_tent_ABCA_rotation_v2,0.8696,0.8632,0.006400000000000072,0.8631,0.8632,0.006500000000000061,9.999999999998899e-05,0.57135,0.4352592680692673,0.07478630062788724,56.35110230000282,0.4352341839407064,0.7557460163967519,0.0007557462900140193,0.02372683770954609,sha256:74f6e14f5b7e20e824f0bf908aa87874f5f3008a34c7b63b19d700b8ef67a096
cifar10,3,anchor,A-B-A,blur,1,cifar10_s03_anchor_ABA_blur_v1,0.8662,0.8599,0.006299999999999972,0.8601,0.8603,0.006099999999999994,-0.00019999999999997797,0.7685,0.33183954343795774,0.07570792922228575,47.35396459999902,0.3318954389306563,0.6520353397236595,0.0006520354175716167,0.01297022681683302,sha256:ee24c85e5e23db4e1fc06a84a7a14ca3b591a08f1fb0abba05c002300b738d30
cifar10,3,anchor,A-B-A,blur,2,cifar10_s03_anchor_ABA_blur_v2,0.8662,0.8599,0.006299999999999972,0.8601,0.8602,0.006099999999999994,-0.00019999999999997797,0.6816,0.4249504906654358,0.07570792922228575,51.53588060000038,0.4264429543591753,0.8215653036214128,0.0008215662998241619,0.01924504153430462,sha256:6234206cf7523f1fa88784007ef726f848f38fa365c13324633299cd40856cd6
cifar10,3,anchor,A-B-A,brightness,1,cifar10_s03_anchor_ABA_brightness_v1,0.8662,0.8599,0.006299999999999972,0.8602,0.8604,0.006000000000000005,-0.00029999999999996696,0.8578,0.22429925158023833,0.07570792922228575,51.10561939999752,0.22328660533398012,0.4591593282132209,0.000459159780411592,0.007075012661516666,sha256:5ef459f6739c3438cbd47765e816dfbe7317bcb6ec39957a8add52378a420fac
cifar10,3,anchor,A-B-A,brightness,2,cifar10_s03_anchor_ABA_brightness_v2,0.8662,0.8599,0.006299999999999972,0.8601,0.8602,0.006099999999999994,-0.00019999999999997797,0.8504,0.23509571442604066,0.07570792922228575,52.277166200001375,0.234205045088937,0.47784643082679074,0.0004778466525611385,0.0074686394073069096,sha256:4c3966d358ac154740f75fa51eb381e94cf9d7880d88c6f51fb89903b48544d9
cifar10,3,anchor,A-B-A,contrast,1,cifar10_s03_anchor_ABA_contrast_v1,0.8662,0.8599,0.006299999999999972,0.86,0.8603,0.006199999999999983,-9.999999999998899e-05,0.8562,0.22098730201721192,0.07570792922228575,48.41062709999824,0.2207682353409031,0.4678852361968801,0.0004678846033337184,0.006917671766132116,sha256:7114c9f2fd9a2e98070805bbd311d18a1ece2302130e8c48340da71f39efa1cc
cifar10,3,anchor,A-B-A,contrast,2,cifar10_s03_anchor_ABA_contrast_v2,0.8662,0.8599,0.006299999999999972,0.86,0.8602,0.006199999999999983,-9.999999999998899e-05,0.8479,0.2297238811969757,0.07570792922228575,32.81559150000248,0.22957603520230402,0.49769219114810603,0.0004976918722673826,0.007256335578858852,sha256:404fc41680fbc926dbfd5baadb034b3e25d466574fc0be31154cfd91d2fdf0ad
cifar10,3,anchor,A-B-A,noise,1,cifar10_s03_anchor_ABA_noise_v1,0.8662,0.8599,0.006299999999999972,0.8602,0.8604,0.006000000000000005,-0.00029999999999996696,0.7553,0.35381252551078796,0.07570792922228575,41.35381139999663,0.35418048123770124,0.6832890442655056,0.0006832897138510701,0.012101814150810242,sha256:3a977677c0e89a2278a1d87fee334eed0d07251642f0044a0f8069f781d95445
cifar10,3,anchor,A-B-A,noise,2,cifar10_s03_anchor_ABA_noise_v2,0.8662,0.8599,0.006299999999999972,0.8602,0.8606,0.006000000000000005,-0.00029999999999996696,0.601,0.5012234241962433,0.07570792922228575,15.316240300002391,0.500429950182951,0.9076183890994591,0.0009076185288685786,0.018376929685473442,sha256:46a35584e75dbff6871e515f6d5a771a7a411ffda55ffe080b28ffbda13e1231
cifar10,3,anchor,A-B-A,rotation,1,cifar10_s03_anchor_ABA_rotation_v1,0.8662,0.8599,0.006299999999999972,0.8601,0.8603,0.006099999999999994,-0.00019999999999997797,0.3466,0.6026714175224305,0.07570792922228575,46.08009110000421,0.6029565870007382,0.9068881544885756,0.0009068878363122385,0.016531025990843773,sha256:8f9a2d19a6080465fc06d8d81b1fe2a9f9c3497b379ede34ec9bb3a971e0ef41
cifar10,3,anchor,A-B-A,rotation,2,cifar10_s03_anchor_ABA_rotation_v2,0.8662,0.8599,0.006299999999999972,0.8606,0.8606,0.005599999999999938,-0.0007000000000000339,0.3975,0.5465828508377075,0.07570792922228575,41.221437699998205,0.5467867504192304,0.8526546328882628,0.0008526548273165863,0.016954146325588226,sha256:6e0bf1cc14d151ed8ed01493b4a7653346ad7f17c65d52bc35ff0b9a4d213127
cifar10,3,anchor,A-B-C-A,blur,1,cifar10_s03_anchor_ABCA_blur_v1,0.8662,0.8599,0.006299999999999972,0.8601,0.8601,0.006099999999999994,-0.00019999999999997797,0.764,0.3360409164905548,0.07570792922228575,67.5431654999993,0.33623691704831543,0.6546070383319372,0.0006546069850594017,0.021819060668349266,sha256:e45ce19f14f30dd3e22196a1d5b165061697790e43635c7752ca82443a818674
cifar10,3,anchor,A-B-C-A,blur,2,cifar10_s03_anchor_ABCA_blur_v2,0.8662,0.8599,0.006299999999999972,0.8597,0.86,0.00649999999999995,0.00019999999999997797,0.7206,0.38340096859931944,0.07570792922228575,67.79264300000068,0.38431765723832045,0.7312963684148426,0.0007312970244785465,0.0251111201941967,sha256:a8e1b6ad3d2c090f9d695893077c68748bcdbe2105aadfe66456cc118254f874
cifar10,3,anchor,A-B-C-A,brightness,1,cifar10_s03_anchor_ABCA_brightness_v1,0.8662,0.8599,0.006299999999999972,0.8602,0.8602,0.006000000000000005,-0.00029999999999996696,0.80875,0.2822253952860832,0.07570792922228575,64.61032030000206,0.2818788311715367,0.5581231456768664,0.000558123241555936,0.01937897503376007,sha256:bffbb2b9d27a85944c1b3779ef15bcb0825a8312c931b015064115265a0a55d1
cifar10,3,anchor,A-B-C-A,brightness,2,cifar10_s03_anchor_ABCA_brightness_v2,0.8662,0.8599,0.006299999999999972,0.8597,0.8598,0.00649999999999995,0.00019999999999997797,0.80545,0.28837067091464996,0.07570792922228575,64.50960510000004,0.2880895514088341,0.5593797504147396,0.0005593798202506703,0.0187491774559021,sha256:e6b5e07ee73feb13bc0a75350d03bcd9ebd19b4c4e1f97b4e3871292cbbef231
cifar10,3,anchor,A-B-C-A,contrast,1,cifar10_s03_anchor_ABCA_contrast_v1,0.8662,0.8599,0.006299999999999972,0.8602,0.8603,0.006000000000000005,-0.00029999999999996696,0.80785,0.28056924347877504,0.07570792922228575,36.725125700002536,0.2806198010339013,0.5624932384566416,0.000562493001918391,0.019296955317258835,sha256:6e861c09251df72495bf9b1111c46e0b5194090b45a46d22e2918d8d5e46212c
cifar10,3,anchor,A-B-C-A,contrast,2,cifar10_s03_anchor_ABCA_contrast_v2,0.8662,0.8599,0.006299999999999972,0.8597,0.8598,0.00649999999999995,0.00019999999999997797,0.8041,0.2856585589647293,0.07570792922228575,53.944247400002496,0.2857487174340441,0.5692105944020839,0.000569210551153055,0.01888103410601616,sha256:81affe334e92cba42042a668ea1a218c5813f5c2dea5cbade0dd6c8b9c655b9f
cifar10,3,anchor,A-B-C-A,noise,1,cifar10_s03_anchor_ABCA_noise_v1,0.8662,0.8599,0.006299999999999972,0.8604,0.8601,0.005799999999999916,-0.000500000000000056,0.7574,0.34705425157547,0.07570792922228575,38.718097600001784,0.34739462540874,0.6702519130857685,0.0006702526599976316,0.021189747378230095,sha256:f48cacdc0172771274fac1b7bc5763bdb907ff0a301a249c1a9826c209267379
cifar10,3,anchor,A-B-C-A,noise,2,cifar10_s03_anchor_ABCA_noise_v2,0.8662,0.8599,0.006299999999999972,0.86,0.86,0.006199999999999983,-9.999999999998899e-05,0.67985,0.4215251353979111,0.07570792922228575,66.5320808999968,0.42128239949292773,0.7744316130499297,0.0007744315577688615,0.024634569883346558,sha256:0bc8e4556e1dccc63ce70ac94950e53260e1a616f69cd9632ef43b06cc8dcbfd
cifar10,3,anchor,A-B-C-A,rotation,1,cifar10_s03_anchor_ABCA_rotation_v1,0.8662,0.8599,0.006299999999999972,0.8604,0.8604,0.005799999999999916,-0.000500000000000056,0.55285,0.47152366876602175,0.07570792922228575,56.7196677000029,0.4718337257074404,0.7823705560044397,0.0007823703232548447,0.02366132289171219,sha256:bb02d74c96450c3a18cd685b99f7e0196f4d21fcec6715d76466cde0362cc806
cifar10,3,anchor,A-B-C-A,rotation,2,cifar10_s03_anchor_ABCA_rotation_v2,0.8662,0.8599,0.006299999999999972,0.8603,0.8602,0.005900000000000016,-0.00039999999999995595,0.5786,0.44400947813987734,0.07570792922228575,31.080880000001343,0.44428416407561,0.7467403204380711,0.0007467406725988405,0.02475612610578537,sha256:7d1abcf02a265ab1eadbe96350d77eb1046ea09a8a5d682a930822a8fc197b73
cifar10,3,ema_restore,A-B-A,blur,1,cifar10_s03_ema_restore_ABA_blur_v1,0.8662,0.8599,0.006299999999999972,0.86,0.8603,0.006199999999999983,-9.999999999998899e-05,0.7685,0.332025834274292,0.07570792922228575,43.47005369999533,0.33208096630965606,0.6522563831715644,0.0006382529840427392,0.009009194560348988,sha256:10977ab6f1de7f1a3e4440f54128d65772e40e4208fa9767bd0d7ee956e4009d
cifar10,3,ema_restore,A-B-A,blur,2,cifar10_s03_ema_restore_ABA_blur_v2,0.8662,0.8599,0.006299999999999972,0.8602,0.8602,0.006000000000000005,-0.00029999999999996696,0.6814,0.42538516216278077,0.07570792922228575,38.1284661000027,0.4268815634371359,0.8222803028323983,0.0007993431041264741,0.013289677910506725,sha256:d4159a9f50ff7cb7aa85e5c5e8d26a45f3175efd11171bac6cb6057a489ad56c
cifar10,3,ema_restore,A-B-A,brightness,1,cifar10_s03_ema_restore_ABA_brightness_v1,0.8662,0.8599,0.006299999999999972,0.8601,0.8603,0.006099999999999994,-0.00019999999999997797,0.8578,0.22434434077739715,0.07570792922228575,43.589206399999966,0.22333327237563796,0.4591999057727524,0.0004523036378152857,0.0049293250776827335,sha256:cebbbc8109bd09f6b4192afbc6991b795973a3b796b6c7dcfc1ed0075dbb0396
cifar10,3,ema_restore,A-B-A,brightness,2,cifar10_s03_ema_restore_ABA_brightness_v2,0.8662,0.8599,0.006299999999999972,0.86,0.8602,0.006199999999999983,-9.999999999998899e-05,0.85,0.23514526717662812,0.07570792922228575,21.833885899999586,0.23425605478166026,0.4778769733030585,0.00047055662195551905,0.005226056091487408,sha256:e3c731ab57c3adfa0ffadbc49cd8aa9477e1c6f4eeb370e37b5492ecc4466ca4
cifar10,3,ema_restore,A-B-A,contrast,1,cifar10_s03_ema_restore_ABA_contrast_v1,0.8662,0.8599,0.006299999999999972,0.8601,0.8603,0.006099999999999994,-0.00019999999999997797,0.8563,0.22102700643539427,0.07570792922228575,44.9752645999979,0.22080918410910835,0.4678998589515686,0.000461210051324525,0.0048598735593259335,sha256:cc3494d099901ab0be5fb4f7b9e9ba01595e1a05de709ca3b0a3449dbea357e7
cifar10,3,ema_restore,A-B-A,contrast,2,cifar10_s03_ema_restore_ABA_contrast_v2,0.8662,0.8599,0.006299999999999972,0.8601,0.8602,0.006099999999999994,-0.00019999999999997797,0.848,0.2297662490129471,0.07570792922228575,48.84412590000284,0.22961955300614803,0.4977418112603924,0.0004907575954647759,0.0051266709342598915,sha256:6aec1c6824ce17645cf4a20466df528f03ebafdf79af3ec0c286371919d1c6c8
cifar10,3,ema_restore,A-B-A,noise,1,cifar10_s03_ema_restore_ABA_noise_v1,0.8662,0.8599,0.006299999999999972,0.8602,0.8605,0.006000000000000005,-0.00029999999999996696,0.7553,0.3539635702610016,0.07570792922228575,46.95407680000062,0.35433176159858704,0.6835065899015982,0.0006710732697591752,0.008444294333457947,sha256:4f777bb7d01ddc86dd7eaa339d2398a519bcc667f45f29576eead1209975ed1b
cifar10,3,ema_restore,A-B-A,noise,2,cifar10_s03_ema_restore_ABA_noise_v2,0.8662,0.8599,0.006299999999999972,0.8601,0.8602,0.006099999999999994,-0.00019999999999997797,0.6006,0.5015895978450775,0.07570792922228575,47.96159550000448,0.5008083619648898,0.9079910893983478,0.0008881251803670032,0.012789239175617695,sha256:698dc446c2c335385baa1225caa85d624c6b26b4226777bc53d97a5e17fe20a4
cifar10,3,ema_restore,A-B-A,rotation,1,cifar10_s03_ema_restore_ABA_rotation_v1,0.8662,0.8599,0.006299999999999972,0.8601,0.8602,0.006099999999999994,-0.00019999999999997797,0.3464,0.6029449148178101,0.07570792922228575,18.002499700000044,0.6032425263259984,0.9068636698058888,0.0008899396310466095,0.011502893641591072,sha256:6bed1dd518936074151dc77a885244655491f3118a01e53ac179cd7430e70266
cifar10,3,ema_restore,A-B-A,rotation,2,cifar10_s03_ema_restore_ABA_rotation_v2,0.8662,0.8599,0.006299999999999972,0.8603,0.8604,0.005900000000000016,-0.00039999999999995595,0.3976,0.5468857139587402,0.07570792922228575,44.86379190000298,0.5471028176289571,0.8527957125555111,0.0008345900333333241,0.011813961900770664,sha256:f17cd5ff7a37feaf6054126b8dd5eba02be523e1d4689b1f3942d497d449e4e7
cifar10,3,ema_restore,A-B-C-A,blur,1,cifar10_s03_ema_restore_ABCA_blur_v1,0.8662,0.8599,0.006299999999999972,0.8601,0.8599,0.006099999999999994,-0.00019999999999997797,0.76395,0.33635988178253173,0.07570792922228575,58.822686699997575,0.3365593351706674,0.6548624708305432,0.0006388819384494725,0.012527347542345524,sha256:9544efd91ba0b69497a50185901849e37d540c13f2f6bfba179f640f3ca0abda
cifar10,3,ema_restore,A-B-C-A,blur,2,cifar10_s03_ema_restore_ABCA_blur_v2,0.8662,0.8599,0.006299999999999972,0.8598,0.8599,0.006399999999999961,9.999999999998899e-05,0.72075,0.38379541563987735,0.07570792922228575,38.80146439999953,0.3847089705965187,0.7318427487264706,0.000714144546058194,0.012523600831627846,sha256:9e2b3421ba6d69a632dc52fb30212ee8c61dc22db0a21b228053a8c1f986284b
cifar10,3,ema_restore,A-B-C-A,brightness,1,cifar10_s03_ema_restore_ABCA_brightness_v1,0.8662,0.8599,0.006299999999999972,0.8601,0.86,0.006099999999999994,-0.00019999999999997797,0.8088,0.2824944090008736,0.07570792922228575,48.76993239999865,0.28215866054915173,0.558300955763346,0.0005444657561130516,0.01223816443234682,sha256:7f4759511eeb84f1a7492b219582f2de1b3268f3019a9340b9bf4a00f8125d09
cifar10,3,ema_restore,A-B-C-A,brightness,2,cifar10_s03_ema_restore_ABCA_brightness_v2,0.8662,0.8599,0.006299999999999972,0.8598,0.8599,0.006399999999999961,9.999999999998899e-05,0.8052,0.2886338879942894,0.07570792922228575,28.514961500004574,0.2883523453640032,0.5595916879327991,0.000546127380368512,0.011530295945703983,sha256:3c1ad3a4bf8d21fdd9a9dfe29b344ce8c0add08753253c3ec5dc535c4d8d5fdc
cifar10,3,ema_restore,A-B-C-A,contrast,1,cifar10_s03_ema_restore_ABCA_contrast_v1,0.8662,0.8599,0.006299999999999972,0.8602,0.86,0.006000000000000005,-0.00029999999999996696,0.80805,0.2808366729259491,0.07570792922228575,60.75362640000094,0.2808974588030501,0.562663967850842,0.0005489584353982318,0.012209274806082249,sha256:8c25b1834254ede2894162aee3698809493241add4531ebc2d3b89779ef2fcb3
cifar10,3,ema_restore,A-B-C-A,contrast,2,cifar10_s03_ema_restore_ABCA_contrast_v2,0.8662,0.8599,0.006299999999999972,0.8598,0.8599,0.006399999999999961,9.999999999998899e-05,0.8043,0.2859342369198799,0.07570792922228575,64.28649919999589,0.2860240367583082,0.5694726737616937,0.0005560130296463642,0.011588390916585922,sha256:9779410cae02f7fe6d84b76a2813766b15e7da375bfe9c0e6d8af34544e0caaf
cifar10,3,ema_restore,A-B-C-A,noise,1,cifar10_s03_ema_restore_ABCA_noise_v1,0.8662,0.8599,0.006299999999999972,0.8601,0.8601,0.006099999999999994,-0.00019999999999997797,0.75745,0.34733751871585844,0.07570792922228575,62.33217030000378,0.34768985947476155,0.6705264294449287,0.000655223924189193,0.012444302439689636,sha256:b9b4d43bc2dfab8b26f76a6284220503b52f9181fb7f7981769a903c0ec469e6
cifar10,3,ema_restore,A-B-C-A,noise,2,cifar10_s03_ema_restore_ABCA_noise_v2,0.8662,0.8599,0.006299999999999972,0.8597,0.8599,0.00649999999999995,0.00019999999999997797,0.68005,0.42191277692317963,0.07570792922228575,62.28410380000423,0.4216818004092084,0.7747623569603208,0.0007584485302007274,0.012440393678843975,sha256:24ca28691d7ddc783b2ad7d1f80d61d6cb573d858b06f87c647237f9a27374e9
cifar10,3,ema_restore,A-B-C-A,rotation,1,cifar10_s03_ema_restore_ABCA_rotation_v1,0.8662,0.8599,0.006299999999999972,0.8602,0.8601,0.006000000000000005,-0.00029999999999996696,0.55275,0.47185220637321473,0.07570792922228575,42.99064859999635,0.4721727314629132,0.7823118244922613,0.0007662754892695789,0.012750663794577122,sha256:97d89eaa0d12c6339c8b7ab85828e23be6127610d5325dd1ac98f8c0688fc054
cifar10,3,ema_restore,A-B-C-A,rotation,2,cifar10_s03_ema_restore_ABCA_rotation_v2,0.8662,0.8599,0.006299999999999972,0.8597,0.86,0.00649999999999995,0.00019999999999997797,0.5788,0.44445777835845945,0.07570792922228575,61.26902410000184,0.44473213504386855,0.7470331384411341,0.0007298977384667938,0.012739908881485462,sha256:9acd84be7cb8e6cd50828f3ce3368a3cd99e22f1951c83e49b3d1471628c5e6f
cifar10,3,periodic_reset,A-B-A,blur,1,cifar10_s03_periodic_reset_ABA_blur_v1,0.8662,0.8599,0.006299999999999972,0.8599,0.8601,0.006299999999999972,0.0,0.7682,0.33261862325668334,0.07570792922228575,36.90613940000185,0.33266947050637835,0.65277066713647,0.000802700166130745,0.0023548684548586607,sha256:d04d7eda23013c22f33cb4d00a74ce292fd2ae2e2c51edda71461efdb67cdd49
cifar10,3,periodic_reset,A-B-A,blur,2,cifar10_s03_periodic_reset_ABA_blur_v2,0.8662,0.8599,0.006299999999999972,0.8599,0.8601,0.006299999999999972,0.0,0.6806,0.4267873104095459,0.07570792922228575,15.059552200000326,0.42828644340551353,0.824025082437298,0.001032699173599293,0.003391080070286989,sha256:ea635b4902e3b29ec0169f0188b9395ca4de09a3004192ec15a566ab771e380c
cifar10,3,periodic_reset,A-B-A,brightness,1,cifar10_s03_periodic_reset_ABA_brightness_v1,0.8662,0.8599,0.006299999999999972,0.8599,0.8602,0.006299999999999972,0.0,0.8577,0.22448817753791808,0.07570792922228575,13.668897799994738,0.22347966308080697,0.4593060329745087,0.0005537473369696284,0.0014111604541540146,sha256:a68612121e020064c5ce042e06f8578880cf305df350b80547e95b204dcccb67
cifar10,3,periodic_reset,A-B-A,brightness,2,cifar10_s03_periodic_reset_ABA_brightness_v2,0.8662,0.8599,0.006299999999999972,0.8599,0.8602,0.006299999999999972,0.0,0.8502,0.23530213062763214,0.07570792922228575,38.56662689999939,0.2344166579880292,0.47800205289563047,0.000577624078215206,0.0015566354850307107,sha256:7e5d12103be6a653660d72c93abb04f0773761ec4cd9c40ab1ff4584f8d1bc07
cifar10,3,periodic_reset,A-B-A,contrast,1,cifar10_s03_periodic_reset_ABA_contrast_v1,0.8662,0.8599,0.006299999999999972,0.8599,0.8603,0.006299999999999972,0.0,0.8562,0.22115869808197022,0.07570792922228575,47.14671880000242,0.22094209152686445,0.4679708450655394,0.0005620611729129819,0.001544561586342752,sha256:81805025f96e245ae6a44d82e98938067b3d3a79e75d9abae690ce286b4809ee
cifar10,3,periodic_reset,A-B-A,contrast,2,cifar10_s03_periodic_reset_ABA_contrast_v2,0.8662,0.8599,0.006299999999999972,0.8599,0.8603,0.006299999999999972,0.0,0.8479,0.22990303268432616,0.07570792922228575,45.332235000001674,0.22975967579250095,0.49785661471040943,0.0005980054542121677,0.0017414158210158348,sha256:0b18e6d40f7823bc647d03845fcde80bb299367083ec8f83bc6c12a9137e6c9f
cifar10,3,periodic_reset,A-B-A,noise,1,cifar10_s03_periodic_reset_ABA_noise_v1,0.8662,0.8599,0.006299999999999972,0.86,0.8603,0.006199999999999983,-9.999999999998899e-05,0.7553,0.35443790454864504,0.07570792922228575,43.99845510000159,0.3548060097271883,0.6840999971462202,0.0008278135180803417,0.0025571337901055813,sha256:06d48e53c52ccdf211c3ed3b85589d9063aea62f50ee0a9843481e53d274ecfc
cifar10,3,periodic_reset,A-B-A,noise,2,cifar10_s03_periodic_reset_ABA_noise_v2,0.8662,0.8599,0.006299999999999972,0.8599,0.8603,0.006299999999999972,0.0,0.6,0.5027684267044067,0.07570792922228575,40.45549629999732,0.5020141333718843,0.9094396723976618,0.0011119529453129803,0.0034755461383610964,sha256:8ea62bc5f309bc9a97c4c1f85b1d09317b5ba2c8eb9c55822f0e6632b8cf219d
cifar10,3,periodic_reset,A-B-A,rotation,1,cifar10_s03_periodic_reset_ABA_rotation_v1,0.8662,0.8599,0.006299999999999972,0.86,0.86,0.006199999999999983,-9.999999999998899e-05,0.3459,0.6038227706909179,0.07570792922228575,45.29392579999694,0.6041464790513243,0.9073311731785159,0.0011031083251302472,0.0035451981239020824,sha256:0774484ca6be831557a628f45b02cc1b1c5ea24b0854fddc1269df0922ed4819
cifar10,3,periodic_reset,A-B-A,rotation,2,cifar10_s03_periodic_reset_ABA_rotation_v2,0.8662,0.8599,0.006299999999999972,0.8599,0.8601,0.006299999999999972,0.0,0.3974,0.5478446543693543,0.07570792922228575,47.57040940000297,0.5480872373792189,0.8534671800046028,0.0010527759256973108,0.0034378364216536283,sha256:ebfa61bc75e011229879ae7bc948f30cd574c1d29d2faa9555f369e7217e0410
cifar10,3,periodic_reset,A-B-C-A,blur,1,cifar10_s03_periodic_reset_ABCA_blur_v1,0.8662,0.8599,0.006299999999999972,0.8599,0.8601,0.006299999999999972,0.0,0.76365,0.33721186962127686,0.07570792922228575,53.575178300001426,0.33742074310025083,0.655800648693797,0.0008261678764328385,0.002808383898809552,sha256:cf709ee08ec1237438976136c3070477a653979b523964238a12d45961f8964c
cifar10,3,periodic_reset,A-B-C-A,blur,2,cifar10_s03_periodic_reset_ABCA_blur_v2,0.8662,0.8599,0.006299999999999972,0.8599,0.8601,0.006299999999999972,0.0,0.72035,0.3849956754684448,0.07570792922228575,57.79419670000061,0.3859064494129978,0.7331530406505247,0.0009366563411541519,0.002461486030369997,sha256:9587a4ef5f70a00bf37470f8af9245080646bf8df87679f7ac18d115a08ac65a
cifar10,3,periodic_reset,A-B-C-A,brightness,1,cifar10_s03_periodic_reset_ABCA_brightness_v1,0.8662,0.8599,0.006299999999999972,0.8599,0.8601,0.006299999999999972,0.0,0.8084,0.2831464277982712,0.07570792922228575,56.27630340000178,0.2828256228490721,0.559068576821798,0.0006957186264047823,0.002808383898809552,sha256:88a8dda0170cb5711c92edb5d6d64a9cc50bd4ae8d3f03f640afc7837f887b2b
cifar10,3,periodic_reset,A-B-C-A,brightness,2,cifar10_s03_periodic_reset_ABCA_brightness_v2,0.8662,0.8599,0.006299999999999972,0.8599,0.8601,0.006299999999999972,0.0,0.80515,0.2892533163666725,0.07570792922228575,58.733722700002545,0.28897178493723086,0.5601457347975501,0.0006975083846946636,0.002461486030369997,sha256:889ce4db8163646a44f8d5d9908da77d5e5ebb137cf6d501378bd67e4f878bd1
cifar10,3,periodic_reset,A-B-C-A,contrast,1,cifar10_s03_periodic_reset_ABCA_contrast_v1,0.8662,0.8599,0.006299999999999972,0.8599,0.8601,0.006299999999999972,0.0,0.80765,0.2814820668697357,0.07570792922228575,54.428016800004116,0.2815572116759759,0.5634054422755784,0.000700719855339679,0.002808383898809552,sha256:34fd3b21693352dc1da1464c30bf49ce8e908c3db41691be93936f1c3ef7fd61
cifar10,3,periodic_reset,A-B-C-A,contrast,2,cifar10_s03_periodic_reset_ABCA_contrast_v2,0.8662,0.8599,0.006299999999999972,0.8599,0.8601,0.006299999999999972,0.0,0.804,0.2865541566848755,0.07570792922228575,49.251900100003695,0.28664367881756797,0.5700694341448289,0.0007088685684905187,0.002461486030369997,sha256:bd400f27f392038427a2f14cf176a615b0493b43e083b90a9766aa9982291147
cifar10,3,periodic_reset,A-B-C-A,noise,1,cifar10_s03_periodic_reset_ABCA_noise_v1,0.8662,0.8599,0.006299999999999972,0.8599,0.8601,0.006299999999999972,0.0,0.7572,0.3481215190410614,0.07570792922228575,53.80809650000447,0.3484890213872813,0.6714697425501256,0.0008400047127573009,0.002808383898809552,sha256:9f55da0d4ffc03ed064675c5d8f914624a1019bfa2151298dd55af52d5a09f9d
cifar10,3,periodic_reset,A-B-C-A,noise,2,cifar10_s03_periodic_reset_ABCA_noise_v2,0.8662,0.8599,0.006299999999999972,0.8599,0.8601,0.006299999999999972,0.0,0.68005,0.42298632230758665,0.07570792922228575,48.666592599998694,0.4227703821055497,0.7758508954621568,0.0009768178223785531,0.002461486030369997,sha256:bee3cde4fe4c45f579b9bf1a2ca4825ffc64f6800e532d813e6c7e6a2723d8da
cifar10,3,periodic_reset,A-B-C-A,rotation,1,cifar10_s03_periodic_reset_ABCA_rotation_v1,0.8662,0.8599,0.006299999999999972,0.8599,0.8601,0.006299999999999972,0.0,0.5525,0.4728139057636261,0.07570792922228575,56.168353100001696,0.473159210214132,0.783087554423115,0.0009839056880151429,0.002808383898809552,sha256:c7fd12a864c69b18f6c349d2a15e806810819b5db7f8335bb88d73f26ad9eb63
cifar10,3,periodic_reset,A-B-C-A,rotation,2,cifar10_s03_periodic_reset_ABCA_rotation_v2,0.8662,0.8599,0.006299999999999972,0.8599,0.8601,0.006299999999999972,0.0,0.57875,0.44552533373832703,0.07570792922228575,51.506920799998625,0.44580782176573064,0.7478798371327074,0.0009469906434776332,0.002461486030369997,sha256:ecacb29aaed1156454e0facf99f7e6bee6d39d3ce18ccecd39484afbb86f4f58
cifar10,3,source,A-B-A,blur,1,cifar10_s03_source_ABA_blur_v1,0.8662,0.8662,0.0,0.8662,0.8662,0.0,0.0,0.4986,0.5882804190635681,0.07570792922228575,8.021243000002869,0.5855580689031866,0.0,0.0,0.0,sha256:ba088922f78cb19bf74330242877197c115c48c2c91f5a860bb47f02e30fc94e
cifar10,3,source,A-B-A,blur,2,cifar10_s03_source_ABA_blur_v2,0.8662,0.8662,0.0,0.8662,0.8662,0.0,0.0,0.2601,0.6038360308170319,0.07570792922228575,12.699437699993723,0.6016869526120681,0.0,0.0,0.0,sha256:3c1346c0d5113230f3a9c1200e8705acd565540e662df2e0f4bb72ed60d32b71
cifar10,3,source,A-B-A,brightness,1,cifar10_s03_source_ABA_brightness_v1,0.8662,0.8662,0.0,0.8662,0.8662,0.0,0.0,0.8542,0.25726848800182345,0.07570792922228575,16.84982960000343,0.25537826347200177,0.0,0.0,0.0,sha256:e18b0757ee754502dd514c5aa4c8d9adb50ac1244899f86cdd894a8af47f4f65
cifar10,3,source,A-B-A,brightness,2,cifar10_s03_source_ABA_brightness_v2,0.8662,0.8662,0.0,0.8662,0.8662,0.0,0.0,0.8222,0.30976913583278654,0.07570792922228575,14.591048499998578,0.3081893496498277,0.0,0.0,0.0,sha256:a5ebdb25ee1148a621f9a81d77fc2010f27118b8b3eaa90b46f0c580828ed65d
cifar10,3,source,A-B-A,contrast,1,cifar10_s03_source_ABA_contrast_v1,0.8662,0.8662,0.0,0.8662,0.8662,0.0,0.0,0.8493,0.25120260586738585,0.07570792922228575,14.560957299996517,0.2505021385754211,0.0,0.0,0.0,sha256:648fe40c28e1c41d718db2ed016ac9409062b04e4cf7acc36dd66d8be3fc8406
cifar10,3,source,A-B-A,contrast,2,cifar10_s03_source_ABA_contrast_v2,0.8662,0.8662,0.0,0.8662,0.8662,0.0,0.0,0.7844,0.344554566860199,0.07570792922228575,14.220616500002507,0.34597494556934016,0.0,0.0,0.0,sha256:0b5281199fd2a7732719505c6713425f67a377445d6c62443976f61f166eb94c
cifar10,3,source,A-B-A,noise,1,cifar10_s03_source_ABA_noise_v1,0.8662,0.8662,0.0,0.8662,0.8662,0.0,0.0,0.5967,0.5264564950942994,0.07570792922228575,18.897855499999423,0.5274505619006821,0.0,0.0,0.0,sha256:ee60d95135a0163cd260b0703004cef0ff1c697f8581facb661cf08229c9d5cd
cifar10,3,source,A-B-A,noise,2,cifar10_s03_source_ABA_noise_v2,0.8662,0.8662,0.0,0.8662,0.8662,0.0,0.0,0.2817,0.5986426911354065,0.07570792922228575,16.855604600001243,0.6008381602130358,0.0,0.0,0.0,sha256:95094fc6b5e5930a7967127203585f58bf6ffcbf6b514b3e7d1201386ab55410
cifar10,3,source,A-B-A,rotation,1,cifar10_s03_source_ABA_rotation_v1,0.8662,0.8662,0.0,0.8662,0.8662,0.0,0.0,0.3382,0.75097683467865,0.07570792922228575,12.761184200004209,0.7540751144855837,0.0,0.0,0.0,sha256:f9dfdde383190044f255f7b3619f3222a224dc678a40cb35a77c420cb0a2d6d5
cifar10,3,source,A-B-A,rotation,2,cifar10_s03_source_ABA_rotation_v2,0.8662,0.8662,0.0,0.8662,0.8662,0.0,0.0,0.3812,0.6955331089019775,0.07570792922228575,12.81176200000482,0.6941501090798197,0.0,0.0,0.0,sha256:16334bdb430cdec4bff0bfcc5711471bc463f494764adf0495170991403aec2f
cifar10,3,source,A-B-C-A,blur,1,cifar10_s03_source_ABCA_blur_v1,0.8662,0.8662,0.0,0.8662,0.8662,0.0,0.0,0.6285,0.5006454606533051,0.07570792922228575,20.97052559999429,0.4991678293747238,0.0,0.0,0.0,sha256:eedc16894820b7323bf3c80f35bb12ee9f344157c1c27d3c5eeffc370ad9c9ee
cifar10,3,source,A-B-C-A,blur,2,cifar10_s03_source_ABCA_blur_v2,0.8662,0.8662,0.0,0.8662,0.8662,0.0,0.0,0.50385,0.5177805580615997,0.07570792922228575,21.112117099997704,0.5161332872849477,0.0,0.0,0.0,sha256:cc2593cfa381783651ae0f5f357a35f5d7f21c0b9b92581f647faf5b28b07869
cifar10,3,source,A-B-C-A,brightness,1,cifar10_s03_source_ABCA_brightness_v1,0.8662,0.8662,0.0,0.8662,0.8662,0.0,0.0,0.8063,0.3351394951224327,0.07570792922228575,21.557722400000785,0.33407792665913133,0.0,0.0,0.0,sha256:85bc73cd337d8d235e13c4702324f9ddf26b0bfb2b4ae3c9f1bdfba024871e38
cifar10,3,source,A-B-C-A,brightness,2,cifar10_s03_source_ABCA_brightness_v2,0.8662,0.8662,0.0,0.8662,0.8662,0.0,0.0,0.7849,0.37074711056947707,0.07570792922228575,21.685213500000827,0.36938448580382743,0.0,0.0,0.0,sha256:ab590a9c27665f00f17b3a5491dd8f7075e4e610052502347cf0a31427749147
cifar10,3,source,A-B-C-A,contrast,1,cifar10_s03_source_ABCA_contrast_v1,0.8662,0.8662,0.0,0.8662,0.8662,0.0,0.0,0.80385,0.33210655405521394,0.07570792922228575,8.769817799999146,0.331639864210841,0.0,0.0,0.0,sha256:6afe847994bffad2372fb8f7652723fa7cb614058d691c2bf8b3f3d251958328
cifar10,3,source,A-B-C-A,contrast,2,cifar10_s03_source_ABCA_contrast_v2,0.8662,0.8662,0.0,0.8662,0.8662,0.0,0.0,0.766,0.3881398260831833,0.07570792922228575,21.277778099996794,0.3882772837635837,0.0,0.0,0.0,sha256:d0a0ab57e0798226cbedb18ce40843173f8e54d3b12d73e6015fb2af30062c98
cifar10,3,source,A-B-C-A,noise,1,cifar10_s03_source_ABCA_noise_v1,0.8662,0.8662,0.0,0.8662,0.8662,0.0,0.0,0.67755,0.46973349866867065,0.07570792922228575,5.941590199996426,0.47011407587347154,0.0,0.0,0.0,sha256:2df9febd9d208d222228e9d994c30e5da9a551164ad6f46f1d4ea3b53869eb6b
cifar10,3,source,A-B-C-A,noise,2,cifar10_s03_source_ABCA_noise_v2,0.8662,0.8662,0.0,0.8662,0.8662,0.0,0.0,0.51465,0.5151838882207871,0.07570792922228575,21.29639270000189,0.5157088910854315,0.0,0.0,0.0,sha256:a2ed5cadbcac0a0d49bd9869c2acfabe8fb1f51f0748a188954975d9e157aaff
cifar10,3,source,A-B-C-A,rotation,1,cifar10_s03_source_ABCA_rotation_v1,0.8662,0.8662,0.0,0.8662,0.8662,0.0,0.0,0.5483,0.581993668460846,0.07570792922228575,17.31305390000489,0.5834263521659223,0.0,0.0,0.0,sha256:b48eb6fec2694c01ef3c2a70e21c9268ec72bfb8e43e9a5865c2c4e57413248d
cifar10,3,source,A-B-C-A,rotation,2,cifar10_s03_source_ABCA_rotation_v2,0.8662,0.8662,0.0,0.8662,0.8662,0.0,0.0,0.5644,0.5636290971040726,0.07570792922228575,5.771185700003116,0.5623648655188235,0.0,0.0,0.0,sha256:eb060ac8951f2e0f1d5f39e8d5e7a0b1c750941d18bd28a6dfeb1043cdd90a91
cifar10,3,tent,A-B-A,blur,1,cifar10_s03_tent_ABA_blur_v1,0.8662,0.8599,0.006299999999999972,0.8601,0.8603,0.006099999999999994,-0.00019999999999997797,0.7685,0.33183753099441526,0.07570792922228575,56.48756129999674,0.33189271861993813,0.6520789371261114,0.0006520794520355007,0.012969923205673695,sha256:d653b3341f07896f05591af1be15dba579af90199533561023ec6549d0ec74e2
cifar10,3,tent,A-B-A,blur,2,cifar10_s03_tent_ABA_blur_v2,0.8662,0.8599,0.006299999999999972,0.8601,0.8602,0.006099999999999994,-0.00019999999999997797,0.6814,0.4249522535324097,0.07570792922228575,46.38555419999466,0.4264448145522347,0.8216102923019023,0.0008216111550897454,0.019252650439739227,sha256:e429da90339804286e6a9d422922f0a74011020b3f55f5adc3c0257acf121a4d
cifar10,3,tent,A-B-A,brightness,1,cifar10_s03_tent_ABA_brightness_v1,0.8662,0.8599,0.006299999999999972,0.8601,0.8603,0.006099999999999994,-0.00019999999999997797,0.8578,0.2243005917072296,0.07570792922228575,52.25200049999694,0.22328812619553337,0.4591771511337425,0.0004591778826257332,0.007076581474393606,sha256:63f3e9a3281252e7fbb8f1d1f490c985cd0f0bfcccf552062d7bc078702f370d
cifar10,3,tent,A-B-A,brightness,2,cifar10_s03_tent_ABA_brightness_v2,0.8662,0.8599,0.006299999999999972,0.8601,0.8602,0.006099999999999994,-0.00019999999999997797,0.8504,0.23510085644721984,0.07570792922228575,27.03351929999917,0.23421017108838768,0.4778793925725961,0.0004778798029292375,0.007469349540770054,sha256:90ada78be4d32f520cbf11752d0312786cc12c4b0cd16ffcf6f60f8e97f377aa
cifar10,3,tent,A-B-A,contrast,1,cifar10_s03_tent_ABA_contrast_v1,0.8662,0.8599,0.006299999999999972,0.86,0.8604,0.006199999999999983,-9.999999999998899e-05,0.8563,0.22098845019340516,0.07570792922228575,56.527295500003675,0.220769156572185,0.4678750332397751,0.000467875393629192,0.006916079670190811,sha256:2ccb6fec769cdd2015b394e44881da6000929911a76ef3407a687e37dd7baa95
cifar10,3,tent,A-B-A,contrast,2,cifar10_s03_tent_ABA_contrast_v2,0.8662,0.8599,0.006299999999999972,0.86,0.8604,0.006199999999999983,-9.999999999998899e-05,0.8478,0.2297235026359558,0.07570792922228575,56.6480922999981,0.2295754525480391,0.4976962050305137,0.0004976963310478891,0.007258645724505186,sha256:469b8fe5613614a43f5a614cc2575a3efb4d19a71508127cc528aafbda4c0120
cifar10,3,tent,A-B-A,noise,1,cifar10_s03_tent_ABA_noise_v1,0.8662,0.8599,0.006299999999999972,0.8601,0.8605,0.006099999999999994,-0.00019999999999997797,0.7553,0.3538097896575928,0.07570792922228575,52.622578800001065,0.3541780057587201,0.6833366095265255,0.00068333686205641,0.01210307702422142,sha256:3b1f7786b4f1c30182b0f72452e93a390b837591226c80d0526409c8c640d7f5
cifar10,3,tent,A-B-A,noise,2,cifar10_s03_tent_ABA_noise_v2,0.8662,0.8599,0.006299999999999972,0.8602,0.8605,0.006000000000000005,-0.00029999999999996696,0.601,0.501223343706131,0.07570792922228575,52.700440000000526,0.5004293609269058,0.9076816960226132,0.0009076825882414285,0.018378635868430138,sha256:376becca9fa81f07d0f0126ee5f45ceee52f3b0864a9aaa233f14b4d661cf7c7
cifar10,3,tent,A-B-A,rotation,1,cifar10_s03_tent_ABA_rotation_v1,0.8662,0.8599,0.006299999999999972,0.8601,0.8603,0.006099999999999994,-0.00019999999999997797,0.3467,0.6026702686309815,0.07570792922228575,57.17353439999715,0.6029555624044394,0.9069300686256795,0.0009069301260199068,0.016532475128769875,sha256:5bb91786ee6da7405f44f5d77410e2f579b9ae441ab054ca33ecf713f580d7f1
cifar10,3,tent,A-B-A,rotation,2,cifar10_s03_tent_ABA_rotation_v2,0.8662,0.8599,0.006299999999999972,0.8606,0.8606,0.005599999999999938,-0.0007000000000000339,0.3975,0.546582900428772,0.07570792922228575,55.97225729999627,0.5467868971673748,0.852651869194417,0.0008526512523346781,0.016957195475697517,sha256:05ab425faef122e27480d0bfa08ce8b536da92a19bb8d639e0c0ba9801c3e605
cifar10,3,tent,A-B-C-A,blur,1,cifar10_s03_tent_ABCA_blur_v1,0.8662,0.8599,0.006299999999999972,0.8601,0.8601,0.006099999999999994,-0.00019999999999997797,0.76405,0.3360365370750427,0.07570792922228575,18.54410420000204,0.3362322682632676,0.6546576058940042,0.000654658023599547,0.021827491000294685,sha256:576d5db7fb13a07b3862cfd78f82a3c81f046611b548d642c6672202e52756f6
cifar10,3,tent,A-B-C-A,blur,2,cifar10_s03_tent_ABCA_blur_v2,0.8662,0.8599,0.006299999999999972,0.8597,0.86,0.00649999999999995,0.00019999999999997797,0.7205,0.3834011839389801,0.07570792922228575,49.86559920000582,0.3843177592829813,0.7313125374950941,0.0007313127858605519,0.025115273892879486,sha256:c2ea20a024230a6e28a9807328e339104aa99c2fb9a66470b3c1225c87fc17f3
cifar10,3,tent,A-B-C-A,brightness,1,cifar10_s03_tent_ABCA_brightness_v1,0.8662,0.8599,0.006299999999999972,0.8602,0.8602,0.006000000000000005,-0.00029999999999996696,0.80875,0.2822251652479172,0.07570792922228575,54.986788800000795,0.28187895811434033,0.5581221471104441,0.0005581224605417515,0.019378390163183212,sha256:bc250b3ea006a253e88ad996b2212efb7fe49dbb731e1a6e3f10b3ce663c44ce
cifar10,3,tent,A-B-C-A,brightness,2,cifar10_s03_tent_ABCA_brightness_v2,0.8662,0.8599,0.006299999999999972,0.8597,0.8598,0.00649999999999995,0.00019999999999997797,0.8055,0.2883737153291702,0.07570792922228575,65.97986780000065,0.28809299452018133,0.5593923147343383,0.0005593924608915643,0.01874988153576851,sha256:edd4a6742ddbb8101f45c86656a70d5fa0128c032e4cdf8e0b21fcbf237cb7a1
cifar10,3,tent,A-B-C-A,contrast,1,cifar10_s03_tent_ABCA_contrast_v1,0.8662,0.8599,0.006299999999999972,0.8602,0.8603,0.006000000000000005,-0.00029999999999996696,0.80795,0.28056914324760435,0.07570792922228575,60.511434899999585,0.280619534887845,0.5624955600198311,0.0005624957118902496,0.01929888315498829,sha256:35164451c3340e62101a003462164f6386bdcf1e11ae3f3fdd96a302d268160e
cifar10,3,tent,A-B-C-A,contrast,2,cifar10_s03_tent_ABCA_contrast_v2,0.8662,0.8599,0.006299999999999972,0.8597,0.8598,0.00649999999999995,0.00019999999999997797,0.80405,0.2856587416410446,0.07570792922228575,59.64472789999854,0.2857482131523422,0.5692052490349058,0.0005692053303311143,0.01888248138129711,sha256:8ff66d63ba5eb82cb9f793d567b3a7511a6bb3052ab85df0f8f285104fa49eb9
cifar10,3,tent,A-B-C-A,noise,1,cifar10_s03_tent_ABCA_noise_v1,0.8662,0.8599,0.006299999999999972,0.8604,0.8601,0.005799999999999916,-0.000500000000000056,0.75735,0.3470527289867401,0.07570792922228575,65.57984719999513,0.3473932863790778,0.6702565060386175,0.0006702565801730734,0.021188240498304367,sha256:00a44113124558d7042674273fedb8a45e4edc5603b215e092b5e02118386064
cifar10,3,tent,A-B-C-A,noise,2,cifar10_s03_tent_ABCA_noise_v2,0.8662,0.8599,0.006299999999999972,0.8599,0.86,0.006299999999999972,0.0,0.6799,0.4215250325918198,0.07570792922228575,63.0613228000002,0.4212819003983389,0.7744735864144338,0.0007744739683126866,0.024637751281261444,sha256:aa9af4167c8e4778be28ea3bc9160842961ccafeea0a6d8d42a78e2760e14651
cifar10,3,tent,A-B-C-A,rotation,1,cifar10_s03_tent_ABCA_rotation_v1,0.8662,0.8599,0.006299999999999972,0.8603,0.8604,0.005900000000000016,-0.00039999999999995595,0.5529,0.47152213482856753,0.07570792922228575,62.825529599998845,0.47183248570448233,0.7823908055507685,0.0007823905640479201,0.023665068671107292,sha256:8cc990e24a709aaa68e947ca543c6a6ac8cb4b1d97b3964400b4d3c93e30f510
cifar10,3,tent,A-B-C-A,rotation,2,cifar10_s03_tent_ABCA_rotation_v2,0.8662,0.8599,0.006299999999999972,0.8603,0.8602,0.005900000000000016,-0.00039999999999995595,0.5786,0.4440097058773041,0.07570792922228575,63.45844720000605,0.44428399186345596,0.7467634421360644,0.0007467630703909959,0.024757934734225273,sha256:21f15b2423d15e5c9d5fc78fbd71bc262b90f95cc4fe5672100aafdd9784577e
cifar10,4,anchor,A-B-A,blur,1,cifar10_s04_anchor_ABA_blur_v1,0.8571,0.849,0.008099999999999996,0.8492,0.8495,0.007900000000000018,-0.00019999999999997797,0.7656,0.3316316325187683,0.08018499542325735,54.8385918,0.3311572691685037,0.6259037935281102,0.0006259030734683988,0.011793049983680248,sha256:747352c36a3ef6241707c8ec1f3543e5054277ce5da88f5a25c4032a3ed20f9d
cifar10,4,anchor,A-B-A,blur,2,cifar10_s04_anchor_ABA_blur_v2,0.8571,0.849,0.008099999999999996,0.8496,0.8497,0.007499999999999951,-0.0006000000000000449,0.6802,0.4223009130001068,0.08018499542325735,54.688100500000004,0.4226932751981518,0.7605749715732623,0.0007605751220408026,0.017479797825217247,sha256:19b69748a8c13eba36707bdcfe9dbc57cf59e40e85db2ba4ad54be5b0174558b
cifar10,4,anchor,A-B-A,brightness,1,cifar10_s04_anchor_ABA_brightness_v1,0.8571,0.849,0.008099999999999996,0.8492,0.8493,0.007900000000000018,-0.00019999999999997797,0.8474,0.23199569959640504,0.08018499542325735,89.01175240000157,0.23081075070025045,0.468287472483478,0.0004682876854910975,0.006696339696645737,sha256:92ea4e614e39b8969e31fb9ae8590fc14d42c87085119b4c65d4bc85f85cdf73
cifar10,4,anchor,A-B-A,brightness,2,cifar10_s04_anchor_ABA_brightness_v2,0.8571,0.849,0.008099999999999996,0.8491,0.8492,0.008000000000000007,-9.999999999998899e-05,0.8395,0.2408050094127655,0.08018499542325735,89.57540549999976,0.23967077592505684,0.48587522702881053,0.0004858755642147381,0.007236454635858536,sha256:67a7c0163154074e6a6e6020fc8c8df4409cec83e8ca1612d51ff5598aca6c20
cifar10,4,anchor,A-B-A,contrast,1,cifar10_s04_anchor_ABA_contrast_v1,0.8571,0.849,0.008099999999999996,0.849,0.8495,0.008099999999999996,0.0,0.8451,0.2300564176559448,0.08018499542325735,54.77323720000001,0.2291359035651895,0.480053950336915,0.00048005347003087493,0.006832979153841734,sha256:b4be981a606c3b0718c88427d07cc78cc2cd962567c6b8c2ca6cc8774722dcff
cifar10,4,anchor,A-B-A,contrast,2,cifar10_s04_anchor_ABA_contrast_v2,0.8571,0.849,0.008099999999999996,0.849,0.8493,0.008099999999999996,0.0,0.8295,0.2414625346660614,0.08018499542325735,54.758175399999985,0.24030125273179404,0.5095148437385317,0.0005095153236525912,0.007274029776453972,sha256:ffe8ba53b897cbe57118790419c250111747189b4223c811e16927c82b9b7cfd
cifar10,4,anchor,A-B-A,noise,1,cifar10_s04_anchor_ABA_noise_v1,0.8571,0.849,0.008099999999999996,0.8495,0.8494,0.00759999999999994,-0.000500000000000056,0.759,0.3392028515815735,0.08018499542325735,80.716857600004,0.3397449287055414,0.6523831260355213,0.0006523826793189856,0.012137596495449543,sha256:f11663242133d7fdc6846b03d6f2836c08ee0bab2577aa6c50edfc00bdde0438
cifar10,4,anchor,A-B-A,noise,2,cifar10_s04_anchor_ABA_noise_v2,0.8571,0.849,0.008099999999999996,0.8492,0.8493,0.007900000000000018,-0.00019999999999997797,0.6068,0.48221065587997436,0.08018499542325735,83.99051529999997,0.4814457568941237,0.8448113120054896,0.0008448121289699043,0.01638740301132202,sha256:ab0f5dbfd37aaa949961f048371a132571b316ea8ea3b08f421015bbdf9dda93
cifar10,4,anchor,A-B-A,rotation,1,cifar10_s04_anchor_ABA_rotation_v1,0.8571,0.849,0.008099999999999996,0.8495,0.8496,0.00759999999999994,-0.000500000000000056,0.3304,0.6193497924804687,0.08018499542325735,55.36928419999998,0.6208320629747608,0.8841381782217871,0.0008841384706217088,0.01624007150530815,sha256:4f9e398b38afefdb82679f020b855ed056f45c50ae13c3a2ab4a8293636fc743
cifar10,4,anchor,A-B-A,rotation,2,cifar10_s04_anchor_ABA_rotation_v2,0.8571,0.849,0.008099999999999996,0.8494,0.8498,0.007699999999999929,-0.00040000000000006697,0.3916,0.5570048176765442,0.08018499542325735,55.4352332,0.558200623792938,0.8361813735358322,0.0008361821830614552,0.01629311591386795,sha256:bf53189690d065f985d9846ff78e8a0783ad51c0c19205603733362e49846d01
cifar10,4,anchor,A-B-C-A,blur,1,cifar10_s04_anchor_ABCA_blur_v1,0.8571,0.849,0.008099999999999996,0.8491,0.8492,0.008000000000000007,-9.999999999998899e-05,0.7532,0.3458137369632721,0.08018499542325735,70.61090519999999,0.34639304697136336,0.6459944859335695,0.0006459940724440296,0.021166399121284485,sha256:5689ba3d312cfaae7064fd5a706a4afcf6ad418436613a915c1c24c543ba707b
cifar10,4,anchor,A-B-C-A,blur,2,cifar10_s04_anchor_ABCA_blur_v2,0.8571,0.849,0.008099999999999996,0.8493,0.8492,0.007799999999999918,-0.000300000000000078,0.7074,0.39117193479537965,0.08018499542325735,70.49998879999998,0.39117133598538895,0.7012240128426612,0.0007012238043737657,0.02237592078745365,sha256:bdf72ff896f32e16d03b9b1e942bc86e7fb7f4a4d6eece969e7f223d01b46315
cifar10,4,anchor,A-B-C-A,brightness,1,cifar10_s04_anchor_ABCA_brightness_v1,0.8571,0.849,0.008099999999999996,0.849,0.8492,0.008099999999999996,0.0,0.7944,0.2959388880252838,0.08018499542325735,71.83954310000001,0.2961514619520948,0.5673603638063504,0.0005673608588661905,0.019401144236326218,sha256:4b91b6d2419b3b1df4265582c944fe1a77a8114ccf457b53e4d967daf5e7f0f1
cifar10,4,anchor,A-B-C-A,brightness,2,cifar10_s04_anchor_ABCA_brightness_v2,0.8571,0.849,0.008099999999999996,0.8493,0.8492,0.007799999999999918,-0.000300000000000078,0.78735,0.30033067910671235,0.08018499542325735,71.71564059999997,0.2995745838631558,0.5638123701644849,0.0005638119484639809,0.016589637845754623,sha256:4d738e1f2f207054a04983ceda5b10afe838e9870f71918a77eda210f062a683
cifar10,4,anchor,A-B-C-A,contrast,1,cifar10_s04_anchor_ABCA_contrast_v1,0.8571,0.849,0.008099999999999996,0.849,0.8492,0.008099999999999996,0.0,0.7932,0.2949828951358795,0.08018499542325735,63.29847969999997,0.29532957425977613,0.573297484200212,0.0005732972756591095,0.019322644919157028,sha256:2b1a02c91cc5436a698df5ce9d0bfe600ddd44174c4d7edd53dbb5a930d9bb18
cifar10,4,anchor,A-B-C-A,contrast,2,cifar10_s04_anchor_ABCA_contrast_v2,0.8571,0.849,0.008099999999999996,0.8493,0.8494,0.007799999999999918,-0.000300000000000078,0.78235,0.30063073289394376,0.08018499542325735,63.30572509999996,0.2998606933257248,0.5756180352425273,0.0005756184853660532,0.016890112310647964,sha256:9730ea154c92f87aea55fef019edf757df3c3e036c0f5471717d93a2f4a4f69f
cifar10,4,anchor,A-B-C-A,noise,1,cifar10_s04_anchor_ABCA_noise_v1,0.8571,0.849,0.008099999999999996,0.8492,0.8496,0.007900000000000018,-0.00019999999999997797,0.7499,0.34961894011497496,0.08018499542325735,64.4826411,0.35069609980417205,0.6592866197417054,0.0006592864512548417,0.021300213411450386,sha256:87ab61ab814aacb32cd181765d63018a6c46a9940dc321c436938065fe585028
cifar10,4,anchor,A-B-C-A,noise,2,cifar10_s04_anchor_ABCA_noise_v2,0.8571,0.849,0.008099999999999996,0.8493,0.8494,0.007799999999999918,-0.000300000000000078,0.67065,0.421024613904953,0.08018499542325735,64.4826841,0.4204340203653408,0.743301813361011,0.0007433023972766875,0.022359080612659454,sha256:1c1d4e9b90e35aa335779b5535097568906b17a4388fc98b7bfa951c60d8c86f
cifar10,4,anchor,A-B-C-A,rotation,1,cifar10_s04_anchor_ABCA_rotation_v1,0.8571,0.849,0.008099999999999996,0.8494,0.8494,0.007699999999999929,-0.00040000000000006697,0.53545,0.48968239488601684,0.08018499542325735,61.93079970000002,0.49123126079764545,0.7753662927241265,0.000775366198180149,0.02393018826842308,sha256:712aa3616dfb996b0e4fde298a6eab6e151de5e8d61ea9cc700490d556d4b8f2
cifar10,4,anchor,A-B-C-A,rotation,2,cifar10_s04_anchor_ABCA_rotation_v2,0.8571,0.849,0.008099999999999996,0.849,0.8492,0.008099999999999996,0.0,0.5628,0.4583624727725983,0.08018499542325735,62.02095929999996,0.4587636803147159,0.7389078913610193,0.0007389083149536407,0.0226135291159153,sha256:57828168e4114c112d48c7f10f123c9d80070457df50074db427ae8e503aed66
cifar10,4,ema_restore,A-B-A,blur,1,cifar10_s04_ema_restore_ABA_blur_v1,0.8571,0.849,0.008099999999999996,0.8491,0.8492,0.008000000000000007,-9.999999999998899e-05,0.7657,0.3317759546279907,0.08018499542325735,40.47024279999994,0.33130352274526526,0.6261239474332785,0.000613762381121139,0.008211277425289154,sha256:13da0c37821e8a62bdbd8f1c1ede6fdbf1200812d26cc59ff015092041b9af45
cifar10,4,ema_restore,A-B-A,blur,2,cifar10_s04_ema_restore_ABA_blur_v2,0.8571,0.849,0.008099999999999996,0.849,0.8493,0.008099999999999996,0.0,0.6803,0.4226469005584717,0.08018499542325735,40.466399300000035,0.42305535115773163,0.761000753958014,0.0007407314503636164,0.012065384536981583,sha256:2d36edd4b46d26cd0f1a8d12e740eb1cb838b8648cda46db1d9785e73b3420ae
cifar10,4,ema_restore,A-B-A,brightness,1,cifar10_s04_ema_restore_ABA_brightness_v1,0.8571,0.849,0.008099999999999996,0.8491,0.8495,0.008000000000000007,-9.999999999998899e-05,0.8474,0.23203447299003602,0.08018499542325735,41.401577799999984,0.23085022123554086,0.4682699392867994,0.00046187356671412725,0.004726341925561428,sha256:2f4884006c697b4439d506c42ee6446eb86dffccf8a41a6b6f8b669311a81143
cifar10,4,ema_restore,A-B-A,brightness,2,cifar10_s04_ema_restore_ABA_brightness_v2,0.8571,0.849,0.008099999999999996,0.8491,0.8492,0.008000000000000007,-9.999999999998899e-05,0.8396,0.24085076265335084,0.08018499542325735,41.348227699999995,0.23971771741215187,0.48588415188125417,0.00047894931085926443,0.0050659761764109135,sha256:55356c4ddb551f5725b7e9db35dc823034abf86e91b7ef9aff872af1c8561be7
cifar10,4,ema_restore,A-B-A,contrast,1,cifar10_s04_ema_restore_ABA_contrast_v1,0.8571,0.849,0.008099999999999996,0.8491,0.8494,0.008000000000000007,-9.999999999998899e-05,0.8449,0.23009382691383362,0.08018499542325735,48.00159430000002,0.2291741557890856,0.480042499077471,0.000473562329992817,0.0047858902253210545,sha256:02d7f3a30f76eac1748e198e7e301e328ee441045ab17017e0bbf580bf524b0e
cifar10,4,ema_restore,A-B-A,contrast,2,cifar10_s04_ema_restore_ABA_contrast_v2,0.8571,0.849,0.008099999999999996,0.849,0.8493,0.008099999999999996,0.0,0.8295,0.24150606100559235,0.08018499542325735,48.058126000000016,0.2403442631416683,0.509561099206345,0.0005025907914755465,0.0050702523440122604,sha256:de37776ba16b7586d6413862fc368b8911b28e63be79f7dfe32ea614859a16f9
cifar10,4,ema_restore,A-B-A,noise,1,cifar10_s04_ema_restore_ABA_noise_v1,0.8571,0.849,0.008099999999999996,0.8494,0.8494,0.007699999999999929,-0.00040000000000006697,0.7588,0.33935640888214114,0.08018499542325735,49.48903419999999,0.3399090334961686,0.6525478121600573,0.0006400405877281594,0.008464287035167217,sha256:4b38abba7e49ba2eef8545a03165002e7205329aafb6b7f2390ed6fa4c52cb53
cifar10,4,ema_restore,A-B-A,noise,2,cifar10_s04_ema_restore_ABA_noise_v2,0.8571,0.849,0.008099999999999996,0.8494,0.8494,0.007699999999999929,-0.00040000000000006697,0.6067,0.48249839000701905,0.08018499542325735,49.384925899999985,0.48173197500313386,0.8453269336797014,0.0008278000610585832,0.0113521758466959,sha256:35c239d17c573bd18cbaa23c99bfb137951c980b0cc2e386e796bf3d90e00f74
cifar10,4,ema_restore,A-B-A,rotation,1,cifar10_s04_ema_restore_ABA_rotation_v1,0.8571,0.849,0.008099999999999996,0.8493,0.8494,0.007799999999999918,-0.000300000000000078,0.3301,0.61961950340271,0.08018499542325735,46.86700500000006,0.6211084753652162,0.8842615304113943,0.0008673906721221872,0.011242402717471123,sha256:936a859c77f39cbf07ce84afeac83ce3d2972074ec2b7be0665c8f9301ceb821
cifar10,4,ema_restore,A-B-A,rotation,2,cifar10_s04_ema_restore_ABA_rotation_v2,0.8571,0.849,0.008099999999999996,0.8489,0.8494,0.008199999999999985,9.999999999998899e-05,0.3915,0.5572939329147338,0.08018499542325735,47.355795899999976,0.5584943724583976,0.8362258016308651,0.0008187782265469903,0.011388463899493217,sha256:bc3fce511054c37b30b6faf3f29038f88142b82b33ca603da5e988b25a73359d
cifar10,4,ema_restore,A-B-C-A,blur,1,cifar10_s04_ema_restore_ABCA_blur_v1,0.8571,0.849,0.008099999999999996,0.849,0.8492,0.008099999999999996,0.0,0.75305,0.34608826141357424,0.08018499542325735,55.39013609999995,0.34667552243682404,0.6463480489917949,0.000630866179148419,0.012607974000275135,sha256:23e252ccf923cfc118f3bb04e7d09e733dd55735edfa236556e1d9536394109f
cifar10,4,ema_restore,A-B-C-A,blur,2,cifar10_s04_ema_restore_ABCA_blur_v2,0.8571,0.849,0.008099999999999996,0.8491,0.8491,0.008000000000000007,-9.999999999998899e-05,0.70745,0.3914816225528717,0.08018499542325735,55.72560670000007,0.3914937082725235,0.7015111540691762,0.0006867305805193425,0.010800952091813087,sha256:59efdce2bba517a6d90dda416b0bcf62efe991ba25a44e091f0b4dde54345eca
cifar10,4,ema_restore,A-B-C-A,brightness,1,cifar10_s04_ema_restore_ABCA_brightness_v1,0.8571,0.849,0.008099999999999996,0.8489,0.849,0.008199999999999985,9.999999999998899e-05,0.7942,0.29619941999912264,0.08018499542325735,57.16693520000001,0.29642777993709224,0.5675095947860163,0.0005538485099891602,0.012427019886672497,sha256:70e3bb6032ee6d533b82c6ac674f9dd58fea2a34f70597c363d8bfd3badfa8ca
cifar10,4,ema_restore,A-B-C-A,brightness,2,cifar10_s04_ema_restore_ABCA_brightness_v2,0.8571,0.849,0.008099999999999996,0.849,0.8493,0.008099999999999996,0.0,0.7873,0.3005363902568817,0.08018499542325735,57.88122049999993,0.29978040162521075,0.5639367552497719,0.0005528550124226162,0.009876424446702003,sha256:ba4bdae0db3c6e5a4bf36633aaf6a1a3fff376c942cf4c3cc7d022c92aae28d9
cifar10,4,ema_restore,A-B-C-A,contrast,1,cifar10_s04_ema_restore_ABCA_contrast_v1,0.8571,0.849,0.008099999999999996,0.8489,0.8491,0.008199999999999985,9.999999999998899e-05,0.7929,0.2952307525873184,0.08018499542325735,55.33927599999993,0.2955919063732594,0.5734129423582102,0.0005597652080159375,0.012402516789734364,sha256:728518ac00b525552e0d002381958156ba43a3b627c059b3e1c56c2894f6b071
cifar10,4,ema_restore,A-B-C-A,contrast,2,cifar10_s04_ema_restore_ABCA_contrast_v2,0.8571,0.849,0.008099999999999996,0.8491,0.8492,0.008000000000000007,-9.999999999998899e-05,0.7822,0.3008443376660347,0.08018499542325735,55.27590900000007,0.30007431769295584,0.5757806585936607,0.0005644990368510443,0.009981035254895687,sha256:93be786e313ccc7e7f85c83eb36ec59aa27efc13dde72eef01d2f0c9208759d7
cifar10,4,ema_restore,A-B-C-A,noise,1,cifar10_s04_ema_restore_ABCA_noise_v1,0.8571,0.849,0.008099999999999996,0.8489,0.849,0.008199999999999985,9.999999999998899e-05,0.74985,0.3498871382236481,0.08018499542325735,53.71730610000009,0.35098252105939237,0.6595428706724432,0.0006441290573588325,0.012662813998758793,sha256:0e95ffe845cea7dd7bbfd13cd553a695fd76dc8425a7e866e7c05f1fe91bd9db
cifar10,4,ema_restore,A-B-C-A,noise,2,cifar10_s04_ema_restore_ABCA_noise_v2,0.8571,0.849,0.008099999999999996,0.8492,0.8491,0.007900000000000018,-0.00019999999999997797,0.6707,0.42135968172550203,0.08018499542325735,54.02785540000002,0.4207814211332345,0.7435069551950768,0.0007292064359187609,0.010964341461658478,sha256:4647a90d13722090d691c7ffdb072242420ee4a68ff925cfa739eb84bce670d6
cifar10,4,ema_restore,A-B-C-A,rotation,1,cifar10_s04_ema_restore_ABCA_rotation_v1,0.8571,0.849,0.008099999999999996,0.849,0.8492,0.008099999999999996,0.0,0.5354,0.49001088581085206,0.08018499542325735,51.75678460000006,0.4915762864336183,0.7755093593386155,0.0007589439197614365,0.013095543719828129,sha256:6bea52929e1da87bfb316cf2bff4996638b08142b2e69a32286ba6264574b5c4
cifar10,4,ema_restore,A-B-C-A,rotation,2,cifar10_s04_ema_restore_ABCA_rotation_v2,0.8571,0.849,0.008099999999999996,0.8489,0.849,0.008199999999999985,9.999999999998899e-05,0.56305,0.4587276235580444,0.08018499542325735,51.14240559999996,0.4591355512413797,0.7390594248530231,0.0007244772506182235,0.01114017702639103,sha256:21acb355aa8a1df7869ae93a7284cecd24452a4dfa918d2ba326568b16269a3b
cifar10,4,periodic_reset,A-B-A,blur,1,cifar10_s04_periodic_reset_ABA_blur_v1,0.8571,0.849,0.008099999999999996,0.849,0.8492,0.008099999999999996,0.0,0.7653,0.33225095386505127,0.08018499542325735,37.46805959999995,0.33178280576874936,0.6266229688366757,0.0007645858288153157,0.002259391825646162,sha256:cbaac0f28490ba7702cbcd4d52ad8b82bd1015433dd90e5c6739274aeb65c2f4
cifar10,4,periodic_reset,A-B-A,blur,2,cifar10_s04_periodic_reset_ABA_blur_v2,0.8571,0.849,0.008099999999999996,0.849,0.8493,0.008099999999999996,0.0,0.6797,0.42376720728874206,0.08018499542325735,38.196140000000014,0.4241976707796507,0.7622083342528041,0.0009490973294028847,0.0027798733208328485,sha256:f9d5b9f7408043c20cdf39ee55c95443100a0364c2b72fe0837faa91555ef7de
cifar10,4,periodic_reset,A-B-A,brightness,1,cifar10_s04_periodic_reset_ABA_brightness_v1,0.8571,0.849,0.008099999999999996,0.8491,0.8492,0.008000000000000007,-9.999999999998899e-05,0.8473,0.2321503348827362,0.08018499542325735,36.3418719,0.2309689404843729,0.468255159221118,0.0005609799416653246,0.0016080597415566444,sha256:f8e319ed5249bf708287bd74745b935b25e6a0a62c2d95dfb09ed17d8ade6cd9
cifar10,4,periodic_reset,A-B-A,brightness,2,cifar10_s04_periodic_reset_ABA_brightness_v2,0.8571,0.849,0.008099999999999996,0.8492,0.8489,0.007900000000000018,-0.00019999999999997797,0.8395,0.24099344398975373,0.08018499542325735,36.63573840000004,0.23986347679850423,0.4859617835358728,0.0005813119719335455,0.0017065565334632993,sha256:0d280786aa88a57d14d0a4374d14346dd3de86eef3a9b3b2302db046218b048f
cifar10,4,periodic_reset,A-B-A,contrast,1,cifar10_s04_periodic_reset_ABA_contrast_v1,0.8571,0.849,0.008099999999999996,0.8491,0.8489,0.008000000000000007,-9.999999999998899e-05,0.8449,0.2302130934715271,0.08018499542325735,36.57300479999992,0.22929592807836172,0.4800632588471038,0.0005754704047082864,0.0016879957402125,sha256:fb0b6733e1808ec7d362a144c9144e68282496688690e4b2a4fa061998bb8190
cifar10,4,periodic_reset,A-B-A,contrast,2,cifar10_s04_periodic_reset_ABA_contrast_v2,0.8571,0.849,0.008099999999999996,0.849,0.849,0.008099999999999996,0.0,0.8295,0.2416447107553482,0.08018499542325735,37.37113480000005,0.2404833762328836,0.5096645200554328,0.0006127472501984927,0.0017683260375633836,sha256:2425c6ea721b06a247539363547ad99b93d92d8ef49948ad3d773bab6617eff1
cifar10,4,periodic_reset,A-B-A,noise,1,cifar10_s04_periodic_reset_ABA_noise_v1,0.8571,0.849,0.008099999999999996,0.8491,0.8492,0.008000000000000007,-9.999999999998899e-05,0.7581,0.3398243276119232,0.08018499542325735,35.773570399999926,0.34039561620241476,0.6531282768973822,0.0007955921943523461,0.002455963985994458,sha256:c643bd2536b6963cbf68389ce1610368a84c0fa435e14f44da4fd943e38e85ca
cifar10,4,periodic_reset,A-B-A,noise,2,cifar10_s04_periodic_reset_ABA_noise_v2,0.8571,0.849,0.008099999999999996,0.8493,0.8492,0.007799999999999918,-0.000300000000000078,0.6063,0.4834294506072998,0.08018499542325735,36.36153619999993,0.48265705267085307,0.8465191193773777,0.0010402630476717236,0.003236321499571204,sha256:58e500729afc744c1d97535387c511262a281d99d960eecf550da4a51c0b86b9
cifar10,4,periodic_reset,A-B-A,rotation,1,cifar10_s04_periodic_reset_ABA_rotation_v1,0.8571,0.849,0.008099999999999996,0.8492,0.8494,0.007900000000000018,-0.00019999999999997797,0.3296,0.6204884618759156,0.08018499542325735,36.499251900000104,0.6219856882397132,0.8845293363438377,0.0010816940029823704,0.0032406954560428858,sha256:7fa87d4e837a14f6252fc832a8c92a023c3a9155d8356343ea4130a5f8f9995f
cifar10,4,periodic_reset,A-B-A,rotation,2,cifar10_s04_periodic_reset_ABA_rotation_v2,0.8571,0.849,0.008099999999999996,0.8492,0.8495,0.007900000000000018,-0.00019999999999997797,0.3912,0.5582040908813477,0.08018499542325735,36.63557419999995,0.5594109474103662,0.8369035245497015,0.0010219185120909464,0.0032941161189228296,sha256:c529bf88f2460a7e73530230646691c9a6bcbe7730c672e35db8f8b00f2e04d0
cifar10,4,periodic_reset,A-B-C-A,blur,1,cifar10_s04_periodic_reset_ABCA_blur_v1,0.8571,0.849,0.008099999999999996,0.8492,0.8494,0.007900000000000018,-0.00019999999999997797,0.7528,0.34689408226013185,0.08018499542325735,56.158467900000005,0.3474990502942967,0.6471394240101681,0.0008113502765728656,0.003118142718449235,sha256:44457be1ad4977c62400aa21c25332686cd1d3eb7037f9f26e22c94ec61572cd
cifar10,4,periodic_reset,A-B-C-A,blur,2,cifar10_s04_periodic_reset_ABCA_blur_v2,0.8571,0.849,0.008099999999999996,0.849,0.8492,0.008099999999999996,0.0,0.70705,0.3923792875289917,0.08018499542325735,54.84269270000004,0.392400860786438,0.7024235223667531,0.0008828516701778656,0.002227986929938197,sha256:496807efb7db982d8f87499daf5fa22cfa2bfaf8e0880488bb38f39f0bc38e61
cifar10,4,periodic_reset,A-B-C-A,brightness,1,cifar10_s04_periodic_reset_ABCA_brightness_v1,0.8571,0.849,0.008099999999999996,0.8492,0.8494,0.007900000000000018,-0.00019999999999997797,0.7938,0.2968433073759079,0.08018499542325735,55.68199049999998,0.297091657413712,0.5679520247857782,0.0007054249780352782,0.003118142718449235,sha256:0c5d4f84ad61fdb0ad1e310b10799127b8faa15f734c7c4c2ad19419eb2a2ea6
cifar10,4,periodic_reset,A-B-C-A,brightness,2,cifar10_s04_periodic_reset_ABCA_brightness_v2,0.8571,0.849,0.008099999999999996,0.849,0.8492,0.008099999999999996,0.0,0.78695,0.30099232195615766,0.08018499542325735,54.87627160000011,0.30023368080205554,0.5643084494373466,0.0006921658472193381,0.002227986929938197,sha256:f166397c759018b8f43f3eec9c4621203d975fee1a3a02e0e184ebe83028161c
cifar10,4,periodic_reset,A-B-C-A,contrast,1,cifar10_s04_periodic_reset_ABCA_contrast_v1,0.8571,0.849,0.008099999999999996,0.8492,0.8494,0.007900000000000018,-0.00019999999999997797,0.7926,0.29587480282783507,0.08018499542325735,59.065299000000095,0.29625526608168323,0.5738530287259742,0.0007131761335988847,0.003118142718449235,sha256:14360f2f3367b6b751541b4dac15890b9c23dd71bad2235ac8986673e91ccb4a
cifar10,4,periodic_reset,A-B-C-A,contrast,2,cifar10_s04_periodic_reset_ABCA_contrast_v2,0.8571,0.849,0.008099999999999996,0.849,0.8492,0.008099999999999996,0.0,0.78195,0.30131819375753405,0.08018499542325735,60.95335120000004,0.3005438662971122,0.57615949477576,0.0007082744325802933,0.002227986929938197,sha256:e4311732a14a277a7b5d0421afc479ca71f7b27fea90caabc037fcfe6dd53ce6
cifar10,4,periodic_reset,A-B-C-A,noise,1,cifar10_s04_periodic_reset_ABCA_noise_v1,0.8571,0.849,0.008099999999999996,0.8492,0.8494,0.007900000000000018,-0.00019999999999997797,0.7492,0.35068051126003263,0.08018499542325735,58.5215482000001,0.35180520049378844,0.6603848583336118,0.000828097586938522,0.003118142718449235,sha256:febc05c9a04c33b3f692b75cda0837a29adc4b192ea04afdc2831b64d86f5c06
cifar10,4,periodic_reset,A-B-C-A,noise,2,cifar10_s04_periodic_reset_ABCA_noise_v2,0.8571,0.849,0.008099999999999996,0.849,0.8492,0.008099999999999996,0.0,0.67035,0.42221001398563385,0.08018499542325735,59.89040490000002,0.42163016090664684,0.744581139163126,0.0009313234418359455,0.002227986929938197,sha256:01ee79782041e4fce65a1a2fca80fb8da0af9a8c811b1e2e10c1884e9c4c27ba
cifar10,4,periodic_reset,A-B-C-A,rotation,1,cifar10_s04_periodic_reset_ABCA_rotation_v1,0.8571,0.849,0.008099999999999996,0.8492,0.8494,0.007900000000000018,-0.00019999999999997797,0.53495,0.491012092590332,0.08018499542325735,48.86477509999986,0.49259975609145584,0.7760929951939401,0.0009761151461272582,0.003118142718449235,sha256:4e5afa8cce403b38ca14187cbdee1a9e331f93fd956711fe0d320d069c134f04
cifar10,4,periodic_reset,A-B-C-A,rotation,2,cifar10_s04_periodic_reset_ABCA_rotation_v2,0.8571,0.849,0.008099999999999996,0.849,0.8492,0.008099999999999996,0.0,0.5628,0.4595969688653946,0.08018499542325735,47.96688710000012,0.4600067470647112,0.739773355330093,0.0009225169627756304,0.002227986929938197,sha256:30b61ea739d9311a4dd160e22653c60a159b2ea219bc2e460d7fe0a5e421b102
cifar10,4,source,A-B-A,blur,1,cifar10_s04_source_ABA_blur_v1,0.8571,0.8571,0.0,0.8571,0.8571,0.0,0.0,0.5261,0.5569337455749511,0.08018499542325735,3.7006933000011486,0.5564433536197566,0.0,0.0,0.0,sha256:f7ac8956444eb12e58662e9a3e27f20a9eee13e801af580720fbb93d81a3220e
cifar10,4,source,A-B-A,blur,2,cifar10_s04_source_ABA_blur_v2,0.8571,0.8571,0.0,0.8571,0.8571,0.0,0.0,0.2938,0.5764648420333862,0.08018499542325735,11.059239499998512,0.5756589830676212,0.0,0.0,0.0,sha256:5fee36f55c8f0b587035863a06cfa1bfa71aebde4626974908b5b6a5b9c419b7
cifar10,4,source,A-B-A,brightness,1,cifar10_s04_source_ABA_brightness_v1,0.8571,0.8571,0.0,0.8571,0.8571,0.0,0.0,0.8438,0.26610022630691527,0.08018499542325735,13.094050400002743,0.2650081598306004,0.0,0.0,0.0,sha256:84cf6595cdc7c2ee929502f7a78243f4e8fba7cc251b8f5e99b1815d10a84353
cifar10,4,source,A-B-A,brightness,2,cifar10_s04_source_ABA_brightness_v2,0.8571,0.8571,0.0,0.8571,0.8571,0.0,0.0,0.8078,0.3245564482688904,0.08018499542325735,13.738443400005053,0.3237788650808455,0.0,0.0,0.0,sha256:046ae20fa5a6c93264d75fe89da2ec95112b21bee00cce7c1ae5fd114c797c2e
cifar10,4,source,A-B-A,contrast,1,cifar10_s04_source_ABA_contrast_v1,0.8571,0.8571,0.0,0.8571,0.8571,0.0,0.0,0.8395,0.26376270432472226,0.08018499542325735,10.818336199998157,0.263540495422822,0.0,0.0,0.0,sha256:9b6f8d574540594fbff1d2d30af20a167ad5d7a136eb2901ad12ddbff5bb1148
cifar10,4,source,A-B-A,contrast,2,cifar10_s04_source_ABA_contrast_v2,0.8571,0.8571,0.0,0.8571,0.8571,0.0,0.0,0.759,0.3684373049259186,0.08018499542325735,9.056852300003811,0.3683247196523449,0.0,0.0,0.0,sha256:0c5b8a374208b90ac242783605d446621454ca85d0f3209f85b8ca8b61d31748
cifar10,4,source,A-B-A,noise,1,cifar10_s04_source_ABA_noise_v1,0.8571,0.8571,0.0,0.8571,0.8571,0.0,0.0,0.6175,0.5017258745193481,0.08018499542325735,13.536840500004473,0.502659674309477,0.0,0.0,0.0,sha256:4847b3e7d5d76be1fbad606b27d97ab51fcd86b7cc23c4418bbda7ec2576e170
cifar10,4,source,A-B-A,noise,2,cifar10_s04_source_ABA_noise_v2,0.8571,0.8571,0.0,0.8571,0.8571,0.0,0.0,0.2808,0.5801006051063538,0.08018499542325735,5.140854400000535,0.5804260305211514,0.0,0.0,0.0,sha256:35f153abb731ef6f039a79997917794f4fb31126022a0d57eff01401bda5c3de
cifar10,4,source,A-B-A,rotation,1,cifar10_s04_source_ABA_rotation_v1,0.8571,0.8571,0.0,0.8571,0.8571,0.0,0.0,0.3182,0.7526364259719849,0.08018499542325735,10.086050800004159,0.7551605678811858,0.0,0.0,0.0,sha256:927b039a49c38e5d19ab79fb302f6a48852a85f96ec8421704419886c5ff96b4
cifar10,4,source,A-B-A,rotation,2,cifar10_s04_source_ABA_rotation_v2,0.8571,0.8571,0.0,0.8571,0.8571,0.0,0.0,0.3763,0.7037810021877289,0.08018499542325735,9.943552500000806,0.701520702884167,0.0,0.0,0.0,sha256:13452f672e43c0eddb924f0ee86d4ef49d3f43c02a588a5f37452e108de40bed
cifar10,4,source,A-B-C-A,blur,1,cifar10_s04_source_ABCA_blur_v1,0.8571,0.8571,0.0,0.8571,0.8571,0.0,0.0,0.62615,0.5012614284992218,0.08018499542325735,21.88009250000323,0.5011084660699096,0.0,0.0,0.0,sha256:ef38568cb6d2053c78c85ef50ee0f8840d7765d701361aaa8effc46fc9c71437
cifar10,4,source,A-B-C-A,blur,2,cifar10_s04_source_ABCA_blur_v2,0.8571,0.8571,0.0,0.8571,0.8571,0.0,0.0,0.5112,0.5103094222545623,0.08018499542325735,22.071079200002714,0.5096517674907853,0.0,0.0,0.0,sha256:686ffa6e1312b4220ea0bbe3dd6a041869fc60c0d289ea95f69d7bde27bc506f
cifar10,4,source,A-B-C-A,brightness,1,cifar10_s04_source_ABCA_brightness_v1,0.8571,0.8571,0.0,0.8571,0.8571,0.0,0.0,0.785,0.3558446688652039,0.08018499542325735,18.309307000003173,0.3553908691753315,0.0,0.0,0.0,sha256:d9f73cda877c93319b805f70db04c7e9c5c6f747b4708e787737b1dfffecae71
cifar10,4,source,A-B-C-A,brightness,2,cifar10_s04_source_ABCA_brightness_v2,0.8571,0.8571,0.0,0.8571,0.8571,0.0,0.0,0.7682,0.3843552253723145,0.08018499542325735,18.458514300000388,0.3837117084973975,0.0,0.0,0.0,sha256:983f3ab9a8ac88d0c9136d4d26515b71265a277a3da4485a63756faf1bef8da9
cifar10,4,source,A-B-C-A,contrast,1,cifar10_s04_source_ABCA_contrast_v1,0.8571,0.8571,0.0,0.8571,0.8571,0.0,0.0,0.78285,0.35467590787410735,0.08018499542325735,14.557339100007084,0.3546570369714423,0.0,0.0,0.0,sha256:69ee0923cf767c2fc9be478c6901ec5b6488aa7a7355a9af2a44b4f90d75e657
cifar10,4,source,A-B-C-A,contrast,2,cifar10_s04_source_ABCA_contrast_v2,0.8571,0.8571,0.0,0.8571,0.8571,0.0,0.0,0.7438,0.40629565370082854,0.08018499542325735,6.991558599998825,0.4059846357831472,0.0,0.0,0.0,sha256:d9921a8a2aa74d133764196ec5eee11ac5b9fba7dc870d796fb12265c3bcc6b3
cifar10,4,source,A-B-C-A,noise,1,cifar10_s04_source_ABCA_noise_v1,0.8571,0.8571,0.0,0.8571,0.8571,0.0,0.0,0.67185,0.4736574929714203,0.08018499542325735,5.28012260000105,0.4742166264147698,0.0,0.0,0.0,sha256:bc6e64c64f571b8dea13302eb36d2c15018d4c2a78fc67d4731b30251a035bad
cifar10,4,source,A-B-C-A,noise,2,cifar10_s04_source_ABCA_noise_v2,0.8571,0.8571,0.0,0.8571,0.8571,0.0,0.0,0.5047,0.5121273037910461,0.08018499542325735,6.904914899998403,0.5120352912175504,0.0,0.0,0.0,sha256:9f0977246785611c83a19568fc4eedbecba4d9542d7b8a5e6a4ed411047eb37c
cifar10,4,source,A-B-C-A,rotation,1,cifar10_s04_source_ABCA_rotation_v1,0.8571,0.8571,0.0,0.8571,0.8571,0.0,0.0,0.5222,0.5991127686977387,0.08018499542325735,16.27371249999851,0.6004670732006242,0.0,0.0,0.0,sha256:f14c1f268c5d82b8c5307c71b8714a26b11a4df3f74635a0b9374df2228cb3d6
cifar10,4,source,A-B-C-A,rotation,2,cifar10_s04_source_ABCA_rotation_v2,0.8571,0.8571,0.0,0.8571,0.8571,0.0,0.0,0.55245,0.5739675023317337,0.08018499542325735,14.137026500000502,0.5725826273990583,0.0,0.0,0.0,sha256:0b06052d6d387d20967b4e3c748edba098dc857c5eaaf6e6248d187608b84325
cifar10,4,tent,A-B-A,blur,1,cifar10_s04_tent_ABA_blur_v1,0.8571,0.849,0.008099999999999996,0.8492,0.8495,0.007900000000000018,-0.00019999999999997797,0.7656,0.3316330057144165,0.08018499542325735,52.39075379999849,0.33115834789940074,0.6258776580231099,0.0006258783197395881,0.011795503087341785,sha256:7a7ba2770d039dc234d20bd2499e74f1be36c929fa440deb0418744dd19fd7ca
cifar10,4,tent,A-B-A,blur,2,cifar10_s04_tent_ABA_blur_v2,0.8571,0.849,0.008099999999999996,0.8497,0.8497,0.007399999999999962,-0.0007000000000000339,0.6803,0.4222978223323822,0.08018499542325735,52.388178200002585,0.42269032967241504,0.7606070532074457,0.0007606072077244709,0.017480120062828064,sha256:327f726da23e1a507eaada5e0766cb48548a582ad43b39b74e0032a2ff0e0b5d
cifar10,4,tent,A-B-A,brightness,1,cifar10_s04_tent_ABA_brightness_v1,0.8571,0.849,0.008099999999999996,0.8493,0.8494,0.007799999999999918,-0.000300000000000078,0.8474,0.23199610795974732,0.08018499542325735,48.001320000003034,0.23081130374081527,0.4682736932476865,0.00046827426604643653,0.006697492208331823,sha256:3f085902f486e00d0243b5ae391086297141f2c99676359654843344edad89df
cifar10,4,tent,A-B-A,brightness,2,cifar10_s04_tent_ABA_brightness_v2,0.8571,0.849,0.008099999999999996,0.8491,0.8492,0.008000000000000007,-9.999999999998899e-05,0.8396,0.2408052263021469,0.08018499542325735,47.43361870000081,0.2396711952324155,0.4858518865289567,0.00048585278880959256,0.007236734498292208,sha256:f35a45debf51084a9b47e4a908ac60457db3ad2ea3af09463618f3e44acbc0b7
cifar10,4,tent,A-B-A,contrast,1,cifar10_s04_tent_ABA_contrast_v1,0.8571,0.849,0.008099999999999996,0.8491,0.8494,0.008000000000000007,-9.999999999998899e-05,0.8449,0.2300562425136566,0.08018499542325735,57.031457999997656,0.22913604163670842,0.48006531709357153,0.0004800659308911454,0.006836079526692629,sha256:39c11d160f5bd641021e07e3414bc0059f3292e0fe54aa9e466c81f6fd9ef852
cifar10,4,tent,A-B-A,contrast,2,cifar10_s04_tent_ABA_contrast_v2,0.8571,0.849,0.008099999999999996,0.849,0.8493,0.008099999999999996,0.0,0.8294,0.24145992941856384,0.08018499542325735,57.373082899997826,0.2402986987859388,0.5095806623561473,0.0005095816376512941,0.007275309879332781,sha256:a1a0d9ffd15b01b8a4d63b50de8699802cf63a1783b6e21f37b205e225943476
cifar10,4,tent,A-B-A,noise,1,cifar10_s04_tent_ABA_noise_v1,0.8571,0.849,0.008099999999999996,0.8495,0.8494,0.00759999999999994,-0.000500000000000056,0.759,0.3392050773143768,0.08018499542325735,54.339624700005515,0.3397472199005417,0.6523793935775757,0.0006523803112250341,0.012137954123318195,sha256:91a2f57804cce26c2b0086781644b9c90f1db214e29788c6e76f3f152a1d36da
cifar10,4,tent,A-B-A,noise,2,cifar10_s04_tent_ABA_noise_v2,0.8571,0.849,0.008099999999999996,0.8492,0.8494,0.007900000000000018,-0.00019999999999997797,0.6068,0.4822082943916321,0.08018499542325735,54.283298399997875,0.48144278911095634,0.8447885256779345,0.0008447887309638288,0.01638791896402836,sha256:ee43582d84d5bfbae1f241bf433b5a274bee8a242506c3799c3c762bb88ac915
cifar10,4,tent,A-B-A,rotation,1,cifar10_s04_tent_ABA_rotation_v1,0.8571,0.849,0.008099999999999996,0.8495,0.8497,0.00759999999999994,-0.000500000000000056,0.3305,0.6193502317428589,0.08018499542325735,57.32164290000219,0.620833003068272,0.8840909834149517,0.000884090779390469,0.016240008175373077,sha256:760c611e02efd651385ba030481addb56fa13181b855e31eeda55ac2cba26786
cifar10,4,tent,A-B-A,rotation,2,cifar10_s04_tent_ABA_rotation_v2,0.8571,0.849,0.008099999999999996,0.8493,0.8497,0.007799999999999918,-0.000300000000000078,0.3917,0.5570086948394776,0.08018499542325735,57.79286000000138,0.5582043015504186,0.8361221453811549,0.0008361219897088183,0.01629466935992241,sha256:bf732adb5710f755a680c5e05c5a7209d4987f26f0a152785a4ff2a8bbfca0ba
cifar10,4,tent,A-B-C-A,blur,1,cifar10_s04_tent_ABCA_blur_v1,0.8571,0.849,0.008099999999999996,0.849,0.8491,0.008099999999999996,0.0,0.7532,0.3458138737678528,0.08018499542325735,69.90249510000285,0.3463923910373374,0.6459881414341021,0.0006459886838145601,0.02117283083498478,sha256:590f8ec528ef3fb615c1f38c63cb289e070e7b148b2913624a7d33e11fdc987a
cifar10,4,tent,A-B-C-A,blur,2,cifar10_s04_tent_ABCA_blur_v2,0.8571,0.849,0.008099999999999996,0.8493,0.8492,0.007799999999999918,-0.000300000000000078,0.70745,0.3911690831422806,0.08018499542325735,70.82719240000006,0.3911684487439409,0.7012242520157295,0.0007012241576721633,0.022373585030436516,sha256:94ff2d746c120bc7282a37ea2850da004aaceb12790c00747510223773e8dd64
cifar10,4,tent,A-B-C-A,brightness,1,cifar10_s04_tent_ABCA_brightness_v1,0.8571,0.849,0.008099999999999996,0.849,0.8492,0.008099999999999996,0.0,0.79435,0.29593884892463684,0.08018499542325735,70.55557249999401,0.2961521072289612,0.5673662710793411,0.0005673668188885845,0.019397925585508347,sha256:d1d17ffce3bdedabf87cd08664b5f72e5e1b9c836b5e37a5976687adc19f9487
cifar10,4,tent,A-B-C-A,brightness,2,cifar10_s04_tent_ABCA_brightness_v2,0.8571,0.849,0.008099999999999996,0.8493,0.8492,0.007799999999999918,-0.000300000000000078,0.7874,0.3003303092837334,0.08018499542325735,71.32650940000167,0.2995741046682189,0.5638126778074458,0.0005638127313201799,0.016592059284448624,sha256:e7dd13dccedb6b27cc725026e81eec0450ed2a06b634a9ab2c84676ec7a7195b
cifar10,4,tent,A-B-C-A,contrast,1,cifar10_s04_tent_ABCA_contrast_v1,0.8571,0.849,0.008099999999999996,0.849,0.8492,0.008099999999999996,0.0,0.7931,0.2949823831319809,0.08018499542325735,60.545365400001174,0.2953292681257936,0.5733155389375324,0.0005733160104210595,0.0193248949944973,sha256:29ef8ef8c3cfa758378c482a8c33d59be644cc996cd5855594c9fc79c3af87ce
cifar10,4,tent,A-B-C-A,contrast,2,cifar10_s04_tent_ABCA_contrast_v2,0.8571,0.849,0.008099999999999996,0.8493,0.8493,0.007799999999999918,-0.000300000000000078,0.78235,0.30062854721546173,0.08018499542325735,60.51562159999594,0.2998588008782532,0.5756490888852107,0.0005756494809454896,0.016889166086912155,sha256:9f76c54f28e045ec2d6c6c136224168f75bfae03c39fdc4545c30f52da0ec61d
cifar10,4,tent,A-B-C-A,noise,1,cifar10_s04_tent_ABCA_noise_v1,0.8571,0.849,0.008099999999999996,0.8492,0.8497,0.007900000000000018,-0.00019999999999997797,0.74995,0.34962027032375337,0.08018499542325735,63.604058899996744,0.35069728803031053,0.6593156087247631,0.0006593164259897946,0.021306058391928673,sha256:e60f77f730de3dc4c5667eba4edba843f3509e270f46d703c0a0ae36c45e0db0
cifar10,4,tent,A-B-C-A,noise,2,cifar10_s04_tent_ABCA_noise_v2,0.8571,0.849,0.008099999999999996,0.8493,0.8494,0.007799999999999918,-0.000300000000000078,0.6707,0.42102257142066957,0.08018499542325735,63.33215339999879,0.4204320685018467,0.7432896841930438,0.0007432893650234924,0.022361407056450844,sha256:c39b379e1372e458d3c2646ce7b1906f093d1d286b72265d48e33e958daea6c1
cifar10,4,tent,A-B-C-A,rotation,1,cifar10_s04_tent_ABCA_rotation_v1,0.8571,0.849,0.008099999999999996,0.8495,0.8494,0.00759999999999994,-0.000500000000000056,0.5355,0.4896808503627777,0.08018499542325735,59.749943700000586,0.491229960812798,0.775337475387356,0.0007753369075694133,0.02392571233212948,sha256:c6c2baf38d8c3651a68cdf34a8052996a218cb2b8eebcc3f53c5e6371abf4afe
cifar10,4,tent,A-B-C-A,rotation,2,cifar10_s04_tent_ABCA_rotation_v2,0.8571,0.849,0.008099999999999996,0.849,0.8492,0.008099999999999996,0.0,0.56285,0.4583659942150116,0.08018499542325735,59.76057949999813,0.45876693499239185,0.7388972587223295,0.0007388974083852777,0.022617070004343987,sha256:aa6fa268041dd4255c65f936a81effcf9a783505d27189f63284ca80b563de6a
